Time, components/gearBox.gearBox.motor_speed, car.car.x, velocity, throttle, brake_cmd
0, 642.0997438200768, 0, 0, 0, 0
0.01, 642.0997438200768, 0, 0, 0.00999966667999946, 0
0.02, 641.7551228740062, 0, 0.008805793798978922, 0.019997333759930933, 0
0.03, 641.0667177990124, 2.4460538330497007E-05, 0.02648073267190878, 0.029991003238820143, 0
0.04, 640.0350402670637, 9.801812908579916E-05, 0.05318483976227526, 0.03997868031116357, 0
0.05, 638.6605049483574, 0.00024575379509211934, 0.08917735418634351, 0.04995837495787998, 0
0.060000000000000005, 636.9437870261511, 0.0004934686678319624, 0.13482121532349248, 0.0599281035291435, 0
0.07, 634.8863361921772, 0.0008679720437305527, 0.19058955980981296, 0.06988589031642899, 0
0.08, 632.491087003607, 0.0013973874876466999, 0.25707433436951965, 0.07982976911113136, 0
0.09, 629.763421032797, 0.002111482860895366, 0.3349971464195757, 0.0897577847471601, 0
0.09999999999999999, 626.7124554945933, 0.0030420304898386317, 0.42522247306869165, 0.0996679946249558, 0
0.10999999999999999, 623.3527568909433, 0.004223204026140553, 0.5287733140260468, 0.10955847021442952, 0
0.11999999999999998, 619.706607336993, 0.005692018787324016, 0.6468492830725542, 0.11942729853438587, 0
0.12999999999999998, 615.8069856228532, 0.007488822351414444, 0.7808469517223618, 0.1292725836060583, 0
0.13999999999999999, 611.7014631764758, 0.00965784166175434, 0.9323819350534008, 0.139092447878458, 0
0.15, 607.4572522430693, 0.01224779148134712, 1.1033116660392819, 0.14888503362331798, 0
0.16, 603.1676691950261, 0.015312546109234014, 1.2957569321441331, 0.1586485042974989, 0
0.17, 598.960268958071, 0.018911870920745495, 1.5121189039315834, 0.16838104587081473, 0
0.18000000000000002, 595.0068291720052, 0.023112201209444336, 1.755086406919351, 0.17808086811733023, 0
0.19000000000000003, 591.535152051205, 0.027987441228664756, 2.027625440947587, 0.18774620586828544, 0
0.20000000000000004, 588.842214332573, 0.03361973412018583, 2.332939455850437, 0.19737532022490403, 0
0.21000000000000005, 587.3074133624663, 0.04010012149754816, 2.6743850764192416, 0.20696649972945264, 0
0.22000000000000006, 587.4034294163581, 0.04752896893204605, 3.0553250976179727, 0.21651806149302888, 0
0.23000000000000007, 589.7005776242527, 0.056015983092095975, 3.478901279533643, 0.22602835227867102, 0
0.24000000000000007, 594.8588203947058, 0.0656795977574672, 3.9477180318727476, 0.23549574953849803, 0
0.25000000000000006, 603.6008088010506, 0.07664548117933595, 4.463449415367108, 0.2449186624037092, 0
0.26000000000000006, 616.6610180919726, 0.08904395177757791, 5.026417955558347, 0.2542955326263912, 0
0.2700000000000001, 634.7118185355797, 0.1030062238763511, 5.635237007396854, 0.2636248354722034, 0
0.2800000000000001, 658.2770219890049, 0.11865966000800902, 6.286636576432264, 0.2729050805631328, 0
0.2900000000000001, 687.6533015090752, 0.13612253938698754, 6.975574938095056, 0.2821348126696342, 0
0.3000000000000001, 722.86314450642, 0.15549913643725158, 7.695660311332152, 0.291312612451591, 0
0.3100000000000001, 763.6548554872461, 0.17687597063539645, 8.439795744172551, 0.3004370971476542, 0
0.3200000000000001, 809.5483868820727, 0.20031984770254244, 9.200879199301841, 0.30950692121263856, 0
0.3300000000000001, 859.9101635632999, 0.22587784547838088, 9.972388914152152, 0.318520776902771, 0
0.34000000000000014, 914.034163966253, 0.2535789257954702, 10.748754082673935, 0.32747739480870547, 0
0.35000000000000014, 971.2111034087245, 0.28343657602512, 11.525500791380546, 0.3363755443363324, 0
0.36000000000000015, 1030.7770263750613, 0.3154518560011771, 12.299224924825515, 0.34521403413552104, 0
0.37000000000000016, 1092.1409739488074, 0.349616369681248, 13.06746324328184, 0.35399171247704614, 0
0.38000000000000017, 1154.796001063435, 0.3859148786903642, 13.82852369793871, 0.3627074675780513, 0
0.3900000000000002, 1218.3190335905906, 0.4243274445179718, 14.581315077542387, 0.37136022787650785, 0
0.4000000000000002, 1282.3643540044607, 0.46483109751114504, 15.32519666158128, 0.37994896225522506, 0
0.4100000000000002, 1346.6541635016472, 0.5074010882377598, 16.059855186269473, 0.38847268021606124, 0
0.4200000000000002, 1410.9683913760632, 0.5520117970885083, 16.785208940332705, 0.3969304320050777, 0
0.4300000000000002, 1475.134959909164, 0.5986373774783214, 17.501335443023383, 0.40532130868946314, 0
0.4400000000000002, 1539.02107840167, 0.6472521981533863, 18.208418183234503, 0.4136444421871353, 0
0.45000000000000023, 1602.525761055835, 0.6978311375512599, 18.90670809863932, 0.4218990052500081, 0
0.46000000000000024, 1665.5735576728173, 0.7503497711585914, 19.59649613264282, 0.43008421140197967, 0
0.47000000000000025, 1728.1093874391481, 0.8047844826381547, 20.27809395887813, 0.4381993148327679, 0
0.48000000000000026, 1790.094328896484, 0.8611125214128162, 20.951820647604784, 0.44624361024877984, 0
0.49000000000000027, 1851.5022148051596, 0.9193120232117185, 21.617993612503845, 0.4542164326822593, 0
0.5000000000000002, 1912.3168920319347, 0.9793620054686736, 22.276922616715, 0.4621171572600099, 0
0.5100000000000002, 1972.530024301001, 1.0412423460706597, 22.92890594978202, 0.4699451989330378, 0
0.5200000000000002, 2032.139334631787, 1.1049337514867208, 23.574228133734415, 0.47770001216849817, 0
0.5300000000000002, 2091.1472021229984, 1.1704177185248719, 24.21315869689334, 0.4853810906053717, 0
0.5400000000000003, 2149.559543430938, 1.237676492682909, 24.845951684874567, 0.4929879666753245, 0
0.5500000000000003, 2207.384922578524, 1.306693025140894, 25.47284567277262, 0.5005202111902354, 0
0.5600000000000003, 2264.6338437285394, 1.3774509297874846, 26.094064110551976, 0.5079774328978963, 0
0.5700000000000003, 2321.318190522581, 1.4499344412056845, 26.709815882568652, 0.5153592780074099, 0
0.5800000000000003, 2377.45078283167, 1.5241283742128195, 27.320295997246316, 0.5226654296858211, 0
0.5900000000000003, 2433.045027582147, 1.6000180853162815, 27.9256863481063, 0.5298956075275296, 0
0.6000000000000003, 2488.114644975799, 1.6775894362832435, 28.526156505389938, 0.5370495669980355, 0
0.6100000000000003, 2542.6734551412096, 1.7568287599093266, 29.121864510420398, 0.5441270988535677, 0
0.6200000000000003, 2596.73521322082, 1.8377228279938278, 29.712957654068962, 0.5511280285381471, 0
0.6300000000000003, 2650.313483266649, 1.9202588214773526, 30.299573227252445, 0.5580522155596246, 0
0.6400000000000003, 2703.421543209585, 2.004424302664165, 30.881839236037692, 0.5648995528462253, 0
0.6500000000000004, 2756.0723146798255, 2.090207189430936, 31.459875077200728, 0.5716699660851174, 0
0.6600000000000004, 2808.2783126674462, 2.1775957313120493, 32.03379217236819, 0.578363413044506, 0
0.6700000000000004, 2860.0516109834666, 2.2665784873464054, 32.60369456043551, 0.584979882880729, 0
0.6800000000000004, 2911.4038202621946, 2.3571443055698373, 33.1696794490111, 0.5915193954318168, 0
0.6900000000000004, 2962.3460758735396, 2.4492823040393126, 33.73183772632404, 0.5979820004989416, 0
0.7000000000000004, 1885.6142180685877, 2.5429818532791018, 34.29025443546022, 0.6043677771171637, 0
0.7100000000000004, 1916.7169184211127, 2.638232560044269, 34.84423611278778, 0.6106768328168444, 0
0.7200000000000004, 1947.6042525929104, 2.735022104802013, 35.39471932639653, 0.6169093028770652, 0
0.7300000000000004, 1978.2799375437505, 2.833340769597559, 35.941764113551194, 0.6230653495723613, 0
0.7400000000000004, 2008.7476193105624, 2.9331790032463125, 36.48542741593115, 0.6291451614140356, 0
0.7500000000000004, 2039.0108592441582, 3.0345274127350104, 37.02576324681852, 0.6351489523872875, 0
0.7600000000000005, 2069.0731237760856, 3.137376755087284, 37.562822854331806, 0.6410769611853466, 0
0.7700000000000005, 2098.9377770901483, 3.24171792968265, 38.096654879568874, 0.6469294504417669, 0
0.7800000000000005, 2128.608076175905, 3.3475419710147856, 38.62730550887881, 0.6527067059619902, 0
0.7900000000000005, 2158.087167827435, 3.4548400418727825, 39.15481861975728, 0.6584090359552512, 0
0.8000000000000005, 2187.378087222623, 3.563603426927664, 39.67923592007145, 0.6640367702678491, 0
0.8100000000000005, 2216.4837577785042, 3.67382352670564, 40.2005970804824, 0.669590259618771, 0
0.8200000000000005, 2245.4069920287166, 3.7854918519292022, 40.71893986005471, 0.6750698748386081, 0
0.8300000000000005, 2274.150493311467, 3.898600018207132, 41.23430022513468, 0.6804760061126621, 0
0.8400000000000005, 2302.71685809193, 4.0131397410547285, 41.74671246164574, 0.6858090622290949, 0
0.8500000000000005, 2331.108578772829, 4.129102831225967, 42.25620928099762, 0.6910694698329309, 0
0.8600000000000005, 2359.328046871909, 4.246481190339849, 42.762821919839716, 0.6962576726866818, 0
0.8700000000000006, 2387.3775564660823, 4.365266806783848, 43.2665802339108, 0.7013741309383128, 0
0.8800000000000006, 2415.259307819572, 4.485451751878045, 43.76751278625066, 0.7064193203972355, 0
0.8900000000000006, 2442.975411128218, 4.607028176284296, 44.265646930045556, 0.7113937318189627, 0
0.9000000000000006, 2470.5278903245007, 4.7299883066455335, 44.76100888638048, 0.7162978701990246, 0
0.9100000000000006, 2497.918686898225, 4.854324442441035, 45.25362381716887, 0.7211322540767001, 0
0.9200000000000006, 2525.149663696553, 4.980028953044282, 45.74351589352463, 0.7258974148490809, 0
0.9300000000000006, 2552.222608674337, 5.107094274970739, 46.230708359833805, 0.730593896095944, 0
0.9400000000000006, 2579.13923857183, 5.23551290930361, 46.71522359377434, 0.7352222529158695, 0
0.9500000000000006, 2605.901202501922, 5.365277419286317, 47.19708316252202, 0.7397830512740046, 0
0.9600000000000006, 2632.5100854333086, 5.4963804280711, 47.67630787537043, 0.7442768673618376, 0
0.9700000000000006, 2658.9674115595, 5.628814616613796, 48.152917832981615, 0.748704286969309, 0
0.9800000000000006, 2685.2746475465215, 5.7625727217054115, 48.62693247347302, 0.7530659048695524, 0
0.9900000000000007, 2711.433205654558, 5.897647534131726, 49.098370615535806, 0.7573623242165266, 0
1.0000000000000007, 2737.444446730764, 6.0340318969526585, 49.56725049876823, 0.7615941559557652, 0
1.0100000000000007, 2763.309683072103, 6.171718703893681, 50.03358982139801, 0.7657620182484391, 0
1.0200000000000007, 2789.0301811583904, 6.310700897842009, 50.49740577555704, 0.7698665359089006, 0
1.0300000000000007, 2814.6071642567526, 6.450971469440779, 50.9587150802624, 0.7739083398558423, 0
1.0400000000000007, 2840.041814899603, 6.592523455774841, 51.4175340122483, 0.7778880665771851, 0
1.0500000000000007, 2865.335277238851, 6.735349939142197, 51.873878434784736, 0.7818063576087744, 0
1.0600000000000007, 2890.48865927963, 6.879444045905488, 52.327763824610415, 0.7856638590269439, 0
1.0700000000000007, 2915.5030349971753, 7.024798945418294, 52.77920529709944, 0.7894612209549807, 0
1.0800000000000007, 2940.379446340785, 7.171407849021349, 53.22821762977398, 0.7931990970835011, 0
1.0900000000000007, 2965.118905129007, 7.319264009104054, 53.674815284267915, 0.7968781442047269, 0
1.1000000000000008, 2989.722394840302, 7.468360718227021, 54.11901242683996, 0.8004990217606299, 0
1.1100000000000008, 1808.6527112746512, 7.618691308301576, 54.56082294752854, 0.8040623914048923, 0
1.1200000000000008, 1823.2434748312535, 7.770249149822489, 55.00022400105452, 0.8075689165786146, 0
1.1300000000000008, 1837.7550217306361, 7.923027549825418, 55.437268505070314, 0.8110192620996817, 0
1.1400000000000008, 1852.18783318299, 8.077019962339502, 55.8719693745193, 0.8144140937656863, 0
1.1500000000000008, 1866.5423818416507, 8.232219877268722, 56.30433933417756, 0.817754077970288, 0
1.1600000000000008, 1880.8191322326868, 8.38862081986366, 56.73439093026862, 0.8210398813328774, 0
1.1700000000000008, 1895.0185411674581, 8.546216350225517, 57.16213654134878, 0.8242721703413979, 0
1.1800000000000008, 1909.1410581379055, 8.705000062840375, 57.58758838850255, 0.827451611008167, 0
1.1900000000000008, 1923.1871256945096, 8.864965586141771, 58.010758544885896, 0.8305788685385287, 0
1.2000000000000008, 1937.1571798069763, 9.026106582099787, 58.43165894465311, 0.8336546070121554, 0
1.2100000000000009, 1951.051650207842, 9.188416745834935, 58.8503013913021, 0.8366794890768109, 0
1.2200000000000009, 1964.87096071926, 9.351889805255219, 59.26669756547047, 0.8396541756543756, 0
1.2300000000000009, 1978.6155295633278, 9.516519520714859, 59.68085903221391, 0.8425793256589298, 0
1.2400000000000009, 1992.2857696563526, 9.68229968469323, 60.09279724779625, 0.8454555957266805, 0
1.2500000000000009, 2005.8820888875234, 9.849224121492664, 60.50252356601981, 0.8482836399575131, 0
1.260000000000001, 2019.4048903824603, 10.017286686953831, 60.91004924412238, 0.8510641096679441, 0
1.270000000000001, 2032.8545727521764, 10.186481268187505, 61.31538544826646, 0.8537976531552438, 0
1.280000000000001, 2046.2315303279715, 10.356801783321579, 61.71854325864483, 0.8564849154724976, 0
1.290000000000001, 2059.5361533828086, 10.528242181262259, 62.119533674225146, 0.859126538214366, 0
1.300000000000001, 2072.768828339725, 10.700796441468441, 62.51836761715533, 0.8617231593133066, 0
1.310000000000001, 2085.929937967823, 10.874458573738316, 62.91505593684995, 0.8642754128460113, 0
1.320000000000001, 2099.0198615663935, 11.049222618007343, 63.30960941377726, 0.8667839288498189, 0
1.330000000000001, 2112.038975137712, 11.225082644156725, 63.70203876296483, 0.869249333148855, 0
1.340000000000001, 2124.98765154904, 11.402032751831626, 64.09235463724133, 0.8716722471896523, 0
1.350000000000001, 2137.866260684352, 11.580067070268408, 64.48056763023064, 0.8740532878860072, 0
1.360000000000001, 2150.6751695862936, 11.75917975813016, 64.8666882791138, 0.8763930674728231, 0
1.370000000000001, 2163.4147425888764, 11.93936500334992, 65.25072706717332, 0.878692193368696, 0
1.380000000000001, 2176.08534144137, 12.120617022980957, 65.6326944261336, 0.8809512680469972, 0
1.390000000000001, 2188.6873254238753, 12.30293006305355, 66.0126007383105, 0.8831708889152078, 0
1.400000000000001, 2201.2210514550034, 12.486298398437746, 66.3904563385822, 0.8853516482022628, 0
1.410000000000001, 2213.6868741921094, 12.670716332711585, 66.76627151619294, 0.8874941328536655, 0
1.420000000000001, 2226.0851461244815, 12.856178198034343, 67.1400565164007, 0.8895989244341316, 0
1.430000000000001, 2238.4162176598893, 13.042678355024345, 67.5118215419787, 0.8916665990375281, 0
1.440000000000001, 2250.6804372048587, 13.230211192640953, 67.88157675458075, 0.8936977272038727, 0
1.450000000000001, 2262.8781512390506, 13.418771128070343, 68.24933227597947, 0.8956928738431648, 0
1.460000000000001, 2275.0097043840788, 13.60835260661473, 68.61509818918587, 0.8976525981658169, 0
1.470000000000001, 2287.075439467102, 13.79895010158469, 68.97888453945846, 0.8995774536194672, 0
1.480000000000001, 2299.075697579504, 13.990558114194297, 69.3407013352095, 0.9014679878319469, 0
1.490000000000001, 2311.010818130954, 14.183171173458767, 69.70055854881551, 0.9033247425601898, 0
1.500000000000001, 2322.881138899151, 14.376783836094365, 70.05846611733891, 0.9051482536448666, 0
1.5100000000000011, 2334.6869960754975, 14.571390686420306, 70.41443394316697, 0.9069390509705373, 0
1.5200000000000011, 2346.4287243069766, 14.766986336262438, 70.76847189457412, 0.9086976584311128, 0
1.5300000000000011, 2358.106656734474, 14.963565424858476, 71.12058980621327, 0.9104245939004267, 0
1.5400000000000011, 2369.7211250277674, 15.161122618764624, 71.47079747954135, 0.9121203692077176, 0
1.5500000000000012, 2381.2724594174065, 15.35965261176335, 71.81910468318405, 0.913785490117828, 0
1.5600000000000012, 2392.7609887237004, 15.559150124772195, 72.16552115324444, 0.9154204563159326, 0
1.5700000000000012, 2404.187040382984, 15.759609905753429, 72.51005659355981, 0.9170257613966085, 0
1.5800000000000012, 2415.550940471375, 15.961026729624429, 72.85272067591086, 0.9186018928570673, 0
1.5900000000000012, 2426.8530137261773, 16.163395398168625, 73.1935230401871, 0.9201493320943727, 0
1.6000000000000012, 2438.0935835651044, 16.36671073994692, 73.532473294512, 0.9216685544064714, 0
1.6100000000000012, 2449.2729721034766, 16.570967610209454, 73.86958101533145, 0.9231600289968693, 0
1.6200000000000012, 2460.391500169536, 16.776160890807596, 74.20485574746853, 0.9246242189827882, 0
1.6300000000000012, 2471.4494873180192, 16.98228549010612, 74.5383070041476, 0.9260615814066461, 0
1.6400000000000012, 2482.447251842124, 17.189336342895416, 74.86994426699064, 0.9274725672507035, 0
1.6500000000000012, 2493.385110783982, 17.397308410303722, 75.19977698598838, 0.9288576214547278, 0
1.6600000000000013, 2504.2633799437567, 17.606196679709246, 75.5278145794484, 0.9302171829365264, 0
1.6700000000000013, 2515.082373887478, 17.81599616465216, 75.85406643392298, 0.9315516846152084, 0
1.6800000000000013, 2525.842405953716, 18.02670190474639, 76.17854190411849, 0.9328615534370351, 0
1.6900000000000013, 2536.5437882591787, 18.238308965591163, 76.5012503127883, 0.9341472104037277, 0
1.7000000000000013, 2547.1868317033445, 18.45081243868224, 76.82220095061132, 0.9354090706030991, 0
1.7100000000000013, 2557.7718459721873, 18.66420744132283, 77.1414030760577, 0.9366475432418874, 0
1.7200000000000013, 2568.2991395410936, 18.8784891165341, 77.45886591524325, 0.9378630316806653, 0
1.7300000000000013, 2578.769019677041, 19.093652632965334, 77.77459866177448, 0.9390559334707118, 0
1.7400000000000013, 2589.1817924401003, 19.309693184803596, 78.08861047658503, 0.9402266403927276, 0
1.7500000000000013, 2599.5377626843356, 19.526605991683, 78.40091048776546, 0.9413755384972875, 0
1.7600000000000013, 2609.837234058151, 19.744386298593458, 78.71150779038713, 0.9425030081469201, 0
1.7700000000000014, 2620.080509004161, 19.963029375788977, 79.02041144632155, 0.9436094240597149, 0
1.7800000000000014, 2630.267888758609, 20.182530518695426, 79.32763048405603, 0.9446951553543539, 0
1.7900000000000014, 2640.3996733504137, 20.402885047817804, 79.63317389850698, 0.945760565596474, 0
1.8000000000000014, 2650.4761615998636, 20.62408830864699, 79.93705065083117, 0.9468060128462684, 0
1.8100000000000014, 2660.497651117019, 20.846135671565964, 80.23926966823639, 0.9478318497072342, 0
1.8200000000000014, 2670.464438299858, 21.06902253175551, 80.53983984379175, 0.9488384233759848, 0
1.8300000000000014, 2680.376818332194, 21.292744309099376, 80.8387700362388, 0.9498260756930405, 0
1.8400000000000014, 2690.2350851814135, 21.517296448088928, 81.13606906980358, 0.9507951431945213, 0
1.8500000000000014, 2700.039531596062, 21.742674417727272, 81.43174573401072, 0.9517459571646617, 0
1.8600000000000014, 2709.790449103294, 21.968873711432856, 81.72580878349972, 0.9526788436890777, 0
1.8700000000000014, 2719.48812800624, 22.195889846942578, 82.01826693784416, 0.953594123708712, 0
1.8800000000000014, 2729.1328573812866, 22.423718366214366, 82.30912888137412, 0.9544921130743922, 0
1.8900000000000015, 2738.724925075326, 22.652354835329295, 82.59840326300238, 0.9553731226019356, 0
1.9000000000000015, 2748.2646177029615, 22.88179484439319, 82.88609869605459, 0.9562374581277392, 0
1.9100000000000015, 2757.7522206437184, 23.11203400743779, 83.17222375810388, 0.9570854205647931, 0
1.9200000000000015, 2767.1880180392595, 23.34306796232141, 83.45678699081017, 0.9579173059590635, 0
1.9300000000000015, 2776.5722927906327, 23.574892370629215, 83.73979689976441, 0.9587334055461877, 0
1.9400000000000015, 2785.905326555562, 23.807502917573004, 84.021261954338, 0.9595340058084293, 0
1.9500000000000015, 2795.187399745791, 24.04089531189061, 84.3011905875377, 0.9603193885318451, 0
1.9600000000000015, 2804.418791524504, 24.27506528574488, 84.57959119586597, 0.961089830863614, 0
1.9700000000000015, 2813.5997798038256, 24.510008594622285, 84.85647213918725, 0.9618456053694838, 0
1.9800000000000015, 2822.7306412424105, 24.745721017231137, 85.13184174059994, 0.962586980091291, 0
1.9900000000000015, 2831.8116512431397, 24.98219835539947, 85.40570828631455, 0.9633142186045135, 0
2.0000000000000013, 2840.8430839509233, 25.219436433972565, 85.67808002553775, 0.964027580075817, 0
2.010000000000001, 2849.8252122506233, 25.45743110071017, 85.9489651703628, 0.9647273193205548, 0
2.020000000000001, 2858.7583077651, 25.6961782261834, 86.21837189566601, 0.9654136868601892, 0
2.0300000000000007, 2867.6426408533894, 25.93567370367136, 86.48630833900965, 0.9660869289795985, 0
2.0400000000000005, 2876.478480609016, 26.175913449057497, 86.75278260055106, 0.9667472877842368, 0
2.0500000000000003, 2885.2660948584476, 26.416893400725694, 87.01780274295812, 0.9673950012571181, 0
2.06, 2894.0057501596893, 26.658609519456135, 87.28137679133104, 0.9680303033155948, 0
2.07, 2902.697711801035, 26.901057788320944, 87.54351273313048, 0.9686534238679029, 0
2.0799999999999996, 2911.3422437999575, 27.14423421257964, 87.80421851811198, 0.9692645888694489, 0
2.0899999999999994, 2919.9396089021584, 27.388134819574397, 88.06350205826665, 0.9698640203788144, 0
2.099999999999999, 2928.490068580774, 27.632755658625136, 88.32137122776805, 0.9704519366134539, 0
2.109999999999999, 2936.9938830357264, 27.87809280092449, 88.57783386292542, 0.9710285520050662, 0
2.1199999999999988, 2945.4513111932447, 28.124142339432616, 88.83289776214285, 0.9715940772546177, 0
2.1299999999999986, 2953.8626107055343, 28.3709003887719, 89.08657068588462, 0.9721487193869991, 0
2.1399999999999983, 2962.2280379506055, 28.61836308512158, 89.33886035664668, 0.9726926818052981, 0
2.149999999999998, 2970.5478480322618, 28.866526586112265, 89.5897744589338, 0.9732261643446704, 0
2.159999999999998, 2978.8222947802406, 29.115387070720413, 89.83932063924283, 0.9737493633257943, 0
2.1699999999999977, 2987.0516307505163, 29.364940739162755, 90.08750650605161, 0.9742624716078949, 0
2.1799999999999975, 2995.2361072257486, 29.615183812790676, 90.33433962981368, 0.9747656786413225, 0
2.1899999999999973, 3003.3759742158973, 29.8661125339846, 90.57982754295843, 0.975259170519675, 0
2.199999999999997, 3011.47148045898, 30.117723166048375, 90.82397773989696, 0.9757431300314514, 0
2.209999999999997, 3019.522873421982, 30.370011993103645, 91.06679767703326, 0.9762177367112259, 0
2.2199999999999966, 3027.53039930192, 30.622975319984292, 91.30829477278068, 0.9766831668903337, 0
2.2299999999999964, 3035.494303027051, 30.876609472130905, 91.54847640758373, 0.9771395937470585, 0
2.239999999999996, 3043.4148282582228, 31.130910795485306, 91.78734992394482, 0.977587187356314, 0
2.249999999999996, 3051.292217390372, 31.385875656385153, 92.0249226264562, 0.9780261147388134, 0
2.259999999999996, 3059.1267115541623, 31.641500441458643, 92.26120178183675, 0.9784565399097166, 0
2.2699999999999956, 3066.9185506177582, 31.897781557519302, 92.49619461897342, 0.9788786239267535, 0
2.2799999999999954, 3074.6679731887384, 32.15471543146089, 92.72990832896767, 0.9792925249378163, 0
2.289999999999995, 3082.3752166161403, 32.41229851015247, 92.96235006518611, 0.9796983982280143, 0
2.299999999999995, 3090.040516992632, 32.67052726033354, 93.193526943316, 0.9800963962661912, 0
2.3099999999999947, 3097.6641091568213, 32.92939816850942, 93.42344604142475, 0.9804866687508971, 0
2.3199999999999945, 3105.2462266956813, 33.188907740846716, 93.65211440002405, 0.9808693626558165, 0
2.3299999999999943, 3112.787101947098, 33.449052503069005, 93.87953902213773, 0.981244622274646, 0
2.339999999999994, 3120.286966002551, 33.70982900035272, 94.10572687337414, 0.9816125892654236, 0
2.349999999999994, 3127.7460487098883, 33.971233797223206, 94.33068488200192, 0.9819734026943041, 0
2.3599999999999937, 3135.1645786762356, 34.23326347745099, 94.55441993903013, 0.9823271990787843, 0
2.3699999999999934, 3142.542783271008, 34.495914643948296, 94.77693889829165, 0.9826741124303735, 0
2.3799999999999932, 3149.8808886290244, 34.75918391866578, 94.99824857653049, 0.9830142742967111, 0
2.389999999999993, 3157.1791196537406, 35.02306794248947, 95.21835575349245, 0.9833478138031322, 0
2.399999999999993, 3164.437700020571, 35.287563375138056, 95.43726717201923, 0.98367485769368, 0
2.4099999999999926, 3171.656852180319, 35.552666895060334, 95.6549895381458, 0.9839955303715673, 0
2.4199999999999924, 3178.836797362696, 35.81837519933296, 95.87152952120101, 0.9843099539390885, 0
2.429999999999992, 3185.9777555799446, 36.08468500355852, 96.0868937539113, 0.9846182482369831, 0
2.439999999999992, 3193.079945630539, 36.35159304176383, 96.3010888325073, 0.984920530883253, 0
2.4499999999999917, 3200.1435851029864, 36.61909606629857, 96.5141213168335, 0.9852169173114358, 0
2.4599999999999915, 3207.168890379706, 36.88719084773422, 96.72599773046048, 0.9855075208083369, 0
2.4699999999999913, 3214.1560766409875, 37.15587417476328, 96.93672456080009, 0.9857924525512223, 0
2.479999999999991, 3221.105357869038, 37.42514285409883, 97.14630825922305, 0.9860718216444756, 0
2.489999999999991, 3228.016946852102, 37.69499371037445, 97.35475524117919, 0.9863457351557234, 0
2.4999999999999907, 3234.891055188648, 37.96542358604439, 97.56207188632, 0.9866142981514301, 0
2.5099999999999905, 3241.7278932916383, 38.236429341284165, 97.76826453862357, 0.9868776137319674, 0
2.5199999999999902, 3248.527670392862, 38.50800785389145, 97.97333950652181, 0.9871357830661625, 0
2.52999999999999, 3255.2905945473303, 38.780156019187345, 98.17730306302975, 0.9873889054253281, 0
2.53999999999999, 3262.0168726377433, 39.052870749917986, 98.38016144587698, 0.9876370782167775, 0
2.5499999999999896, 3268.706710379012, 39.32614897615653, 98.58192085764098, 0.9878803970168315, 0
2.5599999999999894, 3275.3603123228386, 39.59998764520554, 98.78258746588253, 0.9881189556033191, 0
2.569999999999989, 3281.977881862362, 39.874383721499655, 98.98216740328276, 0.9883528459875768, 0
2.579999999999989, 3288.5596212368405, 40.149334186508774, 99.18066676778201, 0.9885821584459531, 0
2.5899999999999888, 3295.1057315364046, 40.4248360386415, 99.37809162272046, 0.9888069815508201, 0
2.5999999999999885, 3301.616412706843, 40.70088629314906, 99.57444799698021, 0.989027402201099, 0
2.6099999999999883, 3308.091863554446, 40.97748198202956, 99.76974188512894, 0.9892435056523026, 0
2.619999999999988, 3314.532281750887, 41.25462015393269, 99.96397924756504, 0.9894553755461024, 0
2.629999999999988, 3320.9378638381536, 41.53229787406482, 100.1571660106641, 0.9896630939394226, 0
2.6399999999999877, 3327.3088052335083, 41.81051222409444, 100.34930806692674, 0.9898667413330673, 0
2.6499999999999875, 3333.6453002344997, 42.08926030205812, 100.54041127512752, 0.9900663966998858, 0
2.6599999999999873, 3339.9475420239987, 42.36853922226681, 100.73048146046536, 0.9902621375124825, 0
2.669999999999987, 3346.215722675275, 42.64834611521255, 100.91952441471466, 0.9904540397704734, 0
2.679999999999987, 3352.4500331571085, 42.92867812747564, 101.10754589637779, 0.9906421780272984, 0
2.6899999999999866, 3358.650663338922, 43.20953242163225, 101.29455163083844, 0.9908266254165917, 0
2.6999999999999864, 3364.817801995951, 43.490906176162355, 101.48054731051589, 0.9910074536781174, 0
2.709999999999986, 3370.9516368144327, 43.77279658535823, 101.66553859502015, 0.9911847331832742, 0
2.719999999999986, 3377.0523543968275, 44.05520085923329, 101.84953111130795, 0.991358532960176, 0
2.7299999999999858, 3383.120140267059, 44.33811622343136, 102.03253045383947, 0.9915289207183129, 0
2.7399999999999856, 3389.155178875773, 44.621539919136474, 102.21454218473573, 0.9916959628727985, 0
2.7499999999999853, 3395.157653605622, 44.905469202982964, 102.39557183393671, 0.9918597245682075, 0
2.759999999999985, 3401.127746776564, 45.189901346966124, 102.57562489936, 0.9920202697020116, 0
2.769999999999985, 3407.0656396511795, 45.47483363835323, 102.75470684705998, 0.9921776609476161, 0
2.7799999999999847, 3412.9715124400027, 45.76026337959507, 102.93282311138766, 0.992331959777005, 0
2.7899999999999845, 3418.8455443068638, 46.04618788823781, 103.10997909515073, 0.9924832264829981, 0
2.7999999999999843, 3424.68791337425, 46.33260449683545, 103.2861801697742, 0.9926315202011278, 0
2.809999999999984, 3430.4987967286697, 46.6195105528626, 103.46143167546136, 0.9927768989311366, 0
2.819999999999984, 3436.27837042603, 46.90690341862777, 103.63573892135497, 0.9929194195581068, 0
2.8299999999999836, 3442.0268094970215, 47.19478047118709, 103.80910718569889, 0.9930591378732211, 0
2.8399999999999834, 3447.744287952512, 47.48313910225847, 103.98154171599982, 0.9931961085941653, 0
2.849999999999983, 3453.4309787889365, 47.771976718136244, 104.15304772918924, 0.993330385385173, 0
2.859999999999983, 3459.087053993706, 48.061290739606214, 104.32363041178557, 0.9934620208767225, 0
2.869999999999983, 3464.7126845506036, 48.351078601861175, 104.49329492005641, 0.9935910666848861, 0
2.8799999999999826, 3470.3080404451975, 48.64133775441689, 104.6620463801809, 0.993717573430341, 0
2.8899999999999824, 3475.8732906702403, 48.9320656610285, 104.82988988841205, 0.9938415907570451, 0
2.899999999999982, 3481.4086032310774, 49.223259799607426, 104.99683051123921, 0.9939631673505829, 0
2.909999999999982, 3486.914145151054, 49.51491766213864, 105.16287328555038, 0.9940823509561854, 0
2.9199999999999817, 3492.3900824769107, 49.807036754598506, 105.32802321879454, 0.9941991883964314, 0
2.9299999999999815, 3497.8365802841877, 50.09961459687293, 105.49228528914398, 0.994313725588634, 0
2.9399999999999813, 3503.2538026826137, 50.39264872267611, 105.65566444565634, 0.9944260075619152, 0
2.949999999999981, 3508.641912821498, 50.6861366794696, 105.81816560843663, 0.9945360784739776, 0
2.959999999999981, 3514.0010728951092, 50.98007602838192, 105.9797936687991, 0.9946439816275735, 0
2.9699999999999807, 3519.331444148055, 51.27446434412859, 106.14055348942884, 0.9947497594866794, 0
2.9799999999999804, 3524.6331868806437, 51.569299214932556, 106.30044990454316, 0.994853453692379, 0
2.9899999999999802, 3529.9064604542423, 51.86457824244518, 106.45948772005279, 0.9949551050784604, 0
2.99999999999998, 3535.1514232966324, 52.16029904166754, 106.61767171372279, 1.9884094371036554E-12, 0
3.00999999999998, 3530.3418879236833, 52.45645924087233, 106.47261987305643, 0, 0.009999999999979803
3.0199999999999796, 3525.353552605939, 52.75221651829749, 106.32217557215141, 0, 0.01999999999997959
3.0299999999999794, 3520.183085129096, 53.0475558948868, 106.16623831492727, 0, 0.029999999999979376
3.039999999999979, 3514.827160244994, 53.342462112428265, 106.00470781547983, 0, 0.03999999999997916
3.049999999999979, 3509.2824595238303, 53.63691963413793, 105.83748399363125, 0, 0.04999999999997895
3.0599999999999787, 3503.545671202179, 53.93091264523135, 105.66446697035383, 0, 0.05999999999997874
3.0699999999999785, 3497.6134900267466, 54.224425053482335, 105.48555706306625, 0, 0.06999999999997852
3.0799999999999783, 3491.4826170938127, 54.51744048976863, 105.30065478080044, 0, 0.07999999999997831
3.089999999999978, 3485.1497596842914, 54.809942308604185, 105.10966081923709, 0, 0.0899999999999781
3.099999999999978, 3478.611631094343, 55.101913588657624, 104.9124760556079, 0, 0.09999999999997788
3.1099999999999777, 3471.8649504614664, 55.39333713325654, 104.70900154346285, 0, 0.10999999999997767
3.1199999999999775, 3464.906442586019, 55.68419547087727, 104.4991385073005, 0, 0.11999999999997746
3.1299999999999772, 3457.732837748088, 55.97447085561977, 104.2827883370595, 0, 0.12999999999997724
3.139999999999977, 3450.3408715196515, 56.26414526766716, 104.05985258246932, 0, 0.13999999999997703
3.149999999999977, 3442.7272845719503, 56.55320041372958, 103.83023294725845, 0, 0.14999999999997682
3.1599999999999766, 3434.8888224780208, 56.84161772747196, 103.59383128321812, 0, 0.1599999999999766
3.1699999999999764, 3426.8222355103067, 57.12937836992535, 103.35054958411976, 0, 0.1699999999999764
3.179999999999976, 3418.524278433278, 57.41646322988124, 103.10028997948399, 0, 0.17999999999997618
3.189999999999976, 3409.991710290996, 57.70285292426869, 102.84295472819956, 0, 0.18999999999997597
3.1999999999999758, 3401.221294189539, 57.98852779851369, 102.57844621199027, 0, 0.19999999999997575
3.2099999999999755, 3392.2097970742298, 58.27346792688033, 102.30666692872764, 0, 0.20999999999997554
3.2199999999999753, 3382.953989501565, 58.55765311279346, 102.02751948558772, 0, 0.21999999999997533
3.229999999999975, 3373.4506454058005, 58.841062889142314, 101.74090659204995, 0, 0.2299999999999751
3.239999999999975, 3363.696541860074, 59.12367651856468, 101.446731052736, 0, 0.2399999999999749
3.2499999999999747, 3353.6884588320195, 59.405472993711165, 101.14489576008658, 0, 0.2499999999999747
3.2599999999999745, 3343.4231789337614, 59.686431037489186, 100.83530368687447, 0, 0.24000000000002553
3.2699999999999743, 3333.467421711679, 59.96652910328606, 100.53504661240508, 0, 0.23000000000002574
3.279999999999974, 3323.8165124782745, 60.24579312165385, 100.24398354896708, 0, 0.22000000000002595
3.289999999999974, 3314.465795622982, 60.52424863151209, 99.96197408413663, 0, 0.21000000000002617
3.2999999999999736, 3305.4106342074424, 60.8019207817458, 99.68887836858212, 0, 0.20000000000002638
3.3099999999999734, 3296.6464095733463, 61.07883433276964, 99.42455710424838, 0, 0.1900000000000266
3.319999999999973, 3288.1685209625775, 61.355013658059214, 99.16887153291162, 0, 0.1800000000000268
3.329999999999973, 3279.972385149365, 61.63048274565063, 98.92168342509706, 0, 0.17000000000002702
3.3399999999999728, 3272.0534360842007, 61.90526519960923, 98.68285506935095, 0, 0.16000000000002723
3.3499999999999726, 3264.407124549242, 62.17938424146854, 98.45224926185921, 0, 0.15000000000002744
3.3599999999999723, 3257.0289178249495, 62.45286271164037, 98.22972929640453, 0, 0.14000000000002766
3.369999999999972, 3249.9142993677106, 62.72572307079705, 98.0151589546546, 0, 0.13000000000002787
3.379999999999972, 3243.058768498193, 62.997987401226645, 97.80840249677371, 0, 0.12000000000002808
3.3899999999999717, 3236.4578401001977, 63.269677408162124, 97.60932465235041, 0, 0.1100000000000283
3.3999999999999715, 3230.10704432975, 63.54081442108532, 97.41779061163385, 0, 0.10000000000002851
3.4099999999999713, 3224.0019263342215, 63.811419395006524, 97.2336660170718, 0, 0.09000000000002872
3.419999999999971, 3218.138045981225, 64.08151291172061, 97.05681695514318, 0, 0.08000000000002894
3.429999999999971, 3212.5109775970786, 64.35111518104046, 96.8871099484783, 0, 0.07000000000002915
3.4399999999999706, 3207.1163097145895, 64.62024604200845, 96.7244119482599, 0, 0.06000000000002936
3.4499999999999704, 3201.94964482996, 64.88892496408694, 96.56859032689839, 0, 0.050000000000029576
3.45999999999997, 3197.006599168587, 65.15717104832832, 96.4195128709747, 0, 0.04000000000002979
3.46999999999997, 3192.2828024595347, 65.42500302852548, 96.27704777444424, 0, 0.030000000000030003
3.47999999999997, 3187.7738977184868, 65.69243927234338, 96.14106363209552, 0, 0.020000000000030216
3.4899999999999696, 3183.4755410389544, 65.95949778243254, 96.01142943325733, 0, 0.010000000000030429
3.4999999999999694, 3179.3834013915384, 66.22619619752491, 95.8880145557481, 0, 3.064215547965432E-14
3.509999999999969, 3175.4931604310536, 66.4925517935131, 95.77068876006143, 0.003999866671987442, 0
3.519999999999969, 3171.6573014800397, 66.75858148451327, 95.65500308857523, 0.00799893350395995, 0
3.5299999999999687, 3167.87577969296, 67.02428982642598, 95.54095618832817, 0.011996401295515553, 0
3.5399999999999685, 3164.1485398766395, 67.28968137139357, 95.42854639427784, 0.015991472124452843, 0
3.5499999999999683, 3160.475516463838, 67.55476066693323, 95.31777172850428, 0.019983349983139335, 0
3.559999999999968, 3156.856633496308, 67.81953225506797, 95.20862989969955, 0.02397124141164467, 0
3.569999999999968, 3153.291804617362, 68.08400067145602, 95.10111830294412, 0.027954356126558794, 0
3.5799999999999677, 3149.78093307396, 68.34817044451975, 94.99523401977041, 0.031931907644439685, 0
3.5899999999999674, 3146.3239117283006, 68.61204609457467, 94.8909738185129, 0.03590311389885112, 0
3.5999999999999672, 3142.9206230788905, 68.87563213295942, 94.7883341549442, 0.03986719784996934, 0
3.609999999999967, 3139.570939291059, 69.1389330611676, 94.68731117319572, 0.043823388085758766, 0
3.619999999999967, 3136.2747222368293, 69.40195336998204, 94.58790070696098, 0.04777091941374125, 0
3.6299999999999666, 3133.0318235441, 69.66469753861249, 94.49009828097931, 0.05170903344241018, 0
3.6399999999999664, 3129.8420846550225, 69.92717003383743, 94.393899112797, 0.05563697915137, 0
3.649999999999966, 3126.705336893463, 70.18937530915075, 94.29929811480255, 0.05955401344931394, 0
3.659999999999966, 3123.6214015414357, 70.4513178039141, 94.20628989653237, 0.06345940171898627, 0
3.6699999999999657, 3120.5900899243484, 70.71300194251558, 94.11486876724221, 0.06735241834831256, 0
3.6799999999999655, 3117.6112035049155, 70.97443213353569, 94.02502873874015, 0.07123234724691871, 0
3.6899999999999653, 3114.6845339855627, 71.23561276892107, 93.93676352847542, 0.07509848234730075, 0
3.699999999999965, 3111.8098634191274, 71.49654822316684, 93.85006656287783, 0.07895012808994815, 0
3.709999999999965, 3108.9869643276757, 71.75724285250817, 93.7649309809414, 0.08278659989176756, 0
3.7199999999999647, 3106.215599829203, 72.0177009941219, 93.68134963804631, 0.08660722459719804, 0
3.7299999999999645, 3103.495523772009, 72.2779269653387, 93.59931511001189, 0.09041134091145486, 0
3.7399999999999642, 3100.8264808764998, 72.5379250628665, 93.51881969737369, 0.09419829981538565, 0
3.749999999999964, 3098.2082068841714, 72.79769956202588, 93.43985542987743, 0.0979674649614701, 0
3.759999999999964, 3095.6404287135288, 73.05725471599777, 93.36241407118153, 0.1017182130505429, 0
3.7699999999999636, 3093.122864622658, 73.31659475508438, 93.28648712376082, 0.10544993418886775, 0
3.7799999999999634, 3090.6552243781857, 73.57572388598372, 93.21206583400247, 0.10916203222523949, 0
3.789999999999963, 3088.2372094303378, 73.83464629107817, 93.13914119748614, 0.11285392506784005, 0
3.799999999999963, 3085.8685130938093, 74.09336612773785, 93.0677039644392, 0.11652504498062276, 0
3.8099999999999627, 3083.548820734149, 74.35188752763908, 92.99774464535831, 0.12017483885904805, 0
3.8199999999999625, 3081.277809959351, 74.6102145960984, 92.92925351678797, 0.1238027684850418, 0
3.8299999999999623, 3079.055150816355, 74.86835141142281, 92.86222062724717, 0.12740831076109477, 0
3.839999999999962, 3076.880505992129, 75.12630202427627, 92.79663580329427, 0.13099095792346857, 0
3.849999999999962, 3074.7535310190433, 75.3840704570632, 92.73248865572096, 0.1345502177345193, 0
3.8599999999999617, 3072.6738744841887, 75.6416607033291, 92.66976858586564, 0.13808561365419483, 0
3.8699999999999615, 3070.641178242348, 75.89907672717872, 92.60846479203657, 0.14159668499080486, 0
3.8799999999999613, 3068.655077632283, 76.15632246271215, 92.5485662760351, 0.14508298703120695, 0
3.889999999999961, 3066.7152016960254, 76.41340181347891, 92.49006184976965, 0.1485440911505896, 0
3.899999999999961, 3064.8211734008496, 76.6703186519505, 92.43294014195023, 0.1519795849020765, 0
3.9099999999999606, 3062.9726098636124, 76.92707681901148, 92.37718960485456, 0.15538907208641098, 0
3.9199999999999604, 3061.169122577135, 77.1836801234694, 92.32279852115582, 0.15877217280201764, 0
3.92999999999996, 3059.4103176383305, 77.44013234158372, 92.26975501080268, 0.16212852347577184, 0
3.93999999999996, 3057.6957959777465, 77.69643721661373, 92.21804703794241, 0.16545777687484078, 0
3.9499999999999598, 3056.0251535902366, 77.9525984583858, 92.16766241787765, 0.16875960209998989, 0
3.9599999999999596, 3054.397981766443, 78.2086197428799, 92.11858882404788, 0.17203368456077855, 0
3.9699999999999593, 3052.813867324803, 78.46450471183559, 92.07081379502652, 0.1752797259330939, 0
3.979999999999959, 3051.2723928437863, 78.72025697237733, 92.02432474152513, 0.1784974440994987, 0
3.989999999999959, 3049.7731368940767, 78.97588009665934, 91.97910895339574, 0.18168657307289052, 0
3.9999999999999587, 3048.315674270426, 79.23137762152989, 91.93515360662323, 0.18484686290399086, 0
4.009999999999959, 3046.8995762228974, 79.48675304821495, 91.89244577029962, 0.1879780795732022, 0
4.019999999999959, 3045.5244106872465, 79.74200984202133, 91.85097241357192, 0.19108000486738638, 0
4.0299999999999585, 3044.189742514178, 79.99715143205903, 91.81072041255639, 0.19415243624213588, 0
4.039999999999958, 3042.895133697231, 80.2521812109828, 91.77167655721115, 0.19719518667011704, 0
4.049999999999958, 3041.6401435990547, 80.50710253475283, 91.73382755816041, 0.20020808447608146, 0
4.059999999999958, 3040.42432917584, 80.76191872241439, 91.69716005346302, 0.20319097315914592, 0
4.069999999999958, 3039.2472451996914, 81.01663305589624, 91.66166061531892, 0.20614371120295136, 0
4.079999999999957, 3038.108444478724, 81.27124877982767, 91.62731575670682, 0.2090661718743159, 0
4.089999999999957, 3037.007478074678, 81.52576910137408, 91.59411193794718, 0.21195824301099941, 0
4.099999999999957, 3035.9438955178634, 81.7801971900906, 91.56203557318462, 0.21481982679920184, 0
4.109999999999957, 3034.9172450192477, 82.0345361777939, 91.53107303678398, 0.21765083954141476, 0
4.119999999999957, 3033.9270736795097, 82.28878915845164, 91.5012106696352, 0.22045121141524662, 0
4.129999999999956, 3032.972927694902, 82.54295918808951, 91.47243478536161, 0.22322088622383768, 0
4.139999999999956, 3032.054352559758, 82.79704928471551, 91.44473167642715, 0.22595982113847804, 0
4.149999999999956, 3031.1708932655033, 83.05106242826115, 91.41808762013824, 0.22866798643403496, 0
4.159999999999956, 3030.3220944960344, 83.30500156053931, 91.39248888453598, 0.23134536521779048, 0
4.1699999999999555, 3029.5075008193435, 83.55886958521857, 91.36792173417506, 0.23399195315227977, 0
4.179999999999955, 3028.7266568752602, 83.8126693678135, 91.34437243578581, 0.2366077581727149, 0
4.189999999999955, 3027.979107559224, 84.06640373569068, 91.32182726381616, 0.23919280019956488, 0
4.199999999999955, 3027.2643982019626, 84.32007547809017, 91.30027250585056, 0.24174711084685388, 0
4.209999999999955, 3026.582074745019, 84.57368734616198, 91.27969446790325, 0.24427073312672623, 0
4.2199999999999545, 3025.93168391202, 84.82724205301726, 91.26007947958348, 0.24676372115081469, 0
4.229999999999954, 3025.312773375635, 85.08074227379387, 91.24141389913048, 0.24922613982893319, 0
4.239999999999954, 3024.724891920157, 85.3341906457359, 91.22368411831644, 0.251658064565603, 0
4.249999999999954, 3024.1675895996477, 85.58758976828678, 91.20687656721593, 0.25405958095490383, 0
4.259999999999954, 3023.64041789161, 85.84094220319571, 91.19097771884016, 0.2564307844741276, 0
4.269999999999953, 3023.1429298461558, 86.09425047463694, 91.17597409363539, 0.2587717801766957, 0
4.279999999999953, 3022.674680230618, 86.34751706934148, 91.16185226384418, 0.26108268238478516, 0
4.289999999999953, 3022.235225669612, 86.60074443674104, 91.14859885772924, 0.2633636143820897, 0
4.299999999999953, 3021.824124780522, 86.85393498912362, 91.13620056365916, 0.26561470810712895, 0
4.3099999999999525, 3021.4409383043976, 87.10709110180045, 91.12464413405601, 0.2678361038474978, 0
4.319999999999952, 3021.0852292322725, 87.36021511328394, 91.11391638920475, 0.2700279499354327, 0
4.329999999999952, 3020.756562926914, 87.61330932547618, 91.10400422092466, 0.2721904024450544, 0
4.339999999999952, 3020.4545072399974, 87.86637600386764, 91.09489459610317, 0.2743236248916276, 0
4.349999999999952, 3020.1786326247507, 88.1194173777457, 91.08657456009263, 0.27642778793316214, 0
4.3599999999999515, 3019.928512244069, 88.37243564041263, 91.07903123997096, 0.2785030690746625, 0
4.369999999999951, 3019.7037220741495, 88.62543294941256, 91.07225184766668, 0.28054965237531504, 0
4.379999999999951, 3019.50384100367, 88.87841142676719, 91.06622368294995, 0.2825677281588842, 0
4.389999999999951, 3019.3284509285522, 89.13137315921982, 91.0609341362903, 0.28455749272757525, 0
4.399999999999951, 3019.1771368423624, 89.38432019848729, 91.05637069158271, 0.28651914807960005, 0
4.40999999999995, 3019.0494869223876, 89.63725456151946, 91.05252092874343, 0.2884529016306704, 0
4.41999999999995, 3018.94509261145, 89.89017823076597, 91.04937252617722, 0.2903589659396228, 0
4.42999999999995, 3018.8635486955127, 90.1430931544498, 91.0469132631175, 0.2922375584383682, 0
4.43999999999995, 3018.8044533771335, 90.39600124684735, 91.04513102184161, 0.2940889011663384, 0
4.4499999999999496, 3018.767408344834, 90.64890438857469, 91.04401378976269, 0.2959132205095925, 0
4.459999999999949, 3018.75201883846, 90.9018044268796, 91.04354966140049, 0.2977107469447258, 0
4.469999999999949, 3018.757893710581, 91.15470317593903, 91.04372684023315, 0.29948171478771446, 0
4.479999999999949, 3018.7846454840187, 91.4076024171619, 91.04453364043192, 0.3012263619478119, 0
4.489999999999949, 3018.831890405579, 91.66050389949643, 91.04595848848146, 0.30294492968660175, 0
4.4999999999999485, 3018.899248496049, 91.91340933974222, 91.0479899246875, 0.3046376623822972, 0
4.509999999999948, 3018.9863435965494, 92.16632042286635, 91.05061660457471, 0.30630480729936693, 0
4.519999999999948, 3019.0928034113235, 92.4192388023235, 91.05382730017693, 0.30794661436355164, 0
4.529999999999948, 3019.2182595470354, 92.67216610037956, 91.05761090122219, 0.3095633359423284, 0
4.539999999999948, 3019.362347548664, 92.9251039084385, 91.06195641621512, 0.31115522663086564, 0
4.549999999999947, 3019.524706932078, 93.17805378737243, 91.06685297341917, 0.31272254304350144, 0
4.559999999999947, 3019.7049812133732, 93.43101726785416, 91.07228982174134, 0.3142655436107693, 0
4.569999999999947, 3019.902817935057, 93.68399585069233, 91.07825633152169, 0.31578448838198414, 0
4.579999999999947, 3020.117868689171, 93.93699100716877, 91.0847419952305, 0.3172796388333924, 0
4.589999999999947, 3020.3497891374263, 94.19000417937775, 91.09173642807549, 0.31875125768188284, 0
4.599999999999946, 3020.598239028449, 94.44303678056686, 91.0992293685218, 0.3201996087042442, 0
4.609999999999946, 3020.8628822122173, 94.69609019547941, 91.10721067872717, 0.32162495656194917, 0
4.619999999999946, 3021.1433866517677, 94.9491657806981, 91.11567034489502, 0.32302756663143817, 0
4.629999999999946, 3021.4394244322734, 95.20226486498947, 91.12459847754806, 0.3244077048398651, 0
4.6399999999999455, 3021.7506717675647, 95.45538874964933, 91.1339853117248, 0.32576563750626697, 0
4.649999999999945, 3022.0768090041784, 95.70853870884856, 91.14382120710171, 0.3271016311881078, 0
4.659999999999945, 3022.4175206230343, 95.9617159899794, 91.15409664804346, 0.3284159525331437, 0
4.669999999999945, 3022.772495238794, 96.21492181400174, 91.16480224358378, 0.3297088681365519, 0
4.679999999999945, 3023.1414255970158, 96.46815737578947, 91.17592872733938, 0.33098064440325964, 0
4.689999999999944, 3023.5240085691694, 96.72142384447653, 91.18746695735953, 0.33223154741540445, 0
4.699999999999944, 3023.9199451455897, 96.97472236380253, 91.19940791591355, 0.33346184280485525, 0
4.709999999999944, 3024.3289404264588, 97.22805405245785, 91.21174270921871, 0.33467179563071753, 0
4.719999999999944, 3024.7507036108877, 97.4814200044279, 91.22446256711095, 0.33586167026174346, 0
4.729999999999944, 3025.1849479841826, 97.73482128933655, 91.23755884266066, 0.33703173026356525, 0
4.739999999999943, 3025.631390903358, 97.98825895278839, 91.25102301173582, 0.33818223829066557, 0
4.749999999999943, 3026.0897537809847, 98.24173401670987, 91.26484667251486, 0.3393134559829987, 0
4.759999999999943, 3026.5597620674466, 98.49524747968908, 91.27902154495129, 0.3404256438671712, 0
4.769999999999943, 3027.0411452316625, 98.74880031731395, 91.29353947019244, 0.3415190612620912, 0
4.7799999999999425, 3027.5336367403615, 99.00239348250894, 91.30839240995434, 0.34259396618899274, 0
4.789999999999942, 3028.036974035976, 99.25602790586991, 91.32357244585485, 0.34365061528574026, 0
4.799999999999942, 3028.550898513208, 99.50970449599728, 91.3390717787071, 0.34468926372531655, 0
4.809999999999942, 3029.0751554943567, 99.76342413982702, 91.35488272777513, 0.3457101651383985, 0
4.819999999999942, 3029.6094942034556, 100.01718770295973, 91.37099772999397, 0.3467135715399216, 0
4.8299999999999415, 3030.1536677392814, 100.27099602998749, 91.38740933915567, 0.3476997332595362, 0
4.839999999999941, 3030.707433047313, 100.52484994481847, 91.40411022506339, 0.34866889887585517, 0
4.849999999999941, 3031.2705508906784, 100.7787502509992, 91.4210931726554, 0.3496213151543972, 0
4.859999999999941, 3031.8427858201694, 101.03269773203435, 91.43835108110056, 0.3505572269891236, 0
4.869999999999941, 3032.423906143365, 101.28669315170407, 91.45587696286712, 0.35147687734747285, 0
4.87999999999994, 3033.013683892922, 101.5407372543787, 91.47366394276649, 0.35238050721879344, 0
4.88999999999994, 3033.611894794098, 101.79483076533083, 91.49170525697367, 0.3532683555660777, 0
4.89999999999994, 3034.2183182315443, 102.04897439104464, 91.50999425202568, 0.35414065928089977, 0
4.90999999999994, 3034.832737215421, 102.30316881952248, 91.52852438379986, 0.354997653141461, 0
4.9199999999999395, 3035.454938346904, 102.5574147205886, 91.5472892164733, 0.35583956977364745, 0
4.929999999999939, 3036.084711783093, 102.81171274618991, 91.56628242146472, 0.3566666396150061, 0
4.939999999999939, 3036.721851201411, 103.06606353069398, 91.58549777636064, 0.35747909088154406, 0
4.949999999999939, 3037.3661537635, 103.32046769118386, 91.60492916382665, 0.358277149537261, 0
4.959999999999939, 3038.017420078686, 103.57492582775005, 91.62457057050548, 0.3590610392663219, 0
4.9699999999999385, 3038.675454167038, 103.82943852377923, 91.64441608590283, 0.3598309814477821, 0
4.979999999999938, 3039.3400634220648, 104.08400634624007, 91.66445990126252, 0.36058719513277404, 0
4.989999999999938, 3040.0110585730936, 104.3386298459658, 91.68469630843168, 0.36132989702407126, 0
4.999999999999938, 3040.688253647359, 104.59330955793367, 91.70511969871764, 0.362059301457942, 0
5.009999999999938, 3041.3714659318507, 104.84804600154122, 91.72572456173704, 0.36277562038821043, 0
5.019999999999937, 3042.060515934937, 105.10283968087938, 91.74650548425865, 0.3634790633724406, 0
5.029999999999937, 3042.7552273478186, 105.35769108500233, 91.76745714904074, 0.3641698375601663, 0
5.039999999999937, 3043.4554270058266, 105.6126006881941, 91.78857433366392, 0.36484814768308266, 0
5.049999999999937, 3044.160944849602, 105.86756895023206, 91.80985190936042, 0.36551419604712687, 0
5.0599999999999365, 3044.871613886192, 106.12259631664695, 91.83128483984076, 0.36616818252636885, 0
5.069999999999936, 3045.587270150085, 106.37768321897984, 91.8528681801186, 0.3668103045586392, 0
5.079999999999936, 3046.3077526642087, 106.63283007503573, 91.87459707533452, 0.3674407571428228, 0
5.089999999999936, 3047.0329034009264, 106.88803728913388, 91.89646675957972, 0.36805973283774507, 0
5.099999999999936, 3047.7625672430454, 107.14330525235493, 91.91847255472017, 0.3686674217625846, 0
5.1099999999999355, 3048.4965919448746, 107.39863434278472, 91.94060986922199, 0.3692640115987439, 0
5.119999999999935, 3049.2348280933397, 107.65402492575478, 91.9628741969789, 0.3698496875931115, 0
5.129999999999935, 3049.977129069188, 107.90947735407973, 91.98526111614213, 0.3704246325626547, 0
5.139999999999935, 3050.7233510082942, 108.16499196829123, 92.00776628795353, 0.3709890269002777, 0
5.149999999999935, 3051.4733527631006, 108.42056909686889, 92.03038545558262, 0.37154304858188747, 0
5.159999999999934, 3052.2269958641946, 108.67620905646773, 92.0531144429678, 0.372086873174607, 0
5.169999999999934, 3052.984144482053, 108.93191215214264, 92.07594915366262, 0.37262067384607983, 0
5.179999999999934, 3053.744665388958, 109.18767867756948, 92.09888556968737, 0.3731446213748105, 0
5.189999999999934, 3054.5084279211173, 109.44350891526305, 92.12191975038647, 0.37365888416148757, 0
5.199999999999934, 3055.275303940987, 109.6994031367919, 92.1450478312923, 0.3741636282412362, 0
5.209999999999933, 3056.045167799822, 109.95536160298994, 92.1682660229958, 0.37465901729675166, 0
5.219999999999933, 3056.8178963004602, 110.21138456416493, 92.191570610024, 0.37514521267226286, 0
5.229999999999933, 3057.593368660359, 110.4674722603039, 92.21495794972536, 0.37562237338828147, 0
5.239999999999933, 3058.3714664748923, 110.72362492127536, 92.23842447116286, 0.37609065615708787, 0
5.2499999999999325, 3059.1520736809202, 110.97984276702859, 92.26196667401524, 0.37655021539891187, 0
5.259999999999932, 3059.935076520643, 111.23612600778974, 92.28558112748695, 0.37700120325876496, 0
5.269999999999932, 3060.7203635057444, 111.49247484425497, 92.30926446922676, 0.37744376962388293, 0
5.279999999999932, 3061.50782538184, 111.7488894677806, 92.33301340425562, 0.3778780621417385, 0
5.289999999999932, 3062.2973550932347, 112.0053700605702, 92.35682470390371, 0.37830422623858667, 0
5.299999999999931, 3063.0888477479953, 112.26191679585882, 92.38069520475722, 0.37872240513850447, 0
5.309999999999931, 3063.882200583357, 112.51852983809427, 92.40462180761484, 0.37913273988289087, 0
5.319999999999931, 3064.6773129314483, 112.77520934311542, 92.42860147645438, 0.3795353693503911, 0
5.329999999999931, 3065.4740861853634, 113.0319554583278, 92.45263123740932, 0.37993043027721346, 0
5.339999999999931, 3066.2724237655784, 113.28876832287617, 92.47670817775611, 0.38031805727780577, 0
5.34999999999993, 3067.0722310867104, 113.54564806781438, 92.5008294449116, 0.380698382865862, 0
5.35999999999993, 3067.8734155246316, 113.80259481627247, 92.52499224544137, 0.38107153747562844, 0
5.36999999999993, 3068.675886383947, 114.05960868362092, 92.54919384407872, 0.38143764948348224, 0
5.37999999999993, 3069.4795548658203, 114.31668977763225, 92.57343156275456, 0.3817968452297543, 0
5.3899999999999295, 3070.2843340361783, 114.5738381986399, 92.5977027796384, 0.38214924904077174, 0
5.399999999999929, 3071.0901387942727, 114.83105403969445, 92.62200492819014, 0.3824949832510932, 0
5.409999999999929, 3071.896885841615, 115.0883373867172, 92.64633549622339, 0.3828341682259148, 0
5.419999999999929, 3072.704493651281, 115.34568831865116, 92.67069202497962, 0.383166922383623, 0
5.429999999999929, 3073.512882437592, 115.60310690760943, 92.69507210821382, 0.38349336221847274, 0
5.4399999999999284, 3074.321974126168, 115.86059321902114, 92.71947339129136, 0.38381360232336936, 0
5.449999999999928, 3075.1316923243603, 116.11814731177473, 92.74389357029625, 0.38412775541273575, 0
5.459999999999928, 3075.9419622920545, 116.37576923835888, 92.76833039115066, 0.3844359323454434, 0
5.469999999999928, 3076.752710912857, 116.63345904500098, 92.79278164874592, 0.38473824214779134, 0
5.479999999999928, 3077.563866665655, 116.89121677180304, 92.81724518608479, 0.3850347920365142, 0
5.489999999999927, 3078.375359596556, 117.1490424528755, 92.8417188934353, 0.3853256874418033, 0
5.499999999999927, 3079.187121291203, 117.40693611646839, 92.86620070749568, 0.3856110320303247, 0
5.509999999999927, 3079.999084847463, 117.66489778510032, 92.89068861057082, 0.3858909277282198, 0
5.519999999999927, 3080.811184848501, 117.92292747568524, 92.91518062976007, 0.3861654747440737, 0
5.5299999999999265, 3081.623357336213, 118.1810251996568, 92.93967483615627, 0.3864347715918374, 0
5.539999999999926, 3082.4355397850477, 118.43919096309057, 92.96416934405596, 0.3866989151136928, 0
5.549999999999926, 3083.2476710761894, 118.69742476682406, 92.98866231018103, 0.38695800050284535, 0
5.559999999999926, 3084.059691472118, 118.95572660657456, 93.01315193291126, 0.38721212132623606, 0
5.569999999999926, 3084.87154259153, 119.21409647305487, 93.03763645152823, 0.3874613695471593, 0
5.5799999999999255, 3085.683167384635, 119.47253435208688, 93.06211414547003, 0.38770583554777777, 0
5.589999999999925, 3086.494510108809, 119.73104022471318, 93.08658333359725, 0.387945608151524, 0
5.599999999999925, 3087.305516304611, 119.9896140673065, 93.11104237346956, 0.3881807746453798, 0
5.609999999999925, 3088.116132772167, 120.24825585167726, 93.13548966063344, 0.3884114208020248, 0
5.619999999999925, 3088.9263075479003, 120.50696554517901, 93.1599236279205, 0.3886376309018454, 0
5.629999999999924, 3089.7359898816244, 120.76574311081212, 93.18434274475658, 0.38885948775479806, 0
5.639999999999924, 3090.545130213982, 121.02458850732533, 93.2087455164814, 0.38907707272211767, 0
5.649999999999924, 3091.353680154239, 121.28350168931556, 93.23313048367878, 0.3892904657378666, 0
5.659999999999924, 3092.16159245842, 121.54248260732578, 93.25749622151729, 0.38949974533031617, 0
5.6699999999999235, 3092.968821007788, 121.80153120794111, 93.28184133910126, 0.3897049886431565, 0
5.679999999999923, 3093.7753207876676, 122.06064743388306, 93.30616447883209, 0.3899062714565275, 0
5.689999999999923, 3094.581047866597, 122.31983122410205, 93.3304643157795, 0.39010366820786857, 0
5.699999999999923, 3095.3859593758248, 122.5790825138681, 93.35473955706313, 0.39029725201257914, 0
5.709999999999923, 3096.1900134891266, 122.83840123485994, 93.37898894124395, 0.390487094684489, 0
5.7199999999999225, 3096.993169402952, 123.09778731525229, 93.40321123772549, 0.39067326675613206, 0
5.729999999999922, 3097.795387316898, 123.35724067980152, 93.42740524616492, 0.390855837498822, 0
5.739999999999922, 3098.5966284145024, 123.61676124992975, 93.4515697958938, 0.3910348749425243, 0
5.749999999999922, 3099.396854844346, 123.87634894380723, 93.4757037453482, 0.39121044589552406, 0
5.759999999999922, 3100.1960297014766, 124.13600367643319, 93.4998059815084, 0.39138261596388535, 0
5.769999999999921, 3100.9941170091383, 124.39572535971516, 93.52387541934797, 0.3915514495707002, 0
5.779999999999921, 3101.791081700806, 124.65551390254667, 93.5479110012919, 0.39171700997512526, 0
5.789999999999921, 3102.5868896025254, 124.9153692108836, 93.57191169668396, 0.39187935929120454, 0
5.799999999999921, 3103.381507415547, 125.17529118781883, 93.59587650126305, 0.3920385585064753, 0
5.809999999999921, 3104.1749026992547, 125.43527973365568, 93.61980443664837, 0.3921946675003577, 0
5.81999999999992, 3104.9670438543944, 125.6953347459797, 93.64369454983347, 0.3923477450623255, 0
5.82999999999992, 3105.7579001065765, 125.95545611972923, 93.66754591268888, 0.3924978489098573, 0
5.83999999999992, 3106.547441490071, 126.21564374726448, 93.69135762147329, 0.3926450357061684, 0
5.84999999999992, 3107.3356388318807, 126.47589751843523, 93.71512879635326, 0.3927893610777206, 0
5.8599999999999195, 3108.1224637360892, 126.73621732064733, 93.7388585809312, 0.3929308796315127, 0
5.869999999999919, 3108.9078885684844, 126.99660303892769, 93.76254614178153, 0.3930696449721484, 0
5.879999999999919, 3109.6918864414442, 127.25705455598819, 93.78619066799502, 0.3932057097186834, 0
5.889999999999919, 3110.4744311990958, 127.51757175228818, 93.80979137073108, 0.39333912552125194, 0
5.899999999999919, 3111.255497402731, 127.77815450609576, 93.833347482778, 0.3934699430774711, 0
5.909999999999918, 3112.03506031648, 128.03880269354792, 93.85685825812077, 0.39359821214862595, 0
5.919999999999918, 3112.8130958932397, 128.29951618870936, 93.88032297151688, 0.39372398157563443, 0
5.929999999999918, 3113.589580760854, 128.56029486363025, 93.90374091807936, 0.39384729929479234, 0
5.939999999999918, 3114.3644922085373, 128.8211385884027, 93.92711141286742, 0.3939682123533003, 0
5.949999999999918, 3115.137808173544, 129.08204723121622, 93.95043379048445, 0.39408676692457345, 0
5.959999999999917, 3115.909507228078, 129.343020658412, 93.97370740468313, 0.39420300832333394, 0
5.969999999999917, 3116.6795685664338, 129.60405873453612, 93.99693162797772, 0.394316981020488, 0
5.979999999999917, 3117.4479719923756, 129.86516132239163, 94.0201058512634, 0.3944287286577894, 0
5.989999999999917, 3118.2146979067447, 130.12632828308958, 94.04322948344245, 0.3945382940622886, 0
5.9999999999999165, 3118.9797272952846, 130.38755947609914, 94.0663019510572, 0.39464571926057124, 0
6.009999999999916, 3119.7430417166984, 130.6488547592965, 94.08932269792982, 0.39475104549278617, 0
6.019999999999916, 3120.5046232909194, 130.910213989013, 94.11229118480851, 0.39485431322646425, 0
6.029999999999916, 3121.264454687597, 131.1716370200819, 94.1352068890203, 0.3949555621701305, 0
6.039999999999916, 3122.0225191147933, 131.43312370588473, 94.15806930413018, 0.39505483128671026, 0
6.0499999999999154, 3122.778800307894, 131.6946738983962, 94.18087793960662, 0.3951521588067319, 0
6.059999999999915, 3123.533282518715, 131.95628744822844, 94.20363232049307, 0.3952475822413269, 0
6.069999999999915, 3124.285950504819, 132.21796420467425, 94.22633198708574, 0.39534113839503005, 0
6.079999999999915, 3125.0367895190248, 132.4797040157495, 94.24897649461725, 0.3954328633783806, 0
6.089999999999915, 3125.785785299115, 132.74150672823453, 94.27156541294623, 0.3955227926203274, 0
6.099999999999914, 3126.5329240577385, 133.00337218771494, 94.29409832625267, 0.3956109608804389, 0
6.109999999999914, 3127.2781924724927, 133.2653002386212, 94.316574832739, 0.39569740226092043, 0
6.119999999999914, 3128.021577676199, 133.5272907242677, 94.33899454433673, 0.3957821502184404, 0
6.129999999999914, 3128.7630672473633, 133.78934348689086, 94.36135708641866, 0.39586523757576847, 0
6.1399999999999135, 3129.5026492008064, 134.05145836768645, 94.38366209751653, 0.3959466965332263, 0
6.149999999999913, 3130.240311978481, 134.31363520684621, 94.40590922904379, 0.39602655867995373, 0
6.159999999999913, 3130.976044440455, 134.57587384359357, 94.42809814502391, 0.39610485500499243, 0
6.169999999999913, 3131.7098358560725, 134.83817411621862, 94.45022852182365, 0.3961816159081888, 0
6.179999999999913, 3132.4416758952743, 135.10053586211257, 94.4723000478914, 0.3962568712109188, 0
6.1899999999999125, 3133.171554620092, 135.36295891780117, 94.49431242350059, 0.39633065016663616, 0
6.199999999999912, 3133.899462476298, 135.62544311897756, 94.51626536049785, 0.3964029814712465, 0
6.209999999999912, 3134.6253902852163, 135.8879883005345, 94.53815858205617, 0.3964738932733092, 0
6.219999999999912, 3135.349329235693, 136.15059429659576, 94.55999182243258, 0.3965434131840699, 0
6.229999999999912, 3136.071270876219, 136.41326094054696, 94.58176482673056, 0.39661156828732463, 0
6.239999999999911, 3136.7912071071983, 136.67598806506567, 94.60347735066712, 0.3966783851491189, 0
6.249999999999911, 3137.5091301733764, 136.93877550215086, 94.62512916034409, 0.39674388982728254, 0
6.259999999999911, 3138.2250326564013, 137.20162308315182, 94.6467200320241, 0.3968081078808042, 0
6.269999999999911, 3138.9389074675414, 137.46453063879633, 94.66824975191072, 0.39687106437904596, 0
6.2799999999999105, 3139.650747840533, 137.72749799921831, 94.68971811593289, 0.39693278391080156, 0
6.28999999999991, 3140.3605473245725, 137.9905249939848, 94.71112492953351, 0.3969932905931988, 0
6.29999999999991, 3141.068299777444, 138.25361145212239, 94.73247000746215, 0.3970526080804507, 0
6.30999999999991, 3141.7739993587734, 138.5167572021431, 94.75375317357178, 0.3971107595724543, 0
6.31999999999991, 3142.4776405234297, 138.7799620720697, 94.77497426061946, 0.3971677678232423, 0
6.3299999999999095, 3143.1792180150337, 139.04322588946033, 94.79613311007083, 0.39722365514928804, 0
6.339999999999909, 3143.8787268596116, 139.30654848143274, 94.81722957190861, 0.3972784434376657, 0
6.349999999999909, 3144.576162359363, 139.56992967468804, 94.83826350444463, 0.3973321541540688, 0
6.359999999999909, 3145.2715200865505, 139.8333692955337, 94.85923477413563, 0.3973848083506886, 0
6.369999999999909, 3145.964795877516, 140.09686716990632, 94.88014325540269, 0.397436426673954, 0
6.379999999999908, 3146.6559858268083, 140.36042312339356, 94.90098883045421, 0.39748702937213604, 0
6.389999999999908, 3147.3450862814266, 140.62403698125593, 94.92177138911225, 0.3975366363028177, 0
6.399999999999908, 3148.032093835181, 140.8877085684479, 94.94249082864246, 0.3975852669402329, 0
6.409999999999908, 3148.7170053231584, 141.15143770963857, 94.96314705358725, 0.3976329403824738, 0
6.419999999999908, 3149.3998178163047, 141.41522422923188, 94.98373997560226, 0.39767967535857224, 0
6.429999999999907, 3150.0805286161067, 141.67906795138634, 95.00426951329611, 0.3977254902354532, 0
6.439999999999907, 3150.759135249386, 141.94296870003438, 95.02473559207328, 0.39777040302476574, 0
6.449999999999907, 3151.43563546319, 142.20692629890127, 95.04513814398014, 0.3978144313895908, 0
6.459999999999907, 3152.1100272197896, 142.47094057152344, 95.06547710755392, 0.3978575926510291, 0
6.4699999999999065, 3152.7823086917733, 142.73501134126664, 95.0857524276749, 0.3978999037946715, 0
6.479999999999906, 3153.4524782572375, 142.9991384313435, 95.10596405542134, 0.39794138147695135, 0
6.489999999999906, 3154.120534495074, 143.26332166483078, 95.12611194792734, 0.3979820420313839, 0
6.499999999999906, 3154.786476180356, 143.52756086468614, 95.14619606824363, 0.3980219014746918, 0
6.509999999999906, 3155.45030227981, 143.7918558537646, 95.166216385201, 0.39806097551282044, 0
6.519999999999905, 3156.1120119473767, 144.05620645483458, 95.18617287327662, 0.39809927954684365, 0
6.529999999999905, 3156.7716045198713, 144.32061249059367, 95.20606551246287, 0.39813682867876227, 0
6.539999999999905, 3157.4290795127176, 144.58507378368384, 95.22589428813893, 0.39817363771719727, 0
6.549999999999905, 3158.0844366157767, 144.84959015670645, 95.24565919094483, 0.3982097211829786, 0
6.559999999999905, 3158.7376756892586, 145.11416143223687, 95.26536021665815, 0.3982450933146327, 0
6.569999999999904, 3159.388796759709, 145.3787874328387, 95.2849973660731, 0.39827976807376836, 0
6.579999999999904, 3160.037800016085, 145.64346798107778, 95.30457064488213, 0.3983137591503651, 0
6.589999999999904, 3160.6846858059075, 145.90820289953578, 95.32408006355979, 0.39834707996796326, 0
6.599999999999904, 3161.3294546314924, 146.17299201082344, 95.34352563724909, 0.3983797436887598, 0
6.6099999999999035, 3161.9721071462486, 146.43783513759357, 95.36290738565002, 0.3984117632186088, 0
6.619999999999903, 3162.612644151067, 146.7027321025537, 95.38222533291042, 0.3984431512119313, 0
6.629999999999903, 3163.251066590768, 146.96768272847845, 95.40147950751907, 0.3984739200765327, 0
6.639999999999903, 3163.8873755506324, 147.23268683822155, 95.42066994220079, 0.3985040819783325, 0
6.649999999999903, 3164.5215722529924, 147.49774425472768, 95.43979667381386, 0.3985336488460055, 0
6.659999999999902, 3165.153658053899, 147.76285480104383, 95.45885974324943, 0.398562632375537, 0
6.669999999999902, 3165.7836344398547, 148.02801830033064, 95.477859195333, 0.3985910440346935, 0
6.679999999999902, 3166.4115030246157, 148.29323457587324, 95.49679507872787, 0.39861889506741005, 0
6.689999999999902, 3167.037265546051, 148.55850345109192, 95.5156674458406, 0.398646196498096, 0
6.699999999999902, 3167.6609238630767, 148.82382474955259, 95.53447635272843, 0.3986729591358602, 0
6.709999999999901, 3168.282479952645, 149.08919829497682, 95.55322185900845, 0.39869919357865746, 0
6.719999999999901, 3168.901935906795, 149.35462391125185, 95.5719040277688, 0.39872491021735734, 0
6.729999999999901, 3169.5192939297735, 149.6201014224401, 95.5905229254816, 0.3987501192397366, 0
6.739999999999901, 3170.134556335197, 149.88563065278865, 95.60907862191765, 0.39877483063439717, 0
6.7499999999999005, 3170.747725543293, 150.15121142673843, 95.62757119006295, 0.3987990541946102, 0
6.7599999999999, 3171.35880407818, 150.41684356893305, 95.64600070603687, 0.39882279952208816, 0
6.7699999999999, 3171.9677945652156, 150.6825269042276, 95.66436724901205, 0.3988460760306858, 0
6.7799999999999, 3172.5746997283877, 150.94826125769706, 95.68267090113584, 0.39886889295003125, 0
6.7899999999999, 3173.179522387777, 151.21404645464466, 95.70091174745359, 0.39889125932908936, 0
6.7999999999998995, 3173.78226545705, 151.47988232060982, 95.71908987583323, 0.39891318403965664, 0
6.809999999999899, 3174.382931941022, 151.74576868137603, 95.73720537689172, 0.39893467577979147, 0
6.819999999999899, 3174.981524933262, 152.01170536297852, 95.75525834392266, 0.3989557430771784, 0
6.829999999999899, 3175.578047613747, 152.27769219171162, 95.7732488728258, 0.39897639429242937, 0
6.839999999999899, 3176.1725032465674, 152.54372899413613, 95.79117706203769, 0.3989966376223223, 0
6.849999999999898, 3176.7648951776805, 152.80981559708624, 95.80904301246387, 0.3990164811029779, 0
6.859999999999898, 3177.355226832707, 153.07595182767642, 95.82684682741261, 0.39903593261297665, 0
6.869999999999898, 3177.9435017147784, 153.34213751330813, 95.84458861252976, 0.3990549998764165, 0
6.879999999999898, 3178.5297234024238, 153.60837248167627, 95.86226847573522, 0.3990736904659122, 0
6.8899999999998975, 3179.1138955475058, 153.87465656077552, 95.87988652716054, 0.3990920118055374, 0
6.899999999999897, 3179.696021873195, 154.14098957890653, 95.89744287908798, 0.3991099711737116, 0
6.909999999999897, 3180.2761061719925, 154.40737136468178, 95.91493764589066, 0.3991275757060311, 0
6.919999999999897, 3180.8541523037875, 154.67380174703146, 95.93237094397418, 0.39914483239804627, 0
6.929999999999897, 3181.4301641939583, 154.94028055520917, 95.94974289171928, 0.3991617481079862, 0
6.9399999999998965, 3182.0041458315154, 155.20680761879728, 95.96705360942578, 0.39917832955943067, 0
6.949999999999896, 3182.5761012672797, 155.47338276771237, 95.98430321925771, 0.3991945833439313, 0
6.959999999999896, 3183.146034612101, 155.7400058322103, 96.00149184518958, 0.3992105159235831, 0
6.969999999999896, 3183.713950035116, 156.0066766428914, 96.01861961295373, 0.39922613363354564, 0
6.979999999999896, 3184.2798517620363, 156.27339503070516, 96.03568664998892, 0.39924144268451683, 0
6.989999999999895, 3184.843744073483, 156.54016082695512, 96.05269308538985, 0.3992564491651593, 0
6.999999999999895, 3185.4056313033448, 156.80697386330343, 96.06963904985783, 0.39927115904447935, 0
7.009999999999895, 3185.9655178371795, 157.07383397177526, 96.08652467565248, 0.3992855781741613, 0
7.019999999999895, 3186.5234081106487, 157.3407409847632, 96.10335009654452, 0.3992997122908564, 0
7.0299999999998946, 3187.0793066079796, 157.60769473503137, 96.12011544776941, 0.39931356701842796, 0
7.039999999999894, 3187.633217860463, 157.87469505571963, 96.13682086598212, 0.3993271478701528, 0
7.049999999999894, 3188.185146444988, 158.14174178034736, 96.15346648921275, 0.3993404602508812, 0
7.059999999999894, 3188.7350969826, 158.4088347428174, 96.17005245682321, 0.39935350945915493, 0
7.069999999999894, 3189.283074137096, 158.67597377741967, 96.18657890946479, 0.39936630068928386, 0
7.0799999999998935, 3189.8290826136417, 158.94315871883484, 96.20304598903647, 0.3993788390333832, 0
7.089999999999893, 3190.3731271574297, 159.2103894021377, 96.21945383864441, 0.39939112948337174, 0
7.099999999999893, 3190.9152125523565, 159.4776656628006, 96.2358026025621, 0.3994031769329306, 0
7.109999999999893, 3191.455343619732, 159.7449873366966, 96.25209242619142, 0.3994149861794245, 0
7.119999999999893, 3191.9935252170158, 160.01235426010268, 96.26832345602456, 0.3994265619257868, 0
7.129999999999892, 3192.5297622365842, 160.27976626970275, 96.28449583960675, 0.3994379087823666, 0
7.139999999999892, 3193.0640596045173, 160.54722320259054, 96.30060972549975, 0.3994490312687413, 0
7.149999999999892, 3193.5964222794173, 160.81472489627248, 96.3166652632462, 0.39945993381549366, 0
7.159999999999892, 3194.1268552512493, 161.08227118867038, 96.33266260333468, 0.3994706207659543, 0
7.169999999999892, 3194.6553635402124, 161.34986191812408, 96.34860189716557, 0.39948109637791085, 0
7.179999999999891, 3195.181952195626, 161.617496923394, 96.3644832970176, 0.3994913648252837, 0
7.189999999999891, 3195.7066262948515, 161.88517604366348, 96.3803069560152, 0.3995014301997695, 0
7.199999999999891, 3196.2293909422274, 162.15289911854128, 96.39607302809648, 0.39951129651245243, 0
7.209999999999891, 3196.7502512680358, 162.42066598806377, 96.41178166798197, 0.3995209676953845, 0
7.2199999999998905, 3197.2692124274813, 162.68847649269705, 96.42743303114398, 0.3995304476031353, 0
7.22999999999989, 3197.786279599709, 162.9563304733391, 96.44302727377672, 0.39953974001431136, 0
7.23999999999989, 3198.3014579868222, 163.2242277713218, 96.45856455276699, 0.3995488486330461, 0
7.24999999999989, 3198.8147528129416, 163.49216822841282, 96.47404502566553, 0.39955777709046103, 0
7.25999999999989, 3199.3261693232716, 163.76015168681744, 96.48946885065907, 0.39956652894609807, 0
7.269999999999889, 3199.8357127831937, 164.0281779891804, 96.50483618654286, 0.3995751076893247, 0
7.279999999999889, 3200.3433884773817, 164.29624697858745, 96.52014719269398, 0.3995835167407112, 0
7.289999999999889, 3200.8492017089275, 164.56435849856715, 96.53540202904506, 0.39959175945338116, 0
7.299999999999889, 3201.353157798493, 164.83251239309226, 96.55060085605871, 0.3995998391143363, 0
7.309999999999889, 3201.855262083485, 165.1007085065813, 96.56574383470245, 0.39960775894575457, 0
7.319999999999888, 3202.355519917236, 165.3689466838999, 96.58083112642429, 0.3996155221062637, 0
7.329999999999888, 3202.8539366682157, 165.6372267703622, 96.59586289312867, 0.39962313169218966, 0
7.339999999999888, 3203.350517719251, 165.905548611732, 96.61083929715318, 0.39963059073878066, 0
7.349999999999888, 3203.8452684667723, 166.1739120542241, 96.62576050124558, 0.39963790222140755, 0
7.3599999999998875, 3204.338194320065, 166.44231694450534, 96.64062666854144, 0.3996450690567405, 0
7.369999999999887, 3204.8293007005486, 166.71076312969572, 96.65543796254235, 0.3996520941039032, 0
7.379999999999887, 3205.318593041068, 166.97925045736946, 96.67019454709441, 0.39965898016560397, 0
7.389999999999887, 3205.8060767852, 167.24777877555584, 96.68489658636749, 0.39966572998924527, 0
7.399999999999887, 3206.2917573865734, 167.5163479327402, 96.69954424483464, 0.3996723462680111, 0
7.4099999999998865, 3206.7756403082117, 167.78495777786472, 96.71413768725228, 0.3996788316419337, 0
7.419999999999886, 3207.257731021885, 168.0536081603293, 96.72867707864059, 0.39968518869893876, 0
7.429999999999886, 3207.738035007475, 168.3222989299922, 96.74316258426448, 0.3996914199758709, 0
7.439999999999886, 3208.2165577523606, 168.5910299371707, 96.757594369615, 0.3996975279594983, 0
7.449999999999886, 3208.693304750813, 168.85980103264185, 96.7719726003911, 0.39970351508749885, 0
7.459999999999885, 3209.1682815034073, 169.12861206764293, 96.78629744248181, 0.3997093837494255, 0
7.469999999999885, 3209.6414935164435, 169.39746289387205, 96.80056906194895, 0.3997151362876541, 0
7.479999999999885, 3210.1129463013876, 169.66635336348858, 96.8147876250101, 0.39972077499831193, 0
7.489999999999885, 3210.582645374319, 169.93528332911362, 96.82895329802201, 0.3997263021321881, 0
7.4999999999998845, 3211.0505962553925, 170.20425264383036, 96.84306624746444, 0.3997317198956268, 0
7.509999999999884, 3211.5168044683187, 170.47326116118444, 96.85712663992427, 0.3997370304514017, 0
7.519999999999884, 3211.981275539845, 170.74230873518422, 96.8711346420802, 0.3997422359195749, 0
7.529999999999884, 3212.44401499926, 171.01139522030113, 96.88509042068743, 0.39974733837833765, 0
7.539999999999884, 3212.9050283779047, 171.2805204714697, 96.89899414256313, 0.39975233986483555, 0
7.5499999999998835, 3213.3643212086913, 171.54968434408795, 96.91284597457191, 0.3997572423759768, 0
7.559999999999883, 3213.8218990256396, 171.81888669401732, 96.92664608361186, 0.3997620478692254, 0
7.569999999999883, 3214.277767363426, 172.0881273775829, 96.94039463660076, 0.3997667582633781, 0
7.579999999999883, 3214.7319317569313, 172.35740625157345, 96.95409180046273, 0.39977137543932645, 0
7.589999999999883, 3215.184397740816, 172.6267231732414, 96.96773774211513, 0.39977590124080414, 0
7.599999999999882, 3215.6351708490874, 172.89607800030282, 96.9813326284558, 0.39978033747511893, 0
7.609999999999882, 3216.0842566146957, 173.16547059093742, 96.99487662635063, 0.3997846859138711, 0
7.619999999999882, 3216.5316605691264, 173.4349008037884, 97.00836990262137, 0.39978894829365735, 0
7.629999999999882, 3216.977388242005, 173.70436849796235, 97.02181262403373, 0.39979312631676056, 0
7.6399999999998816, 3217.421445160719, 173.97387353302912, 97.03520495728591, 0.3997972216518268, 0
7.649999999999881, 3217.863836850038, 174.2434157690216, 97.04854706899722, 0.3998012359345285, 0
7.659999999999881, 3218.3045688317497, 174.51299506643548, 97.06183912569705, 0.3998051707682146, 0
7.669999999999881, 3218.7436466243043, 174.78261128622907, 97.07508129381416, 0.399809027724548, 0
7.679999999999881, 3219.1810757424673, 175.052264289823, 97.08827373966622, 0.399812808344131, 0
7.6899999999998805, 3219.6168616969785, 175.32195393909984, 97.10141662944947, 0.3998165141371174, 0
7.69999999999988, 3220.051009994222, 175.59168009640388, 97.11451012922886, 0.3998201465838133, 0
7.70999999999988, 3220.4835261359044, 175.86144262454062, 97.12755440492828, 0.39982370713526644, 0
7.71999999999988, 3220.9144156187394, 176.13124138677654, 97.14054962232105, 0.3998271972138427, 0
7.72999999999988, 3221.343683934141, 176.40107624683853, 97.15349594702072, 0.3998306182137927, 0
7.739999999999879, 3221.771336567928, 176.6709470689136, 97.16639354447202, 0.39983397150180605, 0
7.749999999999879, 3222.197379000025, 176.94085371764822, 97.17924257994211, 0.3998372584175558, 0
7.759999999999879, 3222.621816704189, 177.21079605814808, 97.19204321851198, 0.39984048027423114, 0
7.769999999999879, 3223.0446551477226, 177.48077395597727, 97.20479562506813, 0.3998436383590602, 0
7.779999999999879, 3223.465899791213, 177.75078727715803, 97.21749996429442, 0.3998467339338229, 0
7.789999999999878, 3223.885556088262, 178.02083588816996, 97.2301564006642, 0.3998497682353527, 0
7.799999999999878, 3224.3036294852363, 178.29091965594958, 97.24276509843253, 0.3998527424760292, 0
7.809999999999878, 3224.7201254210154, 178.56103844788967, 97.25532622162872, 0.3998556578442613, 0
7.819999999999878, 3225.1350493267482, 178.83119213183863, 97.267839934049, 0.39985851550496, 0
7.8299999999998775, 3225.548406625619, 179.10138057609987, 97.28030639924933, 0.39986131660000235, 0
7.839999999999877, 3225.960202732616, 179.3716036494311, 97.29272578053859, 0.3998640622486867, 0
7.849999999999877, 3226.3704430543103, 179.6418612210437, 97.30509824097173, 0.3998667535481781, 0
7.859999999999877, 3226.7791329886318, 179.91215316060197, 97.31742394334326, 0.3998693915739455, 0
7.869999999999877, 3227.186277924665, 180.18247933822238, 97.3297030501808, 0.39987197738019037, 0
7.879999999999876, 3227.5918832424372, 180.4528396244729, 97.34193572373889, 0.39987451200026647, 0
7.889999999999876, 3227.9959543127206, 180.72323389037217, 97.35412212599297, 0.3998769964470918, 0
7.899999999999876, 3228.398496496835, 180.99366200738882, 97.36626241863344, 0.39987943171355217, 0
7.909999999999876, 3228.799515146461, 181.26412384744057, 97.37835676305997, 0.39988181877289686, 0
7.919999999999876, 3229.1990156034526, 181.53461928289352, 97.39040532037592, 0.39988415857912657, 0
7.929999999999875, 3229.5970031996612, 181.80514818656124, 97.40240825138298, 0.3998864520673736, 0
7.939999999999875, 3229.993483256758, 182.07571043170398, 97.41436571657583, 0.39988870015427475, 0
7.949999999999875, 3230.3884610860673, 182.3463058920278, 97.42627787613716, 0.39989090373833647, 0
7.959999999999875, 3230.7819419883986, 182.61693444168372, 97.43814488993256, 0.3998930637002931, 0
7.9699999999998745, 3231.1739312538934, 182.88759595526687, 97.44996691750582, 0.3998951809034585, 0
7.979999999999874, 3231.5644341618636, 183.1582903078155, 97.46174411807422, 0.39989725619406946, 0
7.989999999999874, 3231.953455980643, 183.42901737481014, 97.47347665052398, 0.39989929040162386, 0
7.999999999999874, 3232.341001967444, 183.6997770321727, 97.48516467340585, 0.399901284339211, 0
8.009999999999874, 3232.727077368212, 183.9705691562655, 97.49680834493083, 0.39990323880383605, 0
8.019999999999873, 3233.111687417489, 184.2413936238903, 97.50840782296608, 0.39990515457673775, 0
8.029999999999873, 3233.494837338283, 184.51225031228742, 97.51996326503085, 0.3999070324237001, 0
8.039999999999873, 3233.8765323419348, 184.78313909913473, 97.53147482829256, 0.39990887309535805, 0
8.049999999999873, 3234.256777627996, 185.05405986254667, 97.5429426695631, 0.39991067732749636, 0
8.059999999999873, 3234.6355783841045, 185.32501248107323, 97.55436694529511, 0.3999124458413436, 0
8.069999999999872, 3235.0129397858723, 185.59599683369905, 97.56574781157846, 0.39991417934385964, 0
8.079999999999872, 3235.3888669967637, 185.8670127998423, 97.57708542413678, 0.3999158785280178, 0
8.089999999999872, 3235.7633651679944, 186.1380602593538, 97.58837993832422, 0.39991754407308117, 0
8.099999999999872, 3236.136439438417, 186.40913909251583, 97.59963150912215, 0.3999191766448738, 0
8.109999999999872, 3236.5080949344224, 186.68024918004116, 97.61084029113611, 0.3999207768960463, 0
8.119999999999871, 3236.8783367698384, 186.95139040307208, 97.62200643859279, 0.3999223454663363, 0
8.129999999999871, 3237.2471700458364, 187.2225626431793, 97.6331301053371, 0.3999238829828238, 0
8.139999999999871, 3237.6145998508327, 187.49376578236078, 97.64421144482941, 0.39992539006018096, 0
8.14999999999987, 3237.9806312604064, 187.76499970304087, 97.65525061014282, 0.3999268673009183, 0
8.15999999999987, 3238.3452693372046, 188.03626428806905, 97.66624775396056, 0.39992831529562434, 0
8.16999999999987, 3238.7085191308665, 188.30755942071895, 97.67720302857344, 0.3999297346232016, 0
8.17999999999987, 3239.070385677936, 188.5788849846872, 97.68811658587745, 0.39993112585109797, 0
8.18999999999987, 3239.4308740017896, 188.8502408640924, 97.69898857737142, 0.3999324895355327, 0
8.19999999999987, 3239.789989112558, 189.12162694347398, 97.70981915415474, 0.3999338262217187, 0
8.20999999999987, 3240.1477360070567, 189.39304310779107, 97.72060846692523, 0.39993513644408024, 0
8.21999999999987, 3240.5041196687134, 189.6644892424214, 97.73135666597697, 0.3999364207264662, 0
8.229999999999869, 3240.859145067508, 189.93596523316023, 97.74206390119846, 0.3999376795823592, 0
8.239999999999869, 3241.2128171599, 190.20747096621912, 97.75273032207049, 0.3999389135150806, 0
8.249999999999869, 3241.5651408887757, 190.47900632822487, 97.76335607766445, 0.39994012301799153, 0
8.259999999999868, 3241.9161211833816, 190.75057120621838, 97.77394131664047, 0.3999413085746898, 0
8.269999999999868, 3242.265762959275, 191.0221654876535, 97.78448618724578, 0.39994247065920296, 0
8.279999999999868, 3242.6140711182666, 191.29378906039585, 97.794990837313, 0.3999436097361779, 0
8.289999999999868, 3242.9610505483683, 191.56544181272173, 97.8054554142587, 0.39994472626106564, 0
8.299999999999867, 3243.306706123746, 191.8371236333169, 97.81588006508183, 0.3999458206803042, 0
8.309999999999867, 3243.6510427046715, 192.10883441127547, 97.82626493636232, 0.39994689343149614, 0
8.319999999999867, 3243.994065137478, 192.3805740360987, 97.83661017425976, 0.39994794494358354, 0
8.329999999999867, 3244.3357782545177, 192.65234239769387, 97.84691592451207, 0.39994897563701937, 0
8.339999999999867, 3244.67618687412, 192.92413938637307, 97.85718233243432, 0.39994998592393544, 0
8.349999999999866, 3245.015295800555, 193.19596489285206, 97.8674095429175, 0.3999509762083067, 0
8.359999999999866, 3245.353109823996, 193.46781880824906, 97.87759770042754, 0.3999519468861132, 0
8.369999999999866, 3245.689633720485, 193.7397010240836, 97.88774694900412, 0.3999528983454974, 0
8.379999999999866, 3246.0248722518977, 194.01161143227526, 97.89785743225984, 0.39995383096692017, 0
8.389999999999866, 3246.3588301659206, 194.28354992514264, 97.90792929337913, 0.3999547451233118, 0
8.399999999999865, 3246.6915121960105, 194.55551639540204, 97.91796267511754, 0.3999556411802218, 0
8.409999999999865, 3247.0229230613777, 194.82751073616626, 97.92795771980079, 0.39995651949596434, 0
8.419999999999865, 3247.3530674669537, 195.09953284094348, 97.93791456932412, 0.3999573804217617, 0
8.429999999999865, 3247.6819501033756, 195.37158260363606, 97.94783336515151, 0.39995822430188455, 0
8.439999999999864, 3248.0095756469523, 195.64365991853924, 97.95771424831497, 0.39995905147378924, 0
8.449999999999864, 3248.3359487596545, 195.91576468034012, 97.96755735941407, 0.399959862268253, 0
8.459999999999864, 3248.6610740890933, 196.18789678411628, 97.97736283861524, 0.3999606570095058, 0
8.469999999999864, 3248.9849562685004, 196.46005612533466, 97.98713082565132, 0.39996143601535983, 0
8.479999999999864, 3249.3075999167154, 196.73224259985037, 97.99686145982109, 0.399962199597337, 0
8.489999999999863, 3249.629009638169, 197.00445610390543, 98.0065548799888, 0.39996294806079263, 0
8.499999999999863, 3249.949190022872, 197.2766965341276, 98.01621122458383, 0.39996368170503804, 0
8.509999999999863, 3250.2681456464056, 197.54896378752923, 98.02583063160031, 0.39996440082346013, 0
8.519999999999863, 3250.585881069908, 197.8212577615059, 98.03541323859689, 0.3999651057036381, 0
8.529999999999863, 3250.902400840068, 198.09357835383534, 98.04495918269642, 0.3999657966274589, 0
8.539999999999862, 3251.217709489118, 198.36592546267616, 98.05446860058572, 0.3999664738712297, 0
8.549999999999862, 3251.531811534827, 198.63829898656667, 98.06394162851548, 0.39996713770578823, 0
8.559999999999862, 3251.844711480496, 198.91069882442366, 98.07337840230007, 0.399967788396611, 0
8.569999999999862, 3252.156413814956, 199.18312487554115, 98.0827790573174, 0.39996842620391954, 0
8.579999999999862, 3252.4669230125646, 199.45557703958926, 98.09214372850894, 0.3999690513827842, 0
8.589999999999861, 3252.7762435332056, 199.7280552166129, 98.10147255037963, 0.3999696641832262, 0
8.599999999999861, 3253.084379822288, 200.0005593070306, 98.1107656569979, 0.3999702648503177, 0
8.60999999999986, 3253.3913363107486, 200.2730892116334, 98.12002318199566, 0.39997085362427925, 0
8.61999999999986, 3253.697117415053, 200.5456448315834, 98.12924525856852, 0.3999714307405764, 0
8.62999999999986, 3254.0017275372015, 200.81822606841274, 98.13843201947566, 0.39997199643001324, 0
8.63999999999986, 3254.305171064729, 201.09083282402239, 98.14758359704018, 0.3999725509188252, 0
8.64999999999986, 3254.6074523707166, 201.36346500068083, 98.15670012314915, 0.3999730944287691, 0
8.65999999999986, 3254.908575813791, 201.63612250102292, 98.16578172925381, 0.3999736271772117, 0
8.66999999999986, 3255.2085457381386, 201.90880522804864, 98.17482854636985, 0.39997414937721704, 0
8.67999999999986, 3255.5073664735105, 202.18151308512188, 98.1838407050776, 0.3999746612376311, 0
8.68999999999986, 3255.8050423352292, 202.45424597596931, 98.19281833552235, 0.39997516296316554, 0
8.699999999999859, 3256.101577624206, 202.7270038046791, 98.20176156741462, 0.39997565475447955, 0
8.709999999999859, 3256.396976626945, 202.9997864756997, 98.21067053003053, 0.39997613680825994, 0
8.719999999999859, 3256.691243615559, 203.27259389383866, 98.21954535221215, 0.3999766093172997, 0
8.729999999999858, 3256.9843828477797, 203.54542596426148, 98.22838616236787, 0.39997707247057535, 0
8.739999999999858, 3257.276398566973, 203.81828259249028, 98.23719308847282, 0.3999775264533222, 0
8.749999999999858, 3257.5672950021544, 204.09116368440272, 98.24596625806929, 0.39997797144710834, 0
8.759999999999858, 3257.8570763680004, 204.3640691462307, 98.25470579826718, 0.39997840762990766, 0
8.769999999999857, 3258.1457468648673, 204.6369988845592, 98.26341183574455, 0.39997883517617044, 0
8.779999999999857, 3258.433310678809, 204.90995280632515, 98.27208449674801, 0.39997925425689357, 0
8.789999999999857, 3258.719771981589, 205.18293081881612, 98.2807239070933, 0.39997966503968846, 0
8.799999999999857, 3259.0051349307046, 205.45593282966917, 98.28933019216585, 0.3999800676888485, 0
8.809999999999857, 3259.2894036694006, 205.72895874686964, 98.29790347692132, 0.3999804623654143, 0
8.819999999999856, 3259.572582326693, 206.00200847874999, 98.30644388588615, 0.3999808492272384, 0
8.829999999999856, 3259.8546750173837, 206.27508193398856, 98.31495154315823, 0.3999812284290483, 0
8.839999999999856, 3260.1356858420872, 206.54817902160843, 98.32342657240747, 0.3999816001225082, 0
8.849999999999856, 3260.4156188872475, 206.82129965097624, 98.33186909687647, 0.39998196445627965, 0
8.859999999999856, 3260.6944782251603, 207.0944437318009, 98.34027923938116, 0.39998232157608116, 0
8.869999999999855, 3260.9722679139977, 207.36761117413252, 98.34865712231147, 0.3999826716247462, 0
8.879999999999855, 3261.2489919978293, 207.64080188836115, 98.35700286763203, 0.3999830147422806, 0
8.889999999999855, 3261.5246545066457, 207.9140157852157, 98.3653165968829, 0.3999833510659182, 0
8.899999999999855, 3261.799259456382, 208.1872527757626, 98.37359843118027, 0.3999836807301761, 0
8.909999999999854, 3262.0728108489457, 208.46051277140478, 98.38184849121717, 0.39998400386690797, 0
8.919999999999854, 3262.3453126722375, 208.73379568388037, 98.39006689726432, 0.3999843206053572, 0
8.929999999999854, 3262.616768900179, 209.00710142526165, 98.39825376917078, 0.39998463107220833, 0
8.939999999999854, 3262.8871834927377, 209.2804299079538, 98.40640922636481, 0.3999849353916378, 0
8.949999999999854, 3263.156560395954, 209.5537810446937, 98.41453338785468, 0.3999852336853635, 0
8.959999999999853, 3263.424903541971, 209.82715474854885, 98.4226263722294, 0.39998552607269355, 0
8.969999999999853, 3263.692216849055, 210.10055093291615, 98.43068829765967, 0.39998581267057404, 0
8.979999999999853, 3263.9585042216304, 210.37396951152076, 98.43871928189857, 0.3999860935936355, 0
8.989999999999853, 3264.2237695503018, 210.6474103984149, 98.4467194422825, 0.39998636895423917, 0
8.999999999999853, 3264.4880167118877, 210.9208735079768, 98.45468889573208, 5.897338173355138E-12, 0.9999999999852562
9.009999999999852, 3222.3910140659846, 211.1943587549094, 97.18508242984349, 0, 1
9.019999999999852, 3180.3990485693053, 211.46431731721452, 95.91864546663967, 0, 1
9.029999999999852, 3138.510489428801, 211.7307579990663, 94.65532911052918, 0, 1
9.039999999999852, 3096.7237183589127, 211.99368946881776, 93.39508489132947, 0, 1
9.049999999999851, 3055.0371290593316, 212.25312026018256, 92.13786475622119, 0, 1
9.059999999999851, 3013.449126657547, 212.5090587733943, 90.88362106180071, 0, 1
9.069999999999851, 2971.95812711172, 212.76151327634372, 89.63230656625575, 0, 1
9.07999999999985, 2930.562556567851, 213.01049190569444, 88.38387442166103, 0, 1
9.08999999999985, 2889.2608506645793, 213.25600266797682, 87.1382781663912, 0, 1
9.09999999999985, 2848.0514537782205, 213.49805344066124, 85.8954717176482, 0, 1
9.10999999999985, 2806.93281819993, 213.73665197321026, 84.65540936410055, 0, 1
9.11999999999985, 2765.9034032361023, 213.97180588811054, 83.41804575863173, 0, 1
9.12999999999985, 2724.961674222363, 214.20352268188452, 82.18333591119527, 0, 1
9.13999999999985, 2684.1061014407514, 214.4318097260823, 80.95123518177397, 0, 1
9.14999999999985, 2643.335158928995, 214.65667426825388, 79.72169927344062, 0, 1
9.15999999999985, 2602.647323170191, 214.87812343290233, 78.49468422551824, 0, 1
9.169999999999849, 2562.04107165074, 215.09616422241766, 77.27014640683693, 0, 1
9.179999999999849, 2521.5148812741922, 215.3108035179922, 76.04804250908545, 0, 1
9.189999999999849, 2481.0672266187694, 215.52204808051744, 74.82832954025513, 0, 1
9.199999999999848, 2440.69657802692, 215.7299045514626, 73.61096481817383, 0, 1
9.209999999999848, 2400.401399516481, 215.9343794537353, 72.39590596412789, 0, 1
9.219999999999848, 2360.1801465050576, 216.13547919252454, 71.1831108965699, 0, 1
9.229999999999848, 2320.031263342428, 216.33321005612612, 69.97253782491015, 0, 1
9.239999999999847, 2279.9531806503487, 216.52757821675087, 68.76414524338983, 0, 1
9.249999999999847, 2239.944312475639, 216.71858973131583, 67.557891925034, 0, 1
9.259999999999847, 2200.0030532712735, 216.90625054221871, 66.35373691568216, 0, 1
9.269999999999847, 2160.127774732141, 217.0905664780956, 65.1516395280947, 0, 1
9.279999999999847, 2120.316822527936, 217.27154325456254, 63.951559336133386, 0, 1
9.289999999999846, 2080.568512996317, 217.4491864749407, 62.75345616901376, 0, 1
9.299999999999846, 2040.8811298863316, 217.62350163096573, 61.55729010562798, 0, 1
9.309999999999846, 2001.2529212766378, 217.79449410348136, 60.363021468936054, 0, 1
9.319999999999846, 1961.68209683723, 217.9621691631173, 59.17061082042386, 0, 1
9.329999999999846, 1922.16682565952, 218.12653197095182, 57.9800189546262, 0, 1
9.339999999999845, 1882.7052349506307, 218.28758757915912, 56.791206893713266, 0, 1
9.349999999999845, 1843.2954099771807, 218.44534093164165, 55.60413588213866, 0, 1
9.359999999999845, 1803.9353957559842, 218.5997968646476, 54.41876738134765, 0, 1
9.369999999999845, 2940.758675478326, 218.75096010737357, 53.23506306454382, 0, 1
9.379999999999844, 2875.261420155065, 218.89883528255285, 52.052984811512694, 0, 1
9.389999999999844, 2809.827065770133, 219.04342690702927, 50.872494703500635, 0, 1
9.399999999999844, 2744.4503416308376, 219.18473939231677, 49.693555018147705, 0, 1
9.409999999999844, 2679.1256696598025, 219.32277704514496, 48.516128224472844, 0, 1
9.419999999999844, 2613.8471563553626, 219.4575440679907, 47.340176977909955, 0, 1
9.429999999999843, 2548.6085927797444, 219.589044559596, 46.16566411539344, 0, 1
9.439999999999843, 2483.4034657919515, 219.7172825154721, 44.9925526504918, 0, 1
9.449999999999843, 2418.224984648296, 219.84226182839015, 43.820805768587874, 0, 1
9.459999999999843, 2353.0661282196384, 219.96398628885845, 42.650386822104295, 0, 1
9.469999999999843, 2287.919719467969, 220.08245958558652, 41.481259325772946, 0, 1
9.479999999999842, 2222.77853554211, 220.1976853059359, 40.31338695194688, 0, 1
9.489999999999842, 2157.6354639582414, 220.30966693635796, 39.146733525953636, 0, 1
9.499999999999842, 2092.483717900496, 220.41840786281895, 37.98126302148839, 0, 1
9.509999999999842, 2027.3171267939942, 220.52391137121197, 36.81693955604584, 0, 1
9.519999999999841, 1962.130522058983, 220.62618064775654, 35.653727386389555, 0, 1
9.529999999999841, 1896.920242445578, 220.72521877938541, 34.49159090405744, 0, 1
9.539999999999841, 2925.983056283156, 220.8210287541189, 33.330494630902166, 0, 1
9.54999999999984, 2820.694947563904, 220.91361346142696, 32.170403214665335, 0, 1
9.55999999999984, 2715.218032244259, 221.00297569257881, 31.01128142458423, 0, 1
9.56999999999984, 2609.541228041037, 221.08911814098045, 29.853094147029836, 0, 1
9.57999999999984, 2503.6598772746415, 221.17204340249998, 28.69580638117511, 0, 1
9.58999999999984, 2397.578322566366, 221.251753975781, 27.539383234692256, 0, 1
9.59999999999984, 2291.3131698888137, 221.32825226254405, 26.3837899194779, 0, 1
9.60999999999984, 2184.8973797381154, 221.40154056787594, 25.22899174740499, 0, 1
9.61999999999984, 2078.385343281964, 221.47162110050763, 24.07495412610039, 0, 1
9.62999999999984, 1971.8591121023383, 221.53849597308013, 22.921642554746942, 0, 1
9.639999999999839, 1865.4359534457653, 221.60216720239887, 21.769022619909, 0, 1
9.649999999999839, 1759.2773916965643, 221.6626367096764, 20.6170599913803, 0, 1
9.659999999999838, 1653.5998627347067, 221.71990632076358, 19.465720418053102, 0, 1
9.669999999999838, 1548.6870398328049, 221.77397776636928, 18.314969723807526, 0, 1
9.679999999999838, 1444.9037738564457, 221.82485268226876, 17.16477380342004, 0, 1
9.689999999999838, 1342.7114105167666, 221.87253260950047, 16.015098618490057, 0, 1
9.699999999999838, 1242.6839863771206, 221.91701899455182, 14.865910193383556, 0, 1
9.709999999999837, 1145.5244491139458, 221.95831318953344, 13.717174611192739, 0, 1
9.719999999999837, 1052.079590844684, 221.99641645234232, 12.56885800971068, 0, 1
9.729999999999837, 963.3518387777109, 222.03132994681374, 11.420926577419932, 0, 1
9.739999999999837, 880.5054577639651, 222.06305474286214, 10.273346549494105, 0, 1
9.749999999999837, 804.8641710222121, 222.09159181661073, 9.126084203811372, 0, 1
9.759999999999836, 737.8968393619944, 222.1169420505102, 7.97910585697893, 0, 1
9.769999999999836, 681.1878514884487, 222.13910623344626, 6.832377860367396, 0, 1
9.779999999999836, 636.3894984715511, 222.15808506083616, 5.685866596154157, 0, 1
9.789999999999836, 605.1550461603442, 222.17387913471435, 4.539538473374669, 0, 1
9.799999999999836, 589.0535865590634, 222.18648896380705, 3.3933599239807273, 0, 1
9.809999999999835, 589.4709337270042, 222.1959149635959, 2.247297398904729, 0, 1
9.819999999999835, 607.5044122272716, 222.20215745637063, 1.1013173641289267, 0, 1
9.829999999999835, 643.8626179365137, 222.205216671271, -0.044613703241284906, 0, 1
9.839999999999835, 643.8626189481274, 222.20509274431754, -0.044613728639395146, 0, 1
9.849999999999834, 643.8626199597423, 222.20496881729355, -0.04461375403753431, 0, 1
9.859999999999834, 643.8626209713583, 222.204844890199, -0.04461377943570238, 0, 1
9.869999999999834, 643.8626219829755, 222.2047209630339, -0.04461380483389938, 0, 1
9.879999999999834, 643.862622994594, 222.20459703579826, -0.0446138302321253, 0, 1
9.889999999999834, 643.8626240062134, 222.20447310849207, -0.044613855630380124, 0, 1
9.899999999999833, 643.862625017834, 222.2043491811153, -0.04461388102866388, 0, 1
9.909999999999833, 643.8626260294558, 222.204225253668, -0.044613906426976546, 0, 1
9.919999999999833, 643.8626270410789, 222.20410132615015, -0.04461393182531813, 0, 1
9.929999999999833, 643.862628052703, 222.20397739856176, -0.04461395722368863, 0, 1
9.939999999999833, 643.8626290643283, 222.2038534709028, -0.04461398262208805, 0, 1
9.949999999999832, 643.8626300759548, 222.2037295431733, -0.04461400802051639, 0, 1
9.959999999999832, 643.8626310875824, 222.20360561537325, -0.04461403341897365, 0, 1
9.969999999999832, 643.8626320992112, 222.20348168750263, -0.04461405881745983, 0, 1
9.979999999999832, 643.8626331108411, 222.20335775956147, -0.044614084215974924, 0, 1
9.989999999999831, 643.8626341224722, 222.20323383154977, -0.044614109614518935, 0, 1
9.999999999999831, 643.8626351341046, 222.2031099034675, -0.04461413501309187, 0, 1
