Time, position
0, 0
0.01, 0.0004891435208333333
0.02, 0.001952832148836735
0.03, 0.0043847454063866646
0.04, 0.007777628611771489
0.05, 0.012123304774525692
0.060000000000000005, 0.017412687351365988
0.07, 0.023635793845714057
0.08, 0.030781760233034028
0.09, 0.03883885619347781
0.09999999999999999, 0.04779450113261842
0.10999999999999999, 0.057635280970361386
0.11999999999999998, 0.06834696567745717
0.12999999999999998, 0.0799145275383947
0.13999999999999999, 0.09232216011883748
0.15, 0.10555329791516965
0.16, 0.11959063666315126
0.17, 0.13441615428213904
0.18000000000000002, 0.15001113243081263
0.19000000000000003, 0.16635617864985622
0.20000000000000004, 0.18343124906658254
0.21000000000000005, 0.20121567163605047
0.22000000000000006, 0.21968816989281942
0.23000000000000007, 0.23882688718710282
0.24000000000000007, 0.25860941137873156
0.25000000000000006, 0.27901279996201356
0.26000000000000006, 0.30001360559428014
0.2700000000000001, 0.32158790200064347
0.2800000000000001, 0.3437113102272503
0.2900000000000001, 0.36635902521510905
0.3000000000000001, 0.3895058426663849
0.3100000000000001, 0.4131261861749084
0.3200000000000001, 0.437194134592519
0.3300000000000001, 0.4616834496027704
0.34000000000000014, 0.4865676034734628
0.35000000000000014, 0.5118198069594275
0.36000000000000015, 0.5374130373269846
0.37000000000000016, 0.5633200664715146
0.38000000000000017, 0.5895134890996336
0.3900000000000002, 0.6159657509475426
0.4000000000000002, 0.6426491770072216
0.4100000000000002, 0.6695359997322793
0.4200000000000002, 0.6965983871954243
0.4300000000000002, 0.723808471169716
0.4400000000000002, 0.7511383751059647
0.45000000000000023, 0.7785602419788955
0.46000000000000024, 0.8060462619749552
0.47000000000000025, 0.8335686999949353
0.48000000000000026, 0.8610999229449037
0.49000000000000027, 0.8886124267892801
0.5000000000000002, 0.9160788633402583
0.5100000000000002, 0.9434720667581696
0.5200000000000002, 0.9707650797377971
0.5300000000000002, 0.9979311793560889
0.5400000000000003, 1.0249439025571776
0.5500000000000003, 1.0517770712510954
0.5600000000000003, 1.0784048170030784
0.5700000000000003, 1.1048016052908751
0.5800000000000003, 1.1309422593080203
0.5900000000000003, 1.1568019832915968
0.6000000000000003, 1.1823563853535872
0.6100000000000003, 1.2075814997955223
0.6200000000000003, 1.2324538088867427
0.6300000000000003, 1.2569502640872297
0.6400000000000003, 1.281048306696605
0.6500000000000004, 1.304725887911568
0.6600000000000004, 1.3279614882747133
0.6700000000000004, 1.3507341364983665
0.6800000000000004, 1.373023427647779
0.6900000000000004, 1.394809540668743
0.7000000000000004, 1.4160732552454105
0.7100000000000004, 1.436795967974846
0.7200000000000004, 1.4569597078455856
0.7300000000000004, 1.4765471510082362
0.7400000000000004, 1.4955416348269128
0.7500000000000004, 1.513927171201086
0.7600000000000005, 1.5316884591481905
0.7700000000000005, 1.5488108966381318
0.7800000000000005, 1.565280591671618
0.7900000000000005, 1.581084372595039
0.8000000000000005, 1.5962097976454115
0.8100000000000005, 1.6106451637197103
0.8200000000000005, 1.6243795143637079
0.8300000000000005, 1.637402646976246
0.8400000000000005, 1.649705119225666
0.8500000000000005, 1.6612782546759302
0.8600000000000005, 1.6721141476207606
0.8700000000000006, 1.6822056671249268
0.8800000000000006, 1.691546460272603
0.8900000000000006, 1.7001309546235126
0.9000000000000006, 1.70795435987836
0.9100000000000006, 1.7150126687558305
0.9200000000000006, 1.7213026570842187
0.9300000000000006, 1.726821883111511
0.9400000000000006, 1.7315686860385044
0.9500000000000006, 1.7355421837803056
0.9600000000000006, 1.7387422699622865
0.9700000000000006, 1.7411696101573142
0.9800000000000006, 1.74282563737179
0.9900000000000007, 1.7437125467887489
1.0000000000000007, 1.743833289776965
1.0100000000000007, 1.7431915671757034
1.0200000000000007, 1.7417918218654254
1.0300000000000007, 1.7396392306354198
1.0400000000000007, 1.7367396953599803
1.0500000000000007, 1.7330998334953744
1.0600000000000007, 1.7287269679104742
1.0700000000000007, 1.7236291160645125
1.0800000000000007, 1.7178149785460177
1.0900000000000007, 1.7112939269875413
1.1000000000000008, 1.7040759913713497
1.1100000000000008, 1.6961718467417752
1.1200000000000008, 1.687592799340443
1.1300000000000008, 1.6783507721810778
1.1400000000000008, 1.6684582900810765
1.1500000000000008, 1.657928464167483
1.1600000000000008, 1.646774975875443
1.1700000000000008, 1.635012060457631
1.1800000000000008, 1.6226544900235313
1.1900000000000008, 1.6097175561278432
1.2000000000000008, 1.5962170519276178
1.2100000000000009, 1.5821692539280796
1.2200000000000009, 1.567590903337389
1.2300000000000009, 1.5524991870508935
1.2400000000000009, 1.5369117182856837
1.2500000000000009, 1.520846516886511
1.260000000000001, 1.5043219893243522
1.270000000000001, 1.4873569084091018
1.280000000000001, 1.4699703927380543
1.290000000000001, 1.4521818859019913
1.300000000000001, 1.4340111354708234
1.310000000000001, 1.415478171780847
1.320000000000001, 1.396603286545762
1.330000000000001, 1.3774070113136658
1.340000000000001, 1.3579100957922756
1.350000000000001, 1.3381334860646585
1.360000000000001, 1.3180983027177418
1.370000000000001, 1.2978258189058538
1.380000000000001, 1.2773374383715
1.390000000000001, 1.256654673445508
1.400000000000001, 1.2357991230485912
1.410000000000001, 1.2147924507162613
1.420000000000001, 1.1936563626688959
1.430000000000001, 1.1724125859486056
1.440000000000001, 1.1510828466443768
1.450000000000001, 1.1296888482267675
1.460000000000001, 1.1082522500132197
1.470000000000001, 1.086794645784815
1.480000000000001, 1.0653375425750473
1.490000000000001, 1.043902339650911
1.500000000000001, 1.0225103077063105
1.5100000000000011, 1.0011825682874822
1.5200000000000011, 0.9799400734697993
1.5300000000000011, 0.9588035858049692
1.5400000000000011, 0.9377936585572819
1.5500000000000012, 0.9169306162471774
1.5600000000000012, 0.8962345355200061
1.5700000000000012, 0.8757252263574429
1.5800000000000012, 0.8554222136485856
1.5900000000000012, 0.8353447191373253
1.6000000000000012, 0.8155116437621178
1.6100000000000012, 0.7959415504038136
1.6200000000000012, 0.7766526470567203
1.6300000000000012, 0.7576627704375696
1.6400000000000012, 0.7389893700465558
1.6500000000000012, 0.7206494926940882
1.6600000000000013, 0.7026597675063672
1.6700000000000013, 0.685036391422353
1.6800000000000013, 0.6677951151941411
1.6900000000000013, 0.6509512299021972
1.7000000000000013, 0.6345195539963335
1.7100000000000013, 0.6185144208727308
1.7200000000000013, 0.6029496669967226
1.7300000000000013, 0.5878386205804665
1.7400000000000013, 0.5731940908240287
1.7500000000000013, 0.5590283577278018
1.7600000000000013, 0.5453531624835686
1.7700000000000014, 0.5321796984509094
1.7800000000000014, 0.5195186027250348
1.7900000000000014, 0.5073799483015029
1.8000000000000014, 0.4957732368426604
1.8100000000000014, 0.48470739205002117
1.8200000000000014, 0.4741907536461702
1.8300000000000014, 0.46423107196915603
1.8400000000000014, 0.45483550318170807
1.8500000000000014, 0.44601060509699114
1.8600000000000014, 0.4377623336219856
1.8700000000000014, 0.43009603981895983
1.8800000000000014, 0.42301646758488404
1.8900000000000015, 0.41652775194801683
1.9000000000000015, 0.4106334179802864
1.9100000000000015, 0.40533638032347963
1.9200000000000015, 0.40063894332664973
1.9300000000000015, 0.396542801791558
1.9400000000000015, 0.39304904232237214
1.9500000000000015, 0.390158145275263
1.9600000000000015, 0.38786998730296113
1.9700000000000015, 0.3861838444887696
1.9800000000000015, 0.3850983960639659
1.9900000000000015, 0.3846117287019766
2.0000000000000013, 0.38472134138216346
2.010000000000001, 0.3854241508155307
2.020000000000001, 0.38671649742413755
2.0300000000000007, 0.3885941518654912
2.0400000000000005, 0.39105232209269425
2.0500000000000003, 0.3940856609406332
2.06, 0.3976882742280165
2.07, 0.4018537293646096
2.0799999999999996, 0.4065750644525613
2.0899999999999994, 0.4118447978702797
2.099999999999999, 0.4176549383268917
2.109999999999999, 0.4239969953749106
2.1199999999999988, 0.4308619903683408
2.1299999999999986, 0.4382404678530682
2.1399999999999983, 0.4461225073760193
2.149999999999998, 0.4544977356992214
2.159999999999998, 0.4633553394045626
2.1699999999999977, 0.47268407787472927
2.1799999999999975, 0.48247229663549956
2.1899999999999973, 0.4927079410442804
2.199999999999997, 0.5033785703095097
2.209999999999997, 0.5144713718252891
2.2199999999999966, 0.5259731758053785
2.2299999999999964, 0.5378704702004616
2.239999999999996, 0.5501494158823925
2.249999999999996, 0.5627958620789452
2.259999999999996, 0.5757953620424224
2.2699999999999956, 0.58913318893533
2.2799999999999954, 0.6027943519161868
2.289999999999995, 0.6167636124084315
2.299999999999995, 0.6310255005352821
2.3099999999999947, 0.6455643317033316
2.3199999999999945, 0.6603642233175945
2.3299999999999943, 0.6754091116106777
2.339999999999994, 0.6906827685687214
2.349999999999994, 0.7061688189367434
2.3599999999999937, 0.7218507572860314
2.3699999999999934, 0.7377119651262481
2.3799999999999932, 0.7537357280449606
2.389999999999993, 0.7699052528573596
2.399999999999993, 0.7862036847490144
2.4099999999999926, 0.8026141243945979
2.4199999999999924, 0.8191196450356281
2.429999999999992, 0.8357033095003957
2.439999999999992, 0.8523481871493924
2.4499999999999917, 0.8690373707297064
2.4599999999999915, 0.8857539931220312
2.4699999999999913, 0.9024812439641174
2.479999999999991, 0.919202386134705
2.489999999999991, 0.9359007720821884
2.4999999999999907, 0.9525598599825045
2.5099999999999905, 0.9691632297109769
2.5199999999999902, 0.9856945986131158
2.52999999999999, 1.002137837059644
2.53999999999999, 1.0184769837713123
2.5499999999999896, 1.0346962608993655
2.5599999999999894, 1.0507800888478367
2.569999999999989, 1.0667131008241748
2.579999999999989, 1.0824801571050444
2.5899999999999888, 1.0980663590044921
2.5999999999999885, 1.11345706253203
2.6099999999999883, 1.1286378917285602
2.619999999999988, 1.1435947516684482
2.629999999999988, 1.1583138411164358
2.6399999999999877, 1.172781664828498
2.6499999999999875, 1.1869850454861453
2.6599999999999873, 1.2009111352540969
2.669999999999987, 1.214547426951679
2.679999999999987, 1.2278817648287266
2.6899999999999866, 1.240902354937218
2.6999999999999864, 1.253597775090311
2.709999999999986, 1.2659569844009049
2.719999999999986, 1.2779693323923138
2.7299999999999858, 1.2896245676740958
2.7399999999999856, 1.3009128461765542
2.7499999999999853, 1.311824738937899
2.759999999999985, 1.3223512394385328
2.769999999999985, 1.332483770477403
2.7799999999999847, 1.3422141905858482
2.7899999999999845, 1.3515347999748448
2.7999999999999843, 1.3604383460120533
2.809999999999984, 1.3689180282255422
2.819999999999984, 1.3769675028315627
2.8299999999999836, 1.3845808867842302
2.8399999999999834, 1.3917527613454586
2.849999999999983, 1.3984781751739785
2.859999999999983, 1.4047526469327578
2.869999999999983, 1.4105721674146259
2.8799999999999826, 1.4159332011863837
2.8899999999999824, 1.4208326877521613
2.899999999999982, 1.4252680422372617
2.909999999999982, 1.4292371555941985
2.9199999999999817, 1.432738394333106
2.9299999999999815, 1.4357705997791632
2.9399999999999813, 1.4383330868601303
2.949999999999981, 1.4404256424275517
2.959999999999981, 1.4420485231156253
2.9699999999999807, 1.4432024527421792
2.9799999999999804, 1.4438886192566327
2.9899999999999802, 1.4441086712402447
2.99999999999998, 1.4438647139643732
3.00999999999998, 1.4431593050128824
3.0199999999999796, 1.4419954494752365
3.0299999999999794, 1.4403765947172171
3.039999999999979, 1.4383066247365859
3.049999999999979, 1.435789854111392
3.0599999999999787, 1.432831021548994
3.0699999999999785, 1.4294352830442196
3.0799999999999783, 1.4256082046554375
3.089999999999978, 1.4213557549076543
3.099999999999978, 1.4166842968320712
3.1099999999999777, 1.4116005796518547
3.1199999999999775, 1.4061117301241801
3.1299999999999772, 1.4002252435488942
3.139999999999977, 1.3939489744544327
3.149999999999977, 1.3872911269718873
3.1599999999999766, 1.3802602449083832
3.1699999999999764, 1.3728652015311649
3.179999999999976, 1.3651151890740234
3.189999999999976, 1.3570197079779172
3.1999999999999758, 1.3485885558778428
3.2099999999999755, 1.3398318163482066
3.2199999999999753, 1.3307598474191265
3.229999999999975, 1.321383269876262
3.239999999999975, 1.31171295535692
3.2499999999999747, 1.3017600142553283
3.2599999999999745, 1.2915357834500887
3.2699999999999743, 1.2810518138669411
3.279999999999974, 1.2703198578900632
3.289999999999974, 1.2593518566352162
3.2999999999999736, 1.2481599270981232
3.3099999999999734, 1.2367563491915174
3.319999999999973, 1.225153552684348
3.329999999999973, 1.213364104056655
3.3399999999999728, 1.2014006932836492
3.3499999999999726, 1.1892761205625297
3.3599999999999723, 1.177003282995563
3.369999999999972, 1.1645951612429266
3.379999999999972, 1.1520648061587784
3.3899999999999717, 1.1394253254239668
3.3999999999999715, 1.1266898701887298
3.4099999999999713, 1.1138716217386568
3.419999999999971, 1.1009837781970968
3.429999999999971, 1.0880395412770936
3.4399999999999706, 1.0750521030958164
3.4499999999999704, 1.0620346330643242
3.45999999999997, 1.0490002648653654
3.46999999999997, 1.0359620835317627
3.47999999999997, 1.022933112637768
3.4899999999999696, 1.0099263016156028
3.4999999999999694, 0.9969545132092057
3.509999999999969, 0.9840305110770217
3.519999999999969, 0.9711669475554515
3.5299999999999687, 0.9583763515943665
3.5399999999999685, 0.9456711168758634
3.5499999999999683, 0.9330634901271959
3.559999999999968, 0.9205655596385721
3.569999999999968, 0.9081892439962473
3.5799999999999677, 0.895946281041078
3.5899999999999674, 0.8838482170624234
3.5999999999999672, 0.8719063962370015
3.609999999999967, 0.8601319503220088
3.619999999999967, 0.8485357886115193
3.6299999999999666, 0.8371285881648641
3.6399999999999664, 0.8259207843153836
3.649999999999966, 0.81492256146762
3.659999999999966, 0.8041438441906908
3.6699999999999657, 0.7935942886152496
3.6799999999999655, 0.7832832741411001
3.6899999999999653, 0.7732198954621872
3.699999999999965, 0.7634129549153337
3.709999999999965, 0.7538709551587421
3.7199999999999647, 0.744602092185918
3.7299999999999645, 0.7356142486803097
3.7399999999999642, 0.7269149877155949
3.749999999999964, 0.7185115468061726
3.759999999999964, 0.7104108323120467
3.7699999999999636, 0.7026194142019178
3.7799999999999634, 0.6951435211779161
3.789999999999963, 0.6879890361650377
3.799999999999963, 0.6811614921679613
3.8099999999999627, 0.6746660684975484
3.8199999999999625, 0.6685075873689448
3.8299999999999623, 0.662690510872824
3.839999999999962, 0.6572189383209327
3.849999999999962, 0.6520966039667179
3.8599999999999617, 0.6473268751014403
3.8699999999999615, 0.6429127505257984
3.8799999999999613, 0.6388568593967162
3.889999999999961, 0.6351614604485725
3.899999999999961, 0.6318284415877816
3.9099999999999606, 0.6288593198592687
3.9199999999999604, 0.6262552417830158
3.92999999999996, 0.6240169840584999
3.93999999999996, 0.6221449546344839
3.9499999999999598, 0.6206391941412716
3.9599999999999596, 0.6194993776821905
3.9699999999999593, 0.6187248169807245
3.979999999999959, 0.6183144628793787
3.989999999999959, 0.6182669081860339
3.9999999999999587, 0.6185803908632134
4.009999999999959, 0.6192527975553753
4.019999999999959, 0.620281667449024
4.0299999999999585, 0.6216641964601308
4.039999999999958, 0.6233972417430552
4.049999999999958, 0.6254773265148655
4.059999999999958, 0.6279006451886747
4.069999999999958, 0.630663068809329
4.079999999999957, 0.6337601507845207
4.089999999999957, 0.6371871329041346
4.099999999999957, 0.6409389516403868
4.109999999999957, 0.6450102447210724
4.119999999999957, 0.6493953579680019
4.129999999999956, 0.6540883523924849
4.139999999999956, 0.6590830115395007
4.149999999999956, 0.6643728490719897
4.159999999999956, 0.6699511165865052
4.1699999999999555, 0.6758108116512738
4.179999999999955, 0.6819446860575399
4.189999999999955, 0.6883452542748993
4.199999999999955, 0.6950048021011712
4.209999999999955, 0.7019153954972105
4.2199999999999545, 0.7090688895969272
4.229999999999954, 0.7164569378826501
4.239999999999954, 0.7240710015158611
4.249999999999954, 0.7319023588132161
4.259999999999954, 0.7399421148576776
4.269999999999953, 0.7481812112344988
4.279999999999953, 0.7566104358817248
4.289999999999953, 0.7652204330448159
4.299999999999953, 0.774001713324943
4.3099999999999525, 0.7829446638104679
4.319999999999952, 0.7920395582810854
4.329999999999952, 0.8012765674740897
4.339999999999952, 0.8106457694022136
4.349999999999952, 0.8201371597124926
4.3599999999999515, 0.8297406620756181
4.369999999999951, 0.8394461385952632
4.379999999999951, 0.8492434002269001
4.389999999999951, 0.8591222171956708
4.399999999999951, 0.8690723294029222
4.40999999999995, 0.8790834568110851
4.41999999999995, 0.8891453097966455
4.42999999999995, 0.8992475994610417
4.43999999999995, 0.909380047889412
4.4499999999999496, 0.9195323983472217
4.459999999999949, 0.9296944254049087
4.469999999999949, 0.9398559449808073
4.479999999999949, 0.9500068242927422
4.489999999999949, 0.960136991708821
4.4999999999999485, 0.9702364464881036
4.509999999999948, 0.9802952684019808
4.519999999999948, 0.9903036272272625
4.529999999999948, 1.000251792102145
4.539999999999948, 1.0101301407364096
4.549999999999947, 1.0199291684673952
4.559999999999947, 1.029639497153478
4.569999999999947, 1.0392518838970004
4.579999999999947, 1.048757229588801
4.589999999999947, 1.0581465872667075
4.599999999999946, 1.0674111702805897
4.609999999999946, 1.0765423602567892
4.619999999999946, 1.0855317148549837
4.629999999999946, 1.0943709753107855
4.6399999999999455, 1.1030520737576175
4.649999999999945, 1.111567140321666
4.659999999999945, 1.119908509983966
4.669999999999945, 1.128068729203934
4.679999999999945, 1.1360405622989331
4.689999999999944, 1.1438169975747245
4.699999999999944, 1.1513912532019315
4.709999999999944, 1.1587567828339234
4.719999999999944, 1.1659072809618036
4.729999999999944, 1.1728366880024745
4.739999999999943, 1.1795391951160321
4.749999999999943, 1.1860092487490388
4.759999999999943, 1.1922415549005076
4.769999999999943, 1.1982310831077267
4.7799999999999425, 1.2039730701493467
4.789999999999942, 1.2094630234634451
4.799999999999942, 1.2146967242785833
4.809999999999942, 1.2196702304561617
4.819999999999942, 1.2243798790426799
4.8299999999999415, 1.2288222885308018
4.839999999999941, 1.2329943608284242
4.849999999999941, 1.236893282935239
4.859999999999941, 1.240516528326578
4.869999999999941, 1.2438618580446184
4.87999999999994, 1.2469273214973209
4.88999999999994, 1.2497112569657607
4.89999999999994, 1.252212291820801
4.90999999999994, 1.2544293424503397
4.9199999999999395, 1.2563616138986498
4.929999999999939, 1.258008599219604
4.939999999999939, 1.2593700785458608
4.949999999999939, 1.2604461178763526
4.959999999999939, 1.2612370675846938
4.9699999999999385, 1.2617435606513852
4.979999999999938, 1.261966510622959
4.989999999999938, 1.2619071093014593
4.999999999999938, 1.261566824167909
5.009999999999938, 1.2609473955436574
5.019999999999937, 1.2600508334937521
5.029999999999937, 1.2588794144767042
5.039999999999937, 1.2574356777452587
5.049999999999937, 1.2557224215029983
5.0599999999999365, 1.2537426988218339
5.069999999999936, 1.2514998133256456
5.079999999999936, 1.2489973146455453
5.089999999999936, 1.246238993652434
5.099999999999936, 1.2432288774727192
5.1099999999999355, 1.2399712242932448
5.119999999999935, 1.236470517961668
5.129999999999935, 1.2327314623886865
5.139999999999935, 1.228758975758691
5.149999999999935, 1.2245581845555698
5.159999999999934, 1.2201344174105477
5.169999999999934, 1.215493198779084
5.179999999999934, 1.210640242453986
5.189999999999934, 1.2055814449220288
5.199999999999934, 1.2003228785714857
5.209999999999933, 1.194870784758087
5.219999999999933, 1.189231566737033
5.229999999999933, 1.1834117824687753
5.239999999999933, 1.1774181373063735
5.2499999999999325, 1.1712574765723112
5.259999999999932, 1.1649367780327278
5.269999999999932, 1.1584631442770816
5.279999999999932, 1.1518437950113196
5.289999999999932, 1.145086059272669
5.299999999999931, 1.138197367574211
5.309999999999931, 1.1311852439874162
5.319999999999931, 1.1240572981708543
5.329999999999931, 1.116821217353293
5.339999999999931, 1.1094847582794112
5.34999999999993, 1.102055739126347
5.35999999999993, 1.0945420313992875
5.36999999999993, 1.0869515518142898
5.37999999999993, 1.0792922541764913
5.3899999999999295, 1.071572121261835
5.399999999999929, 1.0637991567103884
5.409999999999929, 1.0559813769392843
5.419999999999929, 1.0481268030832522
5.429999999999929, 1.0402434529706404
5.4399999999999284, 1.0323393331427562
5.449999999999928, 1.024422430924268
5.459999999999928, 1.0165007065523226
5.469999999999928, 1.0085820853719372
5.479999999999928, 1.0006744501051188
5.489999999999927, 0.992785633201055
5.499999999999927, 0.9849234092746005
5.509999999999927, 0.9770954876401636
5.519999999999927, 0.9693095049479606
5.5299999999999265, 0.9615730179294748
5.539999999999926, 0.9538934962588098
5.549999999999926, 0.9462783155364803
5.559999999999926, 0.9387347504020268
5.569999999999926, 0.931269967781682
5.5799999999999255, 0.9238910202771508
5.589999999999925, 0.9166048397013921
5.599999999999925, 0.9094182307671203
5.609999999999925, 0.9023378649335559
5.619999999999925, 0.8953702744167773
5.629999999999924, 0.8885218463688281
5.639999999999924, 0.8817988172305482
5.649999999999924, 0.8752072672628913
5.659999999999924, 0.8687531152612955
5.6699999999999235, 0.8624421134574645
5.679999999999923, 0.8562798426127113
5.689999999999923, 0.8502717073068013
5.699999999999923, 0.8444229314260203
5.709999999999923, 0.8387385538539724
5.7199999999999225, 0.8332234243683967
5.729999999999922, 0.8278821997470661
5.739999999999922, 0.822719340085611
5.749999999999922, 0.8177391053298819
5.759999999999922, 0.8129455520252414
5.769999999999921, 0.8083425302849445
5.779999999999921, 0.8039336809795391
5.789999999999921, 0.7997224331489874
5.799999999999921, 0.795712001638979
5.809999999999921, 0.7919053849626747
5.81999999999992, 0.7883053633888887
5.82999999999992, 0.7849144972574889
5.83999999999992, 0.7817351255225599
5.84999999999992, 0.7787693645236474
5.8599999999999195, 0.7760191069851711
5.869999999999919, 0.7734860212438665
5.879999999999919, 0.7711715507038893
5.889999999999919, 0.7690769135189894
5.899999999999919, 0.7672031025009398
5.909999999999918, 0.7655508852531832
5.919999999999918, 0.7641208045284388
5.929999999999918, 0.7629131788087979
5.939999999999918, 0.7619281031066168
5.949999999999918, 0.7611654499843097
5.959999999999917, 0.7606248707909311
5.969999999999917, 0.7603057971132339
5.979999999999917, 0.7602074424386858
5.989999999999917, 0.7603288040277281
5.9999999999999165, 0.7606686649923656
6.009999999999916, 0.7612255965779868
6.019999999999916, 0.7619979606451222
6.029999999999916, 0.7629839123476703
6.039999999999916, 0.7641814030039401
6.0499999999999154, 0.765588183156683
6.059999999999915, 0.7672018058181211
6.069999999999915, 0.7690196298958121
6.079999999999915, 0.7710388237950306
6.089999999999915, 0.7732563691931956
6.099999999999914, 0.7756690649817168
6.109999999999914, 0.778273531370497
6.119999999999914, 0.7810662141501836
6.129999999999914, 0.7840433891071311
6.1399999999999135, 0.7872011665859103
6.149999999999913, 0.7905354961940766
6.159999999999913, 0.7940421716437955
6.169999999999913, 0.7977168357248144
6.179999999999913, 0.801554985403164
6.1899999999999125, 0.8055519770398782
6.199999999999912, 0.8097030317239273
6.209999999999912, 0.8140032407134765
6.219999999999912, 0.8184475709795023
6.229999999999912, 0.8230308708457259
6.239999999999911, 0.8277478757187597
6.249999999999911, 0.8325932139022995
6.259999999999911, 0.8375614124891448
6.269999999999911, 0.842646903324784
6.2799999999999105, 0.8478440290362358
6.28999999999991, 0.8531470491198115
6.29999999999991, 0.8585501460814298
6.30999999999991, 0.8640474316230988
6.31999999999991, 0.8696329528691648
6.3299999999999095, 0.8753006986259172
6.339999999999909, 0.8810446056681426
6.349999999999909, 0.886858565046221
6.359999999999909, 0.8927364284073721
6.369999999999909, 0.8986720143246758
6.379999999999908, 0.9046591146275151
6.389999999999908, 0.9106915007271209
6.399999999999908, 0.916762929930933
6.409999999999908, 0.9228671517395365
6.419999999999908, 0.9289979141199775
6.429999999999907, 0.935148969749321
6.439999999999907, 0.9413140822223713
6.449999999999907, 0.9474870322175403
6.459999999999907, 0.9536616236149253
6.4699999999999065, 0.9598316895607305
6.479999999999906, 0.965991098472251
6.489999999999906, 0.9721337599777269
6.499999999999906, 0.9782536307854681
6.509999999999906, 0.9843447204767475
6.519999999999905, 0.9904010972170654
6.529999999999905, 0.996416893380496
6.539999999999905, 1.0023863110819393
6.549999999999905, 1.0083036276122201
6.559999999999905, 1.0141632007710961
6.569999999999904, 1.0199594740933682
6.579999999999904, 1.0256869819634093
6.589999999999904, 1.031340354613571
6.599999999999904, 1.0369143230020585
6.6099999999999035, 1.0424037235660113
6.619999999999903, 1.0478035028456716
6.629999999999903, 1.053108721975669
6.639999999999903, 1.0583145610396074
6.649999999999903, 1.0634163232842904
6.659999999999902, 1.068409439190082
6.669999999999902, 1.0732894703940628
6.679999999999902, 1.0780521134627983
6.689999999999902, 1.0826932035117114
6.699999999999902, 1.08720871766821
6.709999999999901, 1.0915947783758968
6.719999999999901, 1.0958476565373585
6.729999999999901, 1.0999637744932038
6.739999999999901, 1.103939708835195
6.7499999999999005, 1.1077721930514977
6.7599999999999, 1.1114581200022433
6.7699999999999, 1.1149945442237854
6.7799999999999, 1.1183786840602032
6.7899999999999, 1.1216079236207896
6.7999999999998995, 1.1246798145624377
6.809999999999899, 1.1275920776960227
6.819999999999899, 1.1303426044160545
6.829999999999899, 1.132929457953055
6.839999999999899, 1.1353508744482983
6.849999999999898, 1.1376052638507226
6.859999999999898, 1.139691210636013
6.869999999999898, 1.141607474348019
6.879999999999898, 1.1433529899628545
6.8899999999998975, 1.1449268680762046
6.899999999999897, 1.1463283949145286
6.909999999999897, 1.1475570321710313
6.919999999999897, 1.1486124166674372
6.929999999999897, 1.1494943598427751
6.9399999999998965, 1.1502028470705459
6.949999999999896, 1.1507380368058084
6.959999999999896, 1.1511002595638864
6.969999999999896, 1.1512900167325508
6.979999999999896, 1.1513079792196952
6.989999999999895, 1.1511549859386734
6.999999999999895, 1.1508320421336187
7.009999999999895, 1.1503403175472142
7.019999999999895, 1.1496811444335269
7.0299999999998946, 1.14885601541866
7.039999999999894, 1.1478665812121187
7.049999999999894, 1.1467146481719126
7.059999999999894, 1.1454021757265562
7.069999999999894, 1.143931273657252
7.0799999999998935, 1.1423041992436627
7.089999999999893, 1.1405233542768012
7.099999999999893, 1.1385912819426813
7.109999999999893, 1.1365106635804794
7.119999999999893, 1.1342843153190683
7.129999999999892, 1.1319151845958857
7.139999999999892, 1.129406346562193
7.149999999999892, 1.1267610003788804
7.159999999999892, 1.1239824654070547
7.169999999999892, 1.121074177297739
7.179999999999891, 1.118039683985083
7.189999999999891, 1.114882641587565
7.199999999999891, 1.11160681022173
7.209999999999891, 1.1082160497330793
7.2199999999998905, 1.1047143153487777
7.22999999999989, 1.1011056532569101
7.23999999999989, 1.097394196117058
7.24999999999989, 1.0935841585070198
7.25999999999989, 1.0896798323105346
7.269999999999889, 1.0856855820509
7.279999999999889, 1.0816058401754154
7.289999999999889, 1.0774451022955929
7.299999999999889, 1.0732079223881066
7.309999999999889, 1.068898907961464
7.319999999999888, 1.0645227151933878
7.329999999999888, 1.0600840440439092
7.339999999999888, 1.0555876333491623
7.349999999999888, 1.0510382559008749
7.3599999999998875, 1.046440713516531
7.369999999999887, 1.041799832105171
7.379999999999887, 1.0371204567337706
7.389999999999887, 1.0324074466991195
7.399999999999887, 1.0276656706100846
7.4099999999998865, 1.022900001485113
7.419999999999886, 1.0181153118697885
7.429999999999886, 1.0133164689792098
7.439999999999886, 1.0085083298699142
7.449999999999886, 1.003695736646014
7.459999999999885, 0.9988835117041543
7.469999999999885, 0.9940764530218457
7.479999999999885, 0.9892793294936508
7.489999999999885, 0.984496876319641
7.4999999999998845, 0.9797337904504598
7.509999999999884, 0.9749947260932557
7.519999999999884, 0.9702842902826618
7.529999999999884, 0.965607038520917
7.539999999999884, 0.9609674704911307
7.5499999999998835, 0.9563700258476038
7.559999999999883, 0.9518190800870184
7.569999999999883, 0.9473189405042137
7.579999999999883, 0.9428738422361571
7.589999999999883, 0.9384879443976185
7.599999999999882, 0.9341653263119443
7.609999999999882, 0.9299099838402157
7.619999999999882, 0.9257258258119627
7.629999999999882, 0.921616670560487
7.6399999999998816, 0.9175862425657278
7.649999999999881, 0.9136381692074832
7.659999999999881, 0.9097759776316734
7.669999999999881, 0.9060030917322108
7.679999999999881, 0.9023228292509071
7.6899999999998805, 0.8987383989977237
7.69999999999988, 0.8952528981935371
7.70999999999988, 0.891869309937459
7.71999999999988, 0.8885905008006144
7.72999999999988, 0.8854192185481494
7.739999999999879, 0.8823580899911
7.749999999999879, 0.8794096189696162
7.759999999999879, 0.8765761844688995
7.769999999999879, 0.8738600388690692
7.779999999999879, 0.8712633063300368
7.789999999999878, 0.8687879813123253
7.799999999999878, 0.8664359272346305
7.809999999999878, 0.864208875268782
7.819999999999878, 0.8621084232726199
7.8299999999998775, 0.8601360348611642
7.839999999999877, 0.858293038616313
7.849999999999877, 0.8565806274351676
7.859999999999877, 0.8549998580169426
7.869999999999877, 0.8535516504882816
7.879999999999876, 0.8522367881666623
7.889999999999876, 0.8510559174614372
7.899999999999876, 0.8500095479119238
7.909999999999876, 0.8490980523618217
7.919999999999876, 0.848321667269102
7.929999999999875, 0.8476804931503863
7.939999999999875, 0.8471744951586996
7.949999999999875, 0.8468035037933557
7.959999999999875, 0.8465672157406094
7.9699999999998745, 0.8464651948435834
7.979999999999874, 0.8464968731998576
7.989999999999874, 0.846661552384991
7.999999999999874, 0.8469584048001263
8.009999999999874, 0.8473864751417142
8.019999999999873, 0.847944681991283
8.029999999999873, 0.8486318195230692
8.039999999999873, 0.849446559327217
8.049999999999873, 0.8503874523461531
8.059999999999873, 0.8514529309216403
8.069999999999872, 0.8526413109499159
8.079999999999872, 0.8539507941422265
8.089999999999872, 0.8553794703879793
8.099999999999872, 0.8569253202176402
8.109999999999872, 0.8585862173624249
8.119999999999871, 0.860359931407748
8.129999999999871, 0.8622441305373143
8.139999999999871, 0.8642363843646648
8.14999999999987, 0.8663341668489156
8.15999999999987, 0.8685348592913633
8.16999999999987, 0.8708357534095622
8.17999999999987, 0.8732340544854233
8.18999999999987, 0.8757268845838243
8.19999999999987, 0.8783112858381692
8.20999999999987, 0.8809842237992866
8.21999999999987, 0.8837425908440104
8.229999999999869, 0.886583209639745
8.239999999999869, 0.8895028366612812
8.249999999999869, 0.8924981657560929
8.259999999999868, 0.8955658317543187
8.269999999999868, 0.8987024141196032
8.279999999999868, 0.901904440636953
8.289999999999868, 0.9051683911337456
8.299999999999867, 0.9084907012300132
8.309999999999867, 0.911867766114115
8.319999999999867, 0.9152959443399061
8.329999999999867, 0.9187715616415079
8.339999999999867, 0.9222909147617868
8.349999999999866, 0.9258502752906559
8.359999999999866, 0.9294458935093197
8.369999999999866, 0.9330740022366008
8.379999999999866, 0.9367308206734988
8.389999999999866, 0.9404125582421587
8.399999999999865, 0.9441154184154449
8.409999999999865, 0.9478356025333489
8.419999999999865, 0.9515693136024909
8.429999999999865, 0.9553127600750083
8.439999999999864, 0.9590621596031658
8.449999999999864, 0.9628137427660622
8.459999999999864, 0.9665637567648581
8.469999999999864, 0.9703084690829924
8.479999999999864, 0.9740441711079154
8.489999999999863, 0.9777671817109147
8.499999999999863, 0.9814738507816743
8.509999999999863, 0.9851605627142664
8.519999999999863, 0.9888237398413418
8.529999999999863, 0.9924598458133502
8.539999999999862, 0.9960653889196974
8.549999999999862, 0.9996369253488121
8.559999999999862, 1.003171062384179
8.569999999999862, 1.0066644615334681
8.579999999999862, 1.010113841587973
8.589999999999861, 1.013515981609653
8.599999999999861, 1.0168677238431654
8.60999999999986, 1.02016597655035
8.61999999999986, 1.0234077167647324
8.62999999999986, 1.0265899929636948
8.63999999999986, 1.029709927656058
8.64999999999986, 1.0327647198829186
8.65999999999986, 1.0357516476296786
8.66999999999986, 1.0386680701473026
8.67999999999986, 1.0415114301809432
8.68999999999986, 1.044279256104172
8.699999999999859, 1.046969163957158
8.709999999999859, 1.0495788593872406
8.719999999999859, 1.052106139490447
8.729999999999858, 1.054548894552613
8.739999999999858, 1.0569051096888702
8.749999999999858, 1.0591728663803717
8.759999999999858, 1.0613503439072351
8.769999999999857, 1.063435820676793
8.779999999999857, 1.0654276754463463
8.789999999999857, 1.067324388439728
8.799999999999857, 1.0691245423570943
8.809999999999857, 1.0708268232774656
8.819999999999856, 1.0724300214536553
8.829999999999856, 1.0739330319993277
8.839999999999856, 1.0753348554680393
8.849999999999856, 1.0766345983242247
8.859999999999856, 1.077831473306194
8.869999999999855, 1.0789247996813218
8.879999999999855, 1.079914003393708
8.889999999999855, 1.080798617104701
8.899999999999855, 1.0815782801267766
8.909999999999854, 1.0822527382513705
8.919999999999854, 1.082821843471365
8.929999999999854, 1.0832855535990336
8.939999999999854, 1.083643931780342
8.949999999999854, 1.083897145906612
8.959999999999853, 1.0840454679246438
8.969999999999853, 1.0840892730464908
8.979999999999853, 1.084029038860178
8.989999999999853, 1.083865344342744
8.999999999999853, 1.083598868777076
9.009999999999852, 1.0832303905741025
9.019999999999852, 1.0827607860019866
9.029999999999852, 1.0821910278240519
9.039999999999852, 1.081522183847257
9.049999999999851, 1.0807554153831105
9.059999999999851, 1.0798919756229979
9.069999999999851, 1.0789332079299696
9.07999999999985, 1.07788054404911
9.08999999999985, 1.0767355022386766
9.09999999999985, 1.075499685324272
9.10999999999985, 1.0741747786783697
9.11999999999985, 1.0727625481275846
9.12999999999985, 1.0712648377901335
9.13999999999985, 1.0696835678459917
9.14999999999985, 1.0680207322423059
9.15999999999985, 1.0662783963366738
9.169999999999849, 1.0644586944809518
9.179999999999849, 1.0625638275482978
9.189999999999849, 1.0605960604061972
9.199999999999848, 1.0585577193382638
9.209999999999848, 1.056451189417641
9.219999999999848, 1.0542789118348657
9.229999999999848, 1.0520433811830878
9.239999999999847, 1.0497471427035627
9.249999999999847, 1.0473927894943664
9.259999999999847, 1.0449829596852978
9.269999999999847, 1.0425203335819562
9.279999999999847, 1.0400076307819952
9.289999999999846, 1.037447607266569
9.299999999999846, 1.0348430524699954
9.309999999999846, 1.0321967863306671
9.319999999999846, 1.029511656326246
9.329999999999846, 1.0267905344961767
9.339999999999845, 1.0240363144545512
9.349999999999845, 1.0212519083963536
9.359999999999845, 1.0184402441001033
9.369999999999845, 1.0156042619299033
9.379999999999844, 1.0127469118398889
9.389999999999844, 1.0098711503840507
9.399999999999844, 1.0069799377343887
9.409999999999844, 1.0040762347103296
9.419999999999844, 1.0011629998223142
9.429999999999843, 0.9982431863324328
9.439999999999843, 0.9953197393349561
9.449999999999843, 0.9923955928595732
9.459999999999843, 0.9894736670001137
9.469999999999843, 0.98655686507149
9.479999999999842, 0.9836480707975549
9.489999999999842, 0.9807501455325263
9.499999999999842, 0.9778659255185806
9.509999999999842, 0.9749982191821728
9.519999999999841, 0.9721498044715833
9.529999999999841, 0.9693234262381454
9.539999999999841, 0.9665217936635441
9.54999999999984, 0.9637475777355246
9.55999999999984, 0.9610034087742858
9.56999999999984, 0.9582918740117743
9.57999999999984, 0.9556155152260278
9.58999999999984, 0.9529768264326552
9.59999999999984, 0.9503782516354687
9.60999999999984, 0.947822182638218
9.61999999999984, 0.9453109569193038
9.62999999999984, 0.9428468555712765
9.639999999999839, 0.9404321013068521
9.649999999999839, 0.9380688565331026
9.659999999999838, 0.9357592214954012
9.669999999999838, 0.9335052324926264
9.679999999999838, 0.9313088601650487
9.689999999999838, 0.9291720078562465
9.699999999999838, 0.9270965100503153
9.709999999999837, 0.9250841308855519
9.719999999999837, 0.9231365627457172
9.729999999999837, 0.9212554249298948
9.739999999999837, 0.9194422624018788
9.749999999999837, 0.9176985446199434
9.759999999999836, 0.9160256644477597
9.769999999999836, 0.9144249371471415
9.779999999999836, 0.9128975994532159
9.789999999999836, 0.9114448087325318
9.799999999999836, 0.91006764222453
9.809999999999835, 0.9087670963667178
9.819999999999835, 0.9075440862038029
9.829999999999835, 0.9063994448809561
9.839999999999835, 0.9053339232212912
9.849999999999834, 0.9043481893875607
9.859999999999834, 0.9034428286279864
9.869999999999834, 0.9026183431060592
9.879999999999834, 0.9018751518140564
9.889999999999834, 0.9012135905699492
9.899999999999833, 0.9006339120972835
9.909999999999833, 0.9001362861875437
9.919999999999833, 0.8997207999444246
9.929999999999833, 0.8993874581093589
9.939999999999833, 0.8991361834675722
9.949999999999832, 0.8989668173338561
9.959999999999832, 0.8988791201171803
9.969999999999832, 0.8988727719631848
9.979999999999832, 0.8989473734735246
9.989999999999831, 0.8991024465009649
9.999999999999831, 0.8993374350190575
