Time, throttle, brake_cmd, gearBox.motor_speed, car.x, velocity
0, 0, 0, 642.0997438200768, 0, 0
0.01, 0.00999966667999946, 0, 641.9271366409165, 4.078640332270977E-06, 0.004406968858839009
0.02, 0.019997333759930933, 0, 641.4090925878705, 3.2684948979148654E-05, 0.017675983997245213
0.03, 0.029991003238820143, 0, 640.5449978940832, 0.00011061474474983272, 0.03995232362229455
0.04, 0.03997868031116357, 0, 639.3340134956804, 0.00026320546360391044, 0.07148131867213987
0.05, 0.04995837495787998, 0, 637.7753677996693, 0.0005166203870644882, 0.11261323227096673
0.060000000000000005, 0.0599281035291435, 0, 635.8688021647586, 0.0008981493124169299, 0.16381023854103868
0.07, 0.06988589031642899, 0, 633.6152082859422, 0.0014365316787030937, 0.2256556369272593
0.08, 0.07982976911113136, 0, 631.0175130739823, 0.002162308574240065, 0.29886545968509326
0.09, 0.0897577847471601, 0, 628.0818872437304, 0.003108210495841298, 0.3843026301735691
0.09999999999999999, 0.0996679946249558, 0, 624.8193798251028, 0.004309588126680178, 0.4829937918281154
0.10999999999999999, 0.10955847021442952, 0, 621.2481131854162, 0.0058048936100170605, 0.5961488256352143
0.11999999999999998, 0.11942729853438587, 0, 617.3962122689369, 0.007636219587037846, 0.7251828653944977
0.12999999999999998, 0.1292725836060583, 0, 613.3056863733696, 0.009849902258785, 0.871740239811424
0.13999999999999999, 0.139092447878458, 0, 609.0375271535617, 0.012497192321140526, 1.0377191213351529
0.15, 0.14888503362331798, 0, 604.6783210616715, 0.015634992880299868, 1.2252946063126597
0.16, 0.1586485042974989, 0, 600.3486740157227, 0.019326655016689214, 1.4369363114709146
0.17, 0.16838104587081473, 0, 596.2136658063708, 0.02364280763184142, 1.6754141529389728
0.18000000000000002, 0.17808086811733023, 0, 592.4953155996861, 0.028662176207534182, 1.943782645309746
0.19000000000000003, 0.18774620586828544, 0, 589.4865339313236, 0.03447231268620399, 2.245329949548835
0.20000000000000004, 0.19737532022490403, 0, 587.565120567586, 0.04117011454240715, 2.583473782666396
0.21000000000000005, 0.20696649972945264, 0, 587.2049367238524, 0.0488619576573261, 2.961584182330481
0.22000000000000006, 0.21651806149302888, 0, 588.9795223947629, 0.057663215216326655, 3.3827168027436376
0.23000000000000007, 0.22602835227867102, 0, 593.5516976453578, 0.06769690692090881, 3.8492552848776747
0.24000000000000007, 0.23549574953849803, 0, 601.6423604019916, 0.07909125732888196, 4.362491708071015
0.25000000000000006, 0.2449186624037092, 0, 613.9746159622874, 0.09197608135177684, 4.92221757673318
0.26000000000000006, 0.2542955326263912, 0, 631.1967702011859, 0.10647817528142767, 5.526437381284799
0.2700000000000001, 0.2636248354722034, 0, 653.7980808576303, 0.12271622212284607, 6.171322245798832
0.2800000000000001, 0.2729050805631328, 0, 682.0391296967134, 0.1407959866801196, 6.851467917599404
0.2900000000000001, 0.2821348126696342, 0, 715.9177589316289, 0.16080661971602095, 7.56041993617023
0.3000000000000001, 0.291312612451591, 0, 755.1800068013405, 0.18281864412117624, 8.29133201453241
0.3100000000000001, 0.3004370971476542, 0, 799.3694673210316, 0.20688375767564754, 9.037589173725394
0.3200000000000001, 0.30950692121263856, 0, 847.8972751143027, 0.23303616186157933, 9.793268566633403
0.3300000000000001, 0.318520776902771, 0, 900.1133039092098, 0.26129488189260525, 10.553391212430334
0.34000000000000014, 0.32747739480870547, 0, 955.3650317985179, 0.29166651700656887, 11.313987889155756
0.35000000000000014, 0.3363755443363324, 0, 1013.0385301773408, 0.32414798141200124, 12.072037059332661
0.36000000000000015, 0.34521403413552104, 0, 1072.5821735988357, 0.35872896611373234, 12.825335051523636
0.37000000000000016, 0.35399171247704614, 0, 1133.516752616707, 0.3953940010778795, 13.572344210516748
0.38000000000000017, 0.3627074675780513, 0, 1195.4363501745802, 0.43412409906348576, 14.31204684017722
0.3900000000000002, 0.37136022787650785, 0, 1258.0037413895, 0.47489801857495473, 15.04381834764022
0.4000000000000002, 0.37994896225522506, 0, 1320.9430653272095, 0.5176932065828699, 15.767323698883908
0.4100000000000002, 0.38847268021606124, 0, 1384.0315590825867, 0.5624864852844353, 16.482436278546462
0.4200000000000002, 0.3969304320050777, 0, 1447.0914068038005, 0.6092545411299874, 17.18917606851065
0.4300000000000002, 0.40532130868946314, 0, 1509.9822522274565, 0.657974264718848, 17.88766349018673
0.4400000000000002, 0.4136444421871353, 0, 1572.594607268524, 0.708622980197764, 18.578085469783545
0.45000000000000023, 0.4218990052500081, 0, 1634.8442058106818, 0.761178593924287, 19.26067080561593
0.46000000000000024, 0.43008421140197967, 0, 1696.6672545030367, 0.8156196848506667, 19.93567249547253
0.47000000000000025, 0.4381993148327679, 0, 1758.0164874395846, 0.8719255533300989, 20.603355210358586
0.48000000000000026, 0.44624361024877984, 0, 1818.8579167612177, 0.9300762406417702, 21.26398654079102
0.49000000000000027, 0.4542164326822593, 0, 1879.1681725161231, 0.9900525282187645, 21.91783098995056
0.5000000000000002, 0.4621171572600099, 0, 1938.932334211747, 1.051835923101919, 22.565145955208365
0.5100000000000002, 0.4699451989330378, 0, 1998.142168640099, 1.1154086343287923, 23.20617914073021
0.5200000000000002, 0.47770001216849817, 0, 2056.7947011930482, 1.1807535436370786, 23.84116699347543
0.5300000000000002, 0.4853810906053717, 0, 2114.8910597268573, 1.2478541728904986, 24.470333865295903
0.5400000000000003, 0.4929879666753245, 0, 2172.435540537637, 1.3166946499277798, 25.09389168488461
0.5500000000000003, 0.5005202111902354, 0, 2229.4348550208897, 1.3872596740213274, 25.71203998264606
0.5600000000000003, 0.5079774328978963, 0, 2285.8975231602585, 1.459534481759638, 26.324966154909557
0.5700000000000003, 0.5153592780074099, 0, 2341.8333862664754, 1.5335048138982719, 26.932845885551913
0.5800000000000003, 0.5226654296858211, 0, 2397.2532165421767, 1.6091568835303602, 27.53584366618655
0.5900000000000003, 0.5298956075275296, 0, 2452.168405256904, 1.6864773457887923, 28.134113372916687
0.6000000000000003, 0.5370495669980355, 0, 2506.5907147398225, 1.7654532691935036, 28.727798869926154
0.6100000000000003, 0.5441270988535677, 0, 2560.5320821756554, 1.8460721086877876, 29.31703461912149
0.6200000000000003, 0.5511280285381471, 0, 2614.0044654410985, 1.9283216803593213, 29.901946281539704
0.6300000000000003, 0.5580522155596246, 0, 2667.019723043363, 2.0121901378088167, 30.482651300951424
0.6400000000000003, 0.5648995528462253, 0, 2719.589521701048, 2.097665950107615, 31.05925946349742
0.6500000000000004, 0.5716699660851174, 0, 2771.7252663063814, 2.1847378812720164, 31.631873429646404
0.6600000000000004, 0.578363413044506, 0, 2823.4380479808856, 2.273394971174398, 32.200589236510865
0.6700000000000004, 0.584979882880729, 0, 2874.738606727029, 2.3636265178075235, 32.76549676979178
0.6800000000000004, 0.5915193954318168, 0, 2925.6373058215067, 2.4554220608177064, 33.32668020548209
0.6900000000000004, 0.5979820004989416, 0, 2976.144115619555, 2.5487713662236957, 33.88421842204263
0.7000000000000004, 0.6043677771171637, 0, 1893.8851808271577, 2.6436636842598875, 34.43753845522174
0.7100000000000004, 0.6106768328168444, 0, 1924.7464040715622, 2.740087864928609, 34.98730756018023
0.7200000000000004, 0.6169093028770652, 0, 1955.4004936910487, 2.838034506872117, 35.53371954403024
0.7300000000000004, 0.6230653495723613, 0, 1985.850756137602, 2.937494358252235, 36.076826879230644
0.7400000000000004, 0.6291451614140356, 0, 2016.1004466784493, 3.0384583093321047, 36.61667942896325
0.7500000000000004, 0.6351489523872875, 0, 2046.1527555180214, 3.1409173854166172, 37.15332458250713
0.7600000000000005, 0.6410769611853466, 0, 2076.010797223807, 3.2448627401658507, 37.68680738822159
0.7700000000000005, 0.6469294504417669, 0, 2105.677602891778, 3.350285649273327, 38.21717068308862
0.7800000000000005, 0.6527067059619902, 0, 2135.1561145766814, 3.457177504498437, 38.74445521806482
0.7900000000000005, 0.6584090359552512, 0, 2164.4491815880515, 3.5655298080406226, 39.26869977872807
0.8000000000000005, 0.6640367702678491, 0, 2193.5595583164063, 3.675334167241756, 39.789941300887385
0.8100000000000005, 0.669590259618771, 0, 2222.4899033077645, 3.7865822896024235, 40.308214980966696
0.8200000000000005, 0.6750698748386081, 0, 2251.2427793498246, 3.899265978097476, 40.82355438108291
0.8300000000000005, 0.6804760061126621, 0, 2279.8206543713704, 4.013377126776085, 41.33599152882252
0.8400000000000005, 0.6858090622290949, 0, 2308.225902988614, 4.1289077166316694, 41.8455570117842
0.8500000000000005, 0.6910694698329309, 0, 2336.460808559413, 4.245849811727295, 42.352280067001885
0.8600000000000005, 0.6962576726866818, 0, 2364.5275656292542, 4.364195555562534, 42.85618866539699
0.8700000000000006, 0.7013741309383128, 0, 2392.428282672242, 4.4839371676682065, 43.35730959143264
0.8800000000000006, 0.7064193203972355, 0, 2420.1649850467306, 4.605066940415933, 43.85566851815869
0.8900000000000006, 0.7113937318189627, 0, 2447.73961809902, 4.72757723602998, 44.35129007784644
0.9000000000000006, 0.7162978701990246, 0, 2475.154050360199, 4.8514604837894195, 44.84419792841706
0.9100000000000006, 0.7211322540767001, 0, 2502.4100767910672, 4.976709177409208, 45.33441481586888
0.9200000000000006, 0.7258974148490809, 0, 2529.509422038326, 5.103315872589353, 45.82196263290782
0.9300000000000006, 0.730593896095944, 0, 2556.453743672221, 5.231273184721903, 46.30686247398111
0.9400000000000006, 0.7352222529158695, 0, 2583.2446353817077, 5.3605737867460395, 46.789134686909826
0.9500000000000006, 0.7397830512740046, 0, 2609.883630108112, 5.491210407142087, 47.268798921309156
0.9600000000000006, 0.7442768673618376, 0, 2636.3722031024304, 5.623175828055776, 47.74587417397859
0.9700000000000006, 0.748704286969309, 0, 2662.7117748948517, 5.756462883544583, 48.22037883143655
0.9800000000000006, 0.7530659048695524, 0, 2688.903714167997, 5.891064457938452, 48.69233070976616
0.9900000000000007, 0.7573623242165266, 0, 2714.949340527768, 6.026973484307642, 49.16174709193102
1.0000000000000007, 0.7615941559557652, 0, 2740.849927167712, 6.164182943030905, 49.628644762711815
1.0100000000000007, 0.7657620182484391, 0, 2766.6067034244293, 6.302685860457556, 50.09304004140668
1.0200000000000007, 0.7698665359089006, 0, 2792.2208572229633, 6.44247530765744, 50.55494881243088
1.0300000000000007, 0.7739083398558423, 0, 2817.6935374121545, 6.583544399253125, 51.014386553943424
1.0400000000000007, 0.7778880665771851, 0, 2843.0258559908975, 6.725886292329014, 51.47136836462145
1.0500000000000007, 0.7818063576087744, 0, 2868.2188902269336, 6.869494185412394, 51.92590898869618
1.0600000000000007, 0.7856638590269439, 0, 2893.273684670377, 7.014361317521731, 52.37802283935749
1.0700000000000007, 0.7894612209549807, 0, 2918.1912530646514, 7.160480967277835, 52.827724020628075
1.0800000000000007, 0.7931990970835011, 0, 2942.972580157821, 7.307846452073777, 53.27502634780197
1.0900000000000007, 0.7968781442047269, 0, 2967.618623417579, 7.456451127299676, 53.71994336653675
1.1000000000000008, 0.8004990217606299, 0, 2992.1303146533146, 7.60628838561876, 54.16248837068307
1.1100000000000008, 0.8040623914048923, 0, 1810.041446669128, 7.757351621557511, 54.60264344083173
1.1200000000000008, 0.8075689165786146, 0, 1824.5791383314431, 7.909634235336935, 55.04044900752579
1.1300000000000008, 0.8110192620996817, 0, 1839.0384855205282, 8.063129735885013, 55.47592396319609
1.1400000000000008, 0.8144140937656863, 0, 1853.4199452686873, 8.217831666277835, 55.90908051727633
1.1500000000000008, 0.817754077970288, 0, 1867.723967121483, 8.37373360328312, 56.33993072002063
1.1600000000000008, 0.8210398813328774, 0, 1881.9509935114584, 8.530829156932045, 56.76848647246815
1.1700000000000008, 0.8242721703413979, 0, 1896.101460117835, 8.689111970117848, 57.194759535774395
1.1800000000000008, 0.827451611008167, 0, 1910.1757962118013, 8.848575718219537, 57.618761539942746
1.1900000000000008, 0.8305788685385287, 0, 1924.1744249871906, 9.009214108749045, 58.0405039919884
1.2000000000000008, 0.8336546070121554, 0, 1938.0977638764623, 9.171020881020304, 58.45999828356549
1.2100000000000009, 0.8366794890768109, 0, 1951.9462248520476, 9.333989805838801, 58.877255698087076
1.2200000000000009, 0.8396541756543756, 0, 1965.7202147131907, 9.498114685210245, 59.29228741736609
1.2300000000000009, 0.8425793256589298, 0, 1979.4201353585233, 9.663389352067037, 59.70510452780423
1.2400000000000009, 0.8454555957266805, 0, 1993.0463840446482, 9.829807670011341, 60.11571802615447
1.2500000000000009, 0.8482836399575131, 0, 2006.5993536310837, 9.997363533073592, 60.52413882488169
1.260000000000001, 0.8510641096679441, 0, 2020.0794328119468, 10.16605086548537, 60.930377757144534
1.270000000000001, 0.8537976531552438, 0, 2033.487006334782, 10.33586362146561, 61.33444558142079
1.280000000000001, 0.8564849154724976, 0, 2046.8224552069864, 10.506795785019179, 61.736352985797154
1.290000000000001, 0.859126538214366, 0, 2060.0861568902674, 10.678841369746952, 62.13611059194338
1.300000000000001, 0.8617231593133066, 0, 2073.2784854836027, 10.85199441866648, 62.533728958789624
1.310000000000001, 0.8642754128460113, 0, 2086.399811895177, 11.026249004042507, 62.929218585924986
1.320000000000001, 0.8667839288498189, 0, 2099.450504003755, 11.201599227226536, 63.32258991673418
1.330000000000001, 0.869249333148855, 0, 2112.430926809954, 11.378039218504789, 63.713853341288385
1.340000000000001, 0.8716722471896523, 0, 2125.341442577901, 11.555563136953852, 64.1030191990054
1.350000000000001, 0.8740532878860072, 0, 2138.1824109676986, 11.734165170303418, 64.49009778109372
1.360000000000001, 0.8763930674728231, 0, 2150.9541891591784, 11.91383953480553, 64.87509933279385
1.370000000000001, 0.878692193368696, 0, 2163.657131967342, 12.094580475109783, 65.25803405542986
1.380000000000001, 0.8809512680469972, 0, 2176.291591949948, 12.276382264143976, 65.63891210828331
1.390000000000001, 0.8831708889152078, 0, 2188.8579195076272, 12.459239202999736, 66.01774361030098
1.400000000000001, 0.8853516482022628, 0, 2201.356462976943, 12.643145620822674, 66.39453864164724
1.410000000000001, 0.8874941328536655, 0, 2213.787568716768, 12.828095874706632, 66.76930724511128
1.420000000000001, 0.8895989244341316, 0, 2226.1515811883523, 13.014084349591668, 67.14205942737885
1.430000000000001, 0.8916665990375281, 0, 2238.4488430294364, 13.201105458165385, 67.51280516017755
1.440000000000001, 0.8936977272038727, 0, 2250.679695122746, 13.389153640767278, 67.88155438130434
1.450000000000001, 0.8956928738431648, 0, 2262.844476659207, 13.578223365295784, 68.24831699554328
1.460000000000001, 0.8976525981658169, 0, 2274.943525196168, 13.768309127117732, 68.61310287548103
1.470000000000001, 0.8995774536194672, 0, 2286.9771767109582, 13.959405448979926, 68.9759218622276
1.480000000000001, 0.9014679878319469, 0, 2298.9457656500413, 14.151506880922613, 69.33678376604857
1.490000000000001, 0.9033247425601898, 0, 2310.849624974045, 14.344608000194587, 69.69569836691579
1.500000000000001, 0.9051482536448666, 0, 2322.6890861989286, 14.538703411169708, 70.05267541498199
1.5100000000000011, 0.9069390509705373, 0, 2334.4644794335213, 14.733787745264658, 70.40772463098517
1.5200000000000011, 0.9086976584311128, 0, 2346.176133413676, 14.929855660857715, 70.7608557065881
1.5300000000000011, 0.9104245939004267, 0, 2357.824375533254, 15.126901843208389, 71.11207830465784
1.5400000000000011, 0.9121203692077176, 0, 2369.4095318721475, 15.324921004377757, 71.46140205948996
1.5500000000000012, 0.913785490117828, 0, 2380.931927221546, 15.523907883149356, 71.80883657698183
1.5600000000000012, 0.9154204563159326, 0, 2392.391885106626, 15.723857244950477, 72.1543914347592
1.5700000000000012, 0.9170257613966085, 0, 2403.7897278068444, 15.924763881773766, 72.49807618225987
1.5800000000000012, 0.9186018928570673, 0, 2415.125776374015, 16.126622612098988, 72.839900340778
1.5900000000000012, 0.9201493320943727, 0, 2426.4003506483023, 16.329428280814874, 73.17987340347277
1.6000000000000012, 0.9216685544064714, 0, 2437.613769272311, 16.53317575914094, 73.51800483534421
1.6100000000000012, 0.9231600289968693, 0, 2448.7663497033864, 16.737859944549196, 73.8543040731795
1.6200000000000012, 0.9246242189827882, 0, 2459.8584082242814, 16.943475760685686, 74.18878052547227
1.6300000000000012, 0.9260615814066461, 0, 2470.890259952301, 17.150018157291733, 74.52144357231785
1.6400000000000012, 0.9274725672507035, 0, 2481.86221884705, 17.357482110124895, 74.85230256528659
1.6500000000000012, 0.9288576214547278, 0, 2492.774597716888, 17.565862620879535, 75.18136682727787
1.6600000000000013, 0.9302171829365264, 0, 2503.6277082242073, 17.775154717106943, 75.5086456523566
1.6700000000000013, 0.9315516846152084, 0, 2514.4218608896244, 17.985353452135012, 75.8341483055746
1.6800000000000013, 0.9328615534370351, 0, 2525.157365095175, 18.196453904987365, 76.15788402277835
1.6900000000000013, 0.9341472104037277, 0, 2535.8345290866114, 18.40845118030196, 76.47986201040514
1.7000000000000013, 0.9354090706030991, 0, 2546.4536599748676, 18.621340408249097, 76.80009144526915
1.7100000000000013, 0.9366475432418874, 0, 2557.015063736786, 18.83511674444883, 77.11858147433885
1.7200000000000013, 0.9378630316806653, 0, 2567.5190452151583, 19.049775369887737, 77.43534121450736
1.7300000000000013, 0.9390559334707118, 0, 2577.9659081181658, 19.26531149083506, 77.75037975235692
1.7400000000000013, 0.9402266403927276, 0, 2588.3559550182686, 19.48172033875817, 78.06370614391865
1.7500000000000013, 0.9413755384972875, 0, 2598.689487350608, 19.698997170237362, 78.37532941442888
1.7600000000000013, 0.9425030081469201, 0, 2608.966805410975, 19.917137266879983, 78.68525855808302
1.7700000000000014, 0.9436094240597149, 0, 2619.1882083534024, 20.136135935233852, 78.99350253778778
1.7800000000000014, 0.9446951553543539, 0, 2629.3539941874096, 20.35598850670001, 79.30007028491296
1.7900000000000014, 0.945760565596474, 0, 2639.464459774972, 20.576690337444774, 79.60497069904328
1.8000000000000014, 0.9468060128462684, 0, 2649.519900827233, 20.79823680831109, 79.90821264773128
1.8100000000000014, 0.9478318497072342, 0, 2659.5206119010054, 21.02062332472922, 80.20980496625175
1.8200000000000014, 0.9488384233759848, 0, 2669.4668863951, 21.24384531662675, 80.5097564573586
1.8300000000000014, 0.9498260756930405, 0, 2679.359016546514, 21.467898238337913, 80.80807589104447
1.8400000000000014, 0.9507951431945213, 0, 2689.1972934265045, 21.692777568512252, 81.1047720043038
1.8500000000000014, 0.9517459571646617, 0, 2698.982006936582, 21.91847881002264, 81.39985350089975
1.8600000000000014, 0.9526788436890777, 0, 2708.713445804444, 22.144997489872654, 81.69332905113558
1.8700000000000014, 0.953594123708712, 0, 2718.3918975798815, 22.37232915910331, 81.9852072916305
1.8800000000000014, 0.9544921130743922, 0, 2728.0176486306677, 22.600469392699193, 82.27549682510086
1.8900000000000015, 0.9553731226019356, 0, 2737.5909841384664, 22.829413789493994, 82.56420622014663
1.9000000000000015, 0.9562374581277392, 0, 2747.11218809476, 23.059157972075447, 82.85134401104354
1.9100000000000015, 0.9570854205647931, 0, 2756.5815432968307, 23.289697586689687, 83.13691869754125
1.9200000000000015, 0.9579173059590635, 0, 2765.9993313438026, 23.5210283031451, 83.42093874466768
1.9300000000000015, 0.9587334055461877, 0, 2775.3658326327545, 23.753145814715587, 83.70341258253968
1.9400000000000015, 0.9595340058084293, 0, 2784.681326354934, 23.98604583804334, 83.98434860618022
1.9500000000000015, 0.9603193885318451, 0, 2793.946090492059, 24.21972411304111, 84.26375517534237
1.9600000000000015, 0.961089830863614, 0, 2803.160401812742, 24.454176402794012, 84.54164061434003
1.9700000000000015, 0.9618456053694838, 0, 2812.324535869031, 24.689398493460835, 84.81801321188559
1.9800000000000015, 0.962586980091291, 0, 2821.438766993087, 24.92538619417495, 85.09288122093453
1.9900000000000015, 0.9633142186045135, 0, 2830.5033682939843, 25.162135336944765, 85.36625285853727
2.0000000000000013, 0.964027580075817, 0, 2839.5186116546756, 25.39964177655379, 85.63813630569786
2.010000000000001, 0.9647273193205548, 0, 2848.4847677290963, 25.637901390460335, 85.90853970724007
2.020000000000001, 0.9654136868601892, 0, 2857.402105939424, 25.876910078696824, 86.1774711716805
2.0300000000000007, 0.9660869289795985, 0, 2866.2708944735027, 26.116663763768763, 86.44493877110888
2.0400000000000005, 0.9667472877842368, 0, 2875.091400282435, 26.357158390553412, 86.71095054107558
2.0500000000000003, 0.9673950012571181, 0, 2883.8638890783322, 26.598389926198127, 86.97551448048613
2.06, 0.9680303033155948, 0, 2892.58862533224, 26.84035436001844, 87.238638551503
2.07, 0.9686534238679029, 0, 2901.265872272243, 27.083047703395867, 87.50033067945432
2.0799999999999996, 0.9692645888694489, 0, 2909.89589188173, 27.32646598967546, 87.76059875274967
2.0899999999999994, 0.9698640203788144, 0, 2918.478944897845, 27.57060527406315, 88.01945062280282
2.099999999999999, 0.9704519366134539, 0, 2927.015290810114, 27.8154616335229, 88.2768941039613
2.109999999999999, 0.9710285520050662, 0, 2935.5051878592403, 28.061031166673622, 88.53293697344286
2.1199999999999988, 0.9715940772546177, 0, 2943.948893036088, 28.307309993685987, 88.78758697127861
2.1299999999999986, 0.9721487193869991, 0, 2952.346662080829, 28.55429425617904, 89.04085180026283
2.1399999999999983, 0.9726926818052981, 0, 2960.698749482275, 28.80198011711671, 89.29273912590932
2.149999999999998, 0.9732261643446704, 0, 2969.0054084773847, 29.050363760704194, 89.54325657641424
2.159999999999998, 0.9737493633257943, 0, 2977.2668910509306, 29.299441392284262, 89.79241174262525
2.1699999999999977, 0.9742624716078949, 0, 2985.4834479353576, 29.549209238233463, 90.04021217801697
2.1799999999999975, 0.9747656786413225, 0, 2993.6553286108, 29.799663545858298, 90.28666539867264
2.1899999999999973, 0.975259170519675, 0, 3001.7827813052695, 30.050800583291323, 90.53177888327166
2.199999999999997, 0.9757431300314514, 0, 3009.8660529950052, 30.302616639387253, 90.77556007308318
2.209999999999997, 0.9762177367112259, 0, 3017.9053894049975, 30.555108023619027, 91.01801637196562
2.2199999999999966, 0.9766831668903337, 0, 3025.9010350096723, 30.80827106597391, 91.25915514637154
2.2299999999999964, 0.9771395937470585, 0, 3033.8532330337216, 31.062102116849587, 91.49898372535856
2.239999999999996, 0.977587187356314, 0, 3041.76222545311, 31.316597546950323, 91.73750940060532
2.249999999999996, 0.9780261147388134, 0, 3049.6282529962227, 31.571753747183156, 91.97473942643312
2.259999999999996, 0.9784565399097166, 0, 3057.451555145171, 31.827567128554154, 92.21068101983258
2.2699999999999956, 0.9788786239267535, 0, 3065.2323701372434, 32.08403412206478, 92.44534136049552
2.2799999999999954, 0.9792925249378163, 0, 3072.970934966506, 32.341151178608314, 92.6787275908518
2.289999999999995, 0.9796983982280143, 0, 3080.6674853855393, 32.598914768866415, 92.91084681611099
2.299999999999995, 0.9800963962661912, 0, 3088.3222559073247, 32.8573213832058, 93.14170610430887
2.3099999999999947, 0.9804866687508971, 0, 3095.9354798072604, 33.116367531575044, 93.37131248635848
2.3199999999999945, 0.9808693626558165, 0, 3103.50738912531, 33.37604974340154, 93.59967295610574
2.3299999999999943, 0.981244622274646, 0, 3111.0382146682896, 33.63636456748861, 93.82679447038943
2.339999999999994, 0.9816125892654236, 0, 3118.5281860122736, 33.89730857191282, 94.05268394910547
2.349999999999994, 0.9819734026943041, 0, 3125.9775315051293, 34.15887834392143, 94.27734827527529
2.3599999999999937, 0.9823271990787843, 0, 3133.386478269172, 34.421070489830065, 94.50079429511833
2.3699999999999934, 0.9826741124303735, 0, 3140.75525220394, 34.6838816349206, 94.72302881812837
2.3799999999999932, 0.9830142742967111, 0, 3148.0840779890773, 34.94730842333928, 94.94405861715379
2.389999999999993, 0.9833478138031322, 0, 3155.3731790873344, 35.21134751799499, 95.16389042848137
2.399999999999993, 0.98367485769368, 0, 3162.622777747679, 35.47599560045785, 95.38253095192378
2.4099999999999926, 0.9839955303715673, 0, 3169.8330950085024, 35.74124937085803, 95.59998685091062
2.4199999999999924, 0.9843099539390885, 0, 3177.0043507009404, 36.00710554778478, 95.81626475258254
2.429999999999992, 0.9846182482369831, 0, 3184.136763452285, 36.27356086818581, 96.03137124788894
2.439999999999992, 0.984920530883253, 0, 3191.230550689491, 36.540612087266865, 96.24531289168864
2.4499999999999917, 0.9852169173114358, 0, 3198.2859286427833, 36.808255978391614, 96.45809620285365
2.4599999999999915, 0.9855075208083369, 0, 3205.3031123493483, 37.07648933298186, 96.66972766437586
2.4699999999999913, 0.9857924525512223, 0, 3212.2823156571126, 37.345308960417995, 96.88021372347657
2.479999999999991, 0.9860718216444756, 0, 3219.223751228606, 37.61471168793983, 97.08956079171884
2.489999999999991, 0.9863457351557234, 0, 3226.1276305449105, 37.88469436054766, 97.29777524512232
2.4999999999999907, 0.9866142981514301, 0, 3232.994163909678, 38.155253840903725, 97.50486342428086
2.5099999999999905, 0.9868776137319674, 0, 3239.8235604532315, 38.42638700923395, 97.71083163448232
2.5199999999999902, 0.9871357830661625, 0, 3246.6160281367393, 38.69809076323007, 97.91568614583095
2.52999999999999, 0.9873889054253281, 0, 3253.3717737564502, 38.97036201795204, 98.11943319337196
2.53999999999999, 0.9876370782167775, 0, 3260.0910029480065, 39.24319770573086, 98.32207897721823
2.5499999999999896, 0.9878803970168315, 0, 3266.773920190813, 39.51659477607166, 98.52362966267917
2.5599999999999894, 0.9881189556033191, 0, 3273.420728812479, 39.79055019555729, 98.72409138039161
2.569999999999989, 0.9883528459875768, 0, 3280.031630993304, 40.0650609477521, 98.92347022645252
2.579999999999989, 0.9885821584459531, 0, 3286.6068277708364, 40.34012403310626, 99.12177226255372
2.5899999999999888, 0.9888069815508201, 0, 3293.1465190444746, 40.61573646886032, 99.31900351611816
2.5999999999999885, 0.989027402201099, 0, 3299.650903580126, 40.89189528895025, 99.5151699804381
2.6099999999999883, 0.9892435056523026, 0, 3306.1201790149175, 41.16859754391281, 99.7102776148147
2.619999999999988, 0.9894553755461024, 0, 3312.554541861946, 41.445840300791325, 99.90433234469928
2.629999999999988, 0.9896630939394226, 0, 3318.9541875150803, 41.723620643041855, 100.09734006183601
2.6399999999999877, 0.9898667413330673, 0, 3325.3193102538075, 42.00193567043978, 100.2893066244059
2.6499999999999875, 0.9900663966998858, 0, 3331.65010324811, 42.28078249898674, 100.48023785717223
2.6599999999999873, 0.9902621375124825, 0, 3337.9467585633934, 42.56015826081804, 100.67013955162714
2.669999999999987, 0.9904540397704734, 0, 3344.2094671654427, 42.84006010411043, 100.85901746613952
2.679999999999987, 0.9906421780272984, 0, 3350.438418925416, 43.12048519299027, 101.0468773261038
2.6899999999999866, 0.9908266254165917, 0, 3356.63380262487, 43.40143070744221, 101.23372482409
2.6999999999999864, 0.9910074536781174, 0, 3362.7958059608163, 43.682893843218146, 101.41956561999474
2.709999999999986, 0.9911847331832742, 0, 3368.9246155508063, 43.96487181174672, 101.60440534119306
2.719999999999986, 0.991358532960176, 0, 3375.020416938045, 44.247361840043176, 101.78824958269124
2.7299999999999858, 0.9915289207183129, 0, 3381.083394596522, 44.53036117061966, 101.97110390728035
2.7399999999999856, 0.9916959628727985, 0, 3387.1137319361796, 44.81386706139596, 102.15297384569068
2.7499999999999853, 0.9918597245682075, 0, 3393.1116113080875, 45.09787678561064, 102.33386489674668
2.759999999999985, 0.9920202697020116, 0, 3399.0772140096474, 45.382387631732655, 102.51378252752272
2.769999999999985, 0.9921776609476161, 0, 3405.010720289813, 45.66739690337336, 102.69273217349945
2.7799999999999847, 0.992331959777005, 0, 3410.9123093543235, 45.95290191919896, 102.87071923872054
2.7899999999999845, 0.9924832264829981, 0, 3416.7821593709577, 46.238900012843416, 103.04774909595014
2.7999999999999843, 0.9926315202011278, 0, 3422.6204474748015, 46.52538853282178, 103.22382708683065
2.809999999999984, 0.9927768989311366, 0, 3428.4273497735167, 46.81236484244395, 103.39895852204093
2.819999999999984, 0.9929194195581068, 0, 3434.2030413526377, 47.09982631972889, 103.57314868145492
2.8299999999999836, 0.9930591378732211, 0, 3439.9476962808662, 47.38777035731928, 103.74640281430054
2.8399999999999834, 0.9931961085941653, 0, 3445.661487615375, 47.67619436239662, 103.91872613931885
2.849999999999983, 0.993330385385173, 0, 3451.34458740712, 47.96509575659673, 104.09012384492348
2.859999999999983, 0.9934620208767225, 0, 3456.9971667061614, 48.254471975925775, 104.26060108936034
2.869999999999983, 0.9935910666848861, 0, 3462.619395566983, 48.54432047067665, 104.43016300086724
2.8799999999999826, 0.993717573430341, 0, 3468.2114430538168, 48.83463870534588, 104.59881467783396
2.8899999999999824, 0.9938415907570451, 0, 3473.7734772459717, 49.1254241585509, 104.76656118896211
2.899999999999982, 0.9939631673505829, 0, 3479.3056652431574, 49.41667432294783, 104.93340757342528
2.909999999999982, 0.9940823509561854, 0, 3484.8081731708207, 49.70838670514966, 105.09935884102904
2.9199999999999817, 0.9941991883964314, 0, 3490.2811661854585, 50.00055882564491, 105.26441997237096
2.9299999999999815, 0.994313725588634, 0, 3495.7248084799526, 50.293188218716715, 105.42859591900071
2.9399999999999813, 0.9944260075619152, 0, 3501.139263288885, 50.58627243236235, 105.59189160357987
2.949999999999981, 0.9945360784739776, 0, 3506.5246928938527, 50.87980902821322, 105.75431192004177
2.959999999999981, 0.9946439816275735, 0, 3511.8812586287836, 51.17379558145525, 105.91586173375124
2.9699999999999807, 0.9947497594866794, 0, 3517.209120885235, 51.46822968074981, 106.07654588166402
2.9799999999999804, 0.994853453692379, 0, 3522.508439117695, 51.76310892815495, 106.23636917248609
2.9899999999999802, 0.9949551050784604, 0, 3527.7793718488733, 52.05843093904721, 106.39533638683288
2.99999999999998, 1.9884094371036554E-12, 0, 3528.0091346676477, 52.3540533049869, 106.402265854172
3.00999999999998, 0, 0.009999999999979803, 3523.1299723889874, 52.64941202431217, 106.25511413009082
3.0199999999999796, 0, 0.01999999999997959, 3518.0705071122884, 52.94435445960688, 106.10252461562183
3.0299999999999794, 0, 0.029999999999979376, 3512.8274126256383, 53.23886536652326, 105.9443969957695
3.039999999999979, 0, 0.03999999999997916, 3507.3973695269424, 53.532929222347185, 105.78063116100456
3.049999999999979, 0, 0.04999999999997895, 3501.7770650725847, 53.82653022656264, 105.6111272027071
3.0599999999999787, 0, 0.05999999999997874, 3495.9631930218343, 54.11965230140327, 105.43578540848206
3.0699999999999785, 0, 0.06999999999997852, 3489.9524534769503, 54.41227909239084, 105.2545062573458
3.0799999999999783, 0, 0.07999999999997831, 3483.741552718905, 54.704393968860074, 105.0671904147813
3.089999999999978, 0, 0.0899999999999781, 3477.327203038678, 54.99598002446961, 104.87373872766076
3.099999999999978, 0, 0.09999999999997788, 3470.706122564043, 55.28702007769863, 104.67405221903317
3.1099999999999777, 0, 0.10999999999997767, 3463.8750350817845, 55.577496672328856, 104.46803208277524
3.1199999999999775, 0, 0.11999999999997746, 3456.830669855276, 55.8673920779115, 104.25557967810379
3.1299999999999772, 0, 0.12999999999997724, 3449.5697614373607, 56.15668829021872, 104.03659652394774
3.139999999999977, 0, 0.13999999999997703, 3442.08904947846, 56.44536703167932, 103.81098429317761
3.149999999999977, 0, 0.14999999999997682, 3434.3852785298386, 56.73340975179815, 103.57864480669093
3.1599999999999766, 0, 0.1599999999999766, 3426.4551978419718, 57.02079762755894, 103.33948002735148
3.1699999999999764, 0, 0.1699999999999764, 3418.295561157925, 57.30751156381005, 103.0933920537805
3.179999999999976, 0, 0.17999999999997618, 3409.9031265016874, 57.59353219363277, 102.84028311399787
3.189999999999976, 0, 0.18999999999997597, 3401.274655961389, 57.87883987869174, 102.58005555891152
3.1999999999999758, 0, 0.19999999999997575, 3392.4069154673057, 58.16341470956715, 102.31261185565297
3.2099999999999755, 0, 0.20999999999997554, 3383.296674564614, 58.44723650606805, 102.03785458075694
3.2199999999999753, 0, 0.21999999999997533, 3373.9407061807747, 58.73028481752668, 101.7556864131834
3.229999999999975, 0, 0.2299999999999751, 3364.335786387503, 59.01253892307306, 101.46601012717971
3.239999999999975, 0, 0.2399999999999749, 3354.4786941572074, 59.293977831889585, 101.16872858498098
3.2499999999999747, 0, 0.2499999999999747, 3344.3662111138515, 59.574580283445115, 100.86374472934664
3.2599999999999745, 0, 0.24000000000002553, 3334.279844748866, 59.85433270034202, 100.55954859016703
3.2699999999999743, 0, 0.23000000000002574, 3324.500135465375, 60.13325300575442, 100.2646010242213
3.279999999999974, 0, 0.22000000000002595, 3315.0224302812762, 60.411366695125125, 99.97876169834952
3.289999999999974, 0, 0.21000000000002617, 3305.842094814683, 60.688698874864414, 99.70189084030717
3.2999999999999736, 0, 0.20000000000002638, 3296.9545128938753, 60.96527426389175, 99.43384922701301
3.3099999999999734, 0, 0.1900000000000266, 3288.3550861794565, 61.24111719514532, 99.17449817316499
3.319999999999973, 0, 0.1800000000000268, 3280.039233798465, 61.51625161706047, 98.92369952021686
3.329999999999973, 0, 0.17000000000002702, 3272.0023919901573, 61.79070109501802, 98.68131562570683
3.3399999999999728, 0, 0.16000000000002723, 3264.240013763218, 62.06448881276343, 98.44720935293076
3.3499999999999726, 0, 0.15000000000002744, 3256.747568564131, 62.337637573797686, 98.22124406095189
3.3599999999999723, 0, 0.14000000000002766, 3249.5205419564736, 62.61016980274098, 98.00328359493959
3.369999999999972, 0, 0.13000000000002787, 3242.554435310874, 62.88210754666992, 97.7931922768297
3.379999999999972, 0, 0.12000000000002808, 3235.8447655054056, 63.15347247642933, 97.59083489629903
3.3899999999999717, 0, 0.1100000000000283, 3229.3870646361697, 63.42428588791929, 97.39607670204683
3.3999999999999715, 0, 0.10000000000002851, 3223.176879737839, 63.69456870335847, 97.20878339337627
3.4099999999999713, 0, 0.09000000000002872, 3217.2097725139324, 63.96434147252446, 97.02882111206866
3.419999999999971, 0, 0.08000000000002894, 3211.4813190765917, 64.23362437397189, 96.856056434544
3.429999999999971, 0, 0.07000000000002915, 3205.9871096956435, 64.50243721622925, 96.69035636430061
3.4399999999999706, 0, 0.06000000000002936, 3200.7227485567205, 64.77079943897498, 96.53158832462762
3.4499999999999704, 0, 0.050000000000029576, 3195.683853528237, 65.03873011419375, 96.3796201515836
3.45999999999997, 0, 0.04000000000002979, 3190.866055936992, 65.30624794731365, 96.23432008723486
3.46999999999997, 0, 0.030000000000030003, 3186.2650003522003, 65.5733712783248, 96.09555677314734
3.47999999999997, 0, 0.020000000000030216, 3181.8763443777502, 65.8401180828804, 95.9631992441254
3.4899999999999696, 0, 0.010000000000030429, 3177.6957584524603, 66.10650597338058, 95.83711692219191
3.4999999999999694, 0, 3.064215547965432E-14, 3173.718925658173, 66.37255220003998, 95.71717961080314
3.509999999999969, 0.003999866671987442, 0, 3169.869708804604, 66.6382716410554, 95.60109108624259
3.519999999999969, 0.00799893350395995, 0, 3166.0748141121007, 66.90367088970432, 95.48664088057407
3.5299999999999687, 0.011996401295515553, 0, 3162.3341913823356, 67.1687544948416, 95.37382747939186
3.5399999999999685, 0.015991472124452843, 0, 3158.647780036354, 67.43352700068074, 95.26264905521438
3.5499999999999683, 0.019983349983139335, 0, 3155.015509093654, 67.69799294592336, 95.15310346685418
3.559999999999968, 0.02397124141164467, 0, 3151.437297160801, 67.96215686288716, 95.04518825907478
3.569999999999968, 0.027954356126558794, 0, 3147.913052429559, 68.22602327663347, 94.93890066253516
3.5799999999999677, 0.031931907644439685, 0, 3144.4426726845622, 68.489596704095, 94.83423759402154
3.5899999999999674, 0.03590311389885112, 0, 3141.026045320493, 68.75288165320461, 94.73119565696601
3.5999999999999672, 0.03986719784996934, 0, 3137.663047368721, 69.01588262202591, 94.62977114225063
3.609999999999967, 0.043823388085758766, 0, 3134.3535455333767, 69.27860409788657, 94.52996002929585
3.619999999999967, 0.04777091941374125, 0, 3131.097396236755, 69.54105055651492, 94.4317579874304
3.6299999999999666, 0.05170903344241018, 0, 3127.894445673976, 69.80322646118084, 94.3351603775406
3.6399999999999664, 0.05563697915137, 0, 3124.7445298768125, 70.06513626184162, 94.24016225399559
3.649999999999966, 0.05955401344931394, 0, 3121.6474747865273, 70.32678439429344, 94.14675836684492
3.659999999999966, 0.06345940171898627, 0, 3118.6030963356234, 70.58817527932948, 94.05494316428441
3.6699999999999657, 0.06735241834831256, 0, 3115.6112005383266, 70.8493133219051, 93.96471079538571
3.6799999999999655, 0.07123234724691871, 0, 3112.67158358965, 71.11020291031107, 93.87605511308449
3.6899999999999653, 0.07509848234730075, 0, 3109.784031972849, 71.37084841535541, 93.7889696774218
3.699999999999965, 0.07895012808994815, 0, 3106.9483225750837, 71.63125418955457, 93.70344775903283
3.709999999999965, 0.08278659989176756, 0, 3104.1642228110704, 71.89142456633466, 93.61948234287662
3.7199999999999647, 0.08660722459719804, 0, 3101.4314907545063, 72.15136385924335, 93.53706613220035
3.7299999999999645, 0.09041134091145486, 0, 3098.7498752770402, 72.41107636117312, 93.45619155273097
3.7399999999999642, 0.09419829981538565, 0, 3096.1191161945335, 72.67056634359642, 93.37685075708679
3.749999999999964, 0.0979674649614701, 0, 3093.538944420371, 72.92983805581345, 93.29903562940176
3.759999999999964, 0.1017182130505429, 0, 3091.0090821255503, 73.18889572421298, 93.22273779015397
3.7699999999999636, 0.10544993418886775, 0, 3088.5292429052784, 73.44774355154698, 93.14794860119062
3.7799999999999634, 0.10916203222523949, 0, 3086.0991319517957, 73.7063857162193, 93.0746591709405
3.789999999999963, 0.11285392506784005, 0, 3083.7184462331397, 73.96482637158928, 93.00286035980592
3.799999999999963, 0.11652504498062276, 0, 3081.3868746775483, 74.22306964529041, 92.93254278572444
3.8099999999999627, 0.12017483885904805, 0, 3079.10409836321, 74.48111963856472, 92.86369682989196
3.8199999999999625, 0.1238027684850418, 0, 3076.8697907130504, 74.73898042561333, 92.79631264263762
3.8299999999999623, 0.12740831076109477, 0, 3074.6836176942375, 74.99665605296349, 92.7303801494411
3.839999999999962, 0.13099095792346857, 0, 3072.5452380221095, 75.25415053885244, 92.66588905708316
3.849999999999962, 0.1345502177345193, 0, 3070.454303368188, 75.51146787262867, 92.60282885991941
3.8599999999999617, 0.13808561365419483, 0, 3068.4104585719747, 75.76861201417067, 92.54118884626818
3.8699999999999615, 0.14159668499080486, 0, 3066.413341856198, 76.02558689332359, 92.48095810490251
3.8799999999999613, 0.14508298703120695, 0, 3064.462585045202, 76.28239640935409, 92.42212553163661
3.889999999999961, 0.1485440911505896, 0, 3062.5578137861485, 76.53904443042357, 92.36467983599745
3.899999999999961, 0.1519795849020765, 0, 3060.698647772715, 76.7955347930801, 92.30860954797137
3.9099999999999606, 0.15538907208641098, 0, 3058.884700970971, 77.05187130176907, 92.25390302481665
3.9199999999999604, 0.15877217280201764, 0, 3057.115581847127, 77.30805772836301, 92.20054845793207
3.92999999999996, 0.16212852347577184, 0, 3055.3908935968234, 77.56409781171041, 92.14853387977249
3.93999999999996, 0.16545777687484078, 0, 3053.7102343756765, 77.81999525720386, 92.09784717080171
3.9499999999999598, 0.16875960209998989, 0, 3052.073197530757, 78.07575373636753, 92.04847606647392
3.9599999999999596, 0.17203368456077855, 0, 3050.4793718327137, 78.33137688646414, 92.00040816423432
3.9699999999999593, 0.1752797259330939, 0, 3048.92834170824, 78.5868683101213, 91.95363093053017
3.979999999999959, 0.1784974440994987, 0, 3047.419687472611, 78.84223157497735, 91.9081317078239
3.989999999999959, 0.18168657307289052, 0, 3045.952985561986, 79.09747021334672, 91.86389772159912
3.9999999999999587, 0.18484686290399086, 0, 3044.5278087652277, 79.35258772190471, 91.82091608735207
4.009999999999959, 0.1879780795732022, 0, 3043.1437264549504, 79.60758756139163, 91.77917381755982
4.019999999999959, 0.19108000486738638, 0, 3041.8003048175506, 79.86247315633628, 91.73865782861762
4.0299999999999585, 0.19415243624213588, 0, 3040.497107081958, 80.11724789479867, 91.69935494773786
4.039999999999958, 0.19719518667011704, 0, 3039.2336937468776, 80.37191512813179, 91.66125191980335
4.049999999999958, 0.20020808447608146, 0, 3038.009622806272, 80.62647817076241, 91.62433541416759
4.059999999999958, 0.20319097315914592, 0, 3036.824449972873, 80.88094029999063, 91.58859203139549
4.069999999999958, 0.20614371120295136, 0, 3035.6777288994967, 81.13530475580808, 91.5540083099379
4.079999999999957, 0.2090661718743159, 0, 3034.5690113979526, 81.38957474073459, 91.52057073273367
4.089999999999957, 0.21195824301099941, 0, 3033.4978476553642, 81.64375341967303, 91.4882657337334
4.099999999999957, 0.21481982679920184, 0, 3032.463786447694, 81.89784391978228, 91.457079704339
4.109999999999957, 0.21765083954141476, 0, 3031.4663753503005, 82.15184933036775, 91.42699899975379
4.119999999999957, 0.22045121141524662, 0, 3030.505160945369, 82.40577270278969, 91.3980099452382
4.129999999999956, 0.22322088622383768, 0, 3029.579689026043, 82.65961705038845, 91.37009884226589
4.139999999999956, 0.22595982113847804, 0, 3028.6895047971084, 82.91338534842691, 91.34325197457608
4.149999999999956, 0.22866798643403496, 0, 3027.8341530720995, 83.16708053404953, 91.31745561411792
4.159999999999956, 0.23134536521779048, 0, 3027.013178466693, 83.42070550625763, 91.29269602688267
4.1699999999999555, 0.23399195315227977, 0, 3026.2261255882604, 83.6742631259009, 91.26895947862036
4.179999999999955, 0.2366077581727149, 0, 3025.472539221484, 83.92775621568445, 91.24623224043746
4.189999999999955, 0.23919280019956488, 0, 3024.751964509922, 84.18118756019142, 91.22450059427251
4.199999999999955, 0.24174711084685388, 0, 3024.0639471334393, 84.43455990592044, 91.20375083824702
4.209999999999955, 0.24427073312672623, 0, 3023.4080334814157, 84.68787596133791, 91.18396929188893
4.2199999999999545, 0.24676372115081469, 0, 3022.7837708216575, 84.94113839694457, 91.16514230122674
4.229999999999954, 0.24922613982893319, 0, 3022.1907074649557, 85.194349845356, 91.14725624375194
4.239999999999954, 0.251658064565603, 0, 3021.628392925221, 85.44751290139682, 91.1302975332485
4.249999999999954, 0.25405958095490383, 0, 3021.096378075158, 85.700630122208, 91.11425262448749
4.259999999999954, 0.2564307844741276, 0, 3020.594215297442, 85.95370402736708, 91.0991080177861
4.269999999999953, 0.2587717801766957, 0, 3020.121458631348, 86.2067370990209, 91.08485026342963
4.279999999999953, 0.26108268238478516, 0, 3019.6776639148284, 86.45973178203032, 91.07146596595624
4.289999999999953, 0.2633636143820897, 0, 3019.262388922014, 86.71269048412678, 91.05894178830343
4.299999999999953, 0.26561470810712895, 0, 3018.8751934961265, 86.9656155760801, 91.0472644558164
4.3099999999999525, 0.2678361038474978, 0, 3018.5156396778066, 87.21850939187719, 91.03642076011793
4.319999999999952, 0.2700279499354327, 0, 3018.183291828851, 87.47137422891146, 91.02639756284012
4.329999999999952, 0.2721904024450544, 0, 3017.8777167513867, 87.7242123481822, 91.01718179921801
4.339999999999952, 0.2743236248916276, 0, 3017.598483802477, 87.977025974504, 91.00876048154605
4.349999999999952, 0.27642778793316214, 0, 3017.345165004202, 88.22981729672533, 91.00112070249757
4.3599999999999515, 0.2785030690746625, 0, 3017.1173351492316, 88.48258846795632, 90.99424963830853
4.369999999999951, 0.28054965237531504, 0, 3016.9145719019207, 88.73534160580515, 90.98813455182622
4.379999999999951, 0.2825677281588842, 0, 3016.7364558949703, 88.98807879262267, 90.98276279542439
4.389999999999951, 0.28455749272757525, 0, 3016.582570821708, 89.24080207575507, 90.9781218137858
4.399999999999951, 0.28651914807960005, 0, 3016.452503524009, 89.4935134678039, 90.97419914655389
4.40999999999995, 0.2884529016306704, 0, 3016.345844075937, 89.74621494689345, 90.97098243085485
4.41999999999995, 0.2903589659396228, 0, 3016.262185863141, 89.99890845694486, 90.9684594036921
4.42999999999995, 0.2922375584383682, 0, 3016.20112565808, 90.25159590795678, 90.96661790421464
4.43999999999995, 0.2940889011663384, 0, 3016.1622636911256, 90.50427917629206, 90.96544587586142
4.4499999999999496, 0.2959132205095925, 0, 3016.1452037176255, 90.75696010497029, 90.9649313683834
4.459999999999949, 0.2977107469447258, 0, 3016.1495530809743, 91.00964050396583, 90.96506253974582
4.469999999999949, 0.29948171478771446, 0, 3016.174922771786, 91.26232215051085, 90.96582765791233
4.479999999999949, 0.3012263619478119, 0, 3016.2209274832203, 91.51500678940327, 90.96721510251362
4.489999999999949, 0.30294492968660175, 0, 3016.2871856625575, 91.76769613331909, 90.96921336640244
4.4999999999999485, 0.3046376623822972, 0, 3016.373319559082, 92.02039186312896, 90.97181105709775
4.509999999999948, 0.30630480729936693, 0, 3016.4789552683683, 92.27309562821857, 90.97499689812007
4.519999999999948, 0.30794661436355164, 0, 3016.6037227730408, 92.52580904681258, 90.97875973022056
4.529999999999948, 0.3095633359423284, 0, 3016.747255980094, 92.77853370630191, 90.98308851250651
4.539999999999948, 0.31115522663086564, 0, 3016.9091927548548, 93.0312711635739, 90.98797232346529
4.549999999999947, 0.31272254304350144, 0, 3017.089174951669, 93.28402294534523, 90.99340036188985
4.559999999999947, 0.3142655436107693, 0, 3017.2868484414016, 93.53679054849728, 90.99936194770785
4.569999999999947, 0.31578448838198414, 0, 3017.5018631358344, 93.7895754404137, 91.00584652271728
4.579999999999947, 0.3172796388333924, 0, 3017.7338730090346, 94.0423790593198, 91.01284365123102
4.589999999999947, 0.31875125768188284, 0, 3017.9825361158123, 94.29520281462369, 91.02034302063302
4.599999999999946, 0.3201996087042442, 0, 3018.247514607306, 94.54804808725882, 91.02833444184857
4.609999999999946, 0.32162495656194917, 0, 3018.528474743831, 94.80091623002767, 91.03680784973139
4.619999999999946, 0.32302756663143817, 0, 3018.825086905034, 95.05380856794649, 91.04575330337002
4.629999999999946, 0.3244077048398651, 0, 3019.1370255974775, 95.3067263985907, 91.05516098631617
4.6399999999999455, 0.32576563750626697, 0, 3019.4639694596954, 95.55967099244086, 91.06502120673744
4.649999999999945, 0.3271016311881078, 0, 3019.8056012648563, 95.81264359322896, 91.07532439749721
4.659999999999945, 0.3284159525331437, 0, 3020.1616079210658, 96.0656454182848, 91.08606111616392
4.669999999999945, 0.3297088681365519, 0, 3020.5316804694326, 96.31867765888236, 91.09722204495247
4.679999999999945, 0.33098064440325964, 0, 3020.9155140799526, 96.57174148058587, 91.10879799060015
4.689999999999944, 0.33223154741540445, 0, 3021.312808045309, 96.82483802359545, 91.12077988417948
4.699999999999944, 0.33346184280485525, 0, 3021.723265772657, 97.07796840309214, 91.13315878085048
4.709999999999944, 0.33467179563071753, 0, 3022.1465947734832, 97.33113370958225, 91.14592585955464
4.719999999999944, 0.33586167026174346, 0, 3022.5825066516068, 97.5843350092406, 91.1590724226531
4.729999999999944, 0.33703173026356525, 0, 3023.0307170894057, 97.8375733442529, 91.17258989551111
4.739999999999943, 0.33818223829066557, 0, 3023.490945832343, 98.09084973315669, 91.18646982603136
4.749999999999943, 0.3393134559829987, 0, 3023.9629166718646, 98.34416517118107, 91.20070388413806
4.759999999999943, 0.3404256438671712, 0, 3024.4463574267406, 98.5975206305849, 91.2152838612143
4.769999999999943, 0.3415190612620912, 0, 3024.9409999229274, 98.85091706099327, 91.23020166949456
4.7799999999999425, 0.34259396618899274, 0, 3025.4465799720138, 99.1043553897324, 91.24544934141467
4.789999999999942, 0.34365061528574026, 0, 3025.962837348324, 99.35783652216251, 91.26101902892117
4.799999999999942, 0.34468926372531655, 0, 3026.4895157647393, 99.61136134200885, 91.27690300274217
4.809999999999942, 0.3457101651383985, 0, 3027.0263628473103, 99.86493071169052, 91.29309365162159
4.819999999999942, 0.3467135715399216, 0, 3027.5731301087203, 100.11854547264727, 91.3095834815188
4.8299999999999415, 0.3476997332595362, 0, 3028.1295729206586, 100.37220644566389, 91.32636511477546
4.839999999999941, 0.34866889887585517, 0, 3028.695450485171, 100.62591443119233, 91.34343128925143
4.849999999999941, 0.3496213151543972, 0, 3029.2705258050423, 100.87967020967132, 91.36077485743152
4.859999999999941, 0.3505572269891236, 0, 3029.8545656532733, 101.13347454184353, 91.37838878550492
4.869999999999941, 0.35147687734747285, 0, 3030.4473405416966, 101.3873281690701, 91.39626615241873
4.87999999999994, 0.35238050721879344, 0, 3031.0486246888063, 101.64123181364253, 91.41440014890757
4.88999999999994, 0.3532683555660777, 0, 3031.6581959868263, 101.89518617909178, 91.4327840765006
4.89999999999994, 0.35414065928089977, 0, 3032.2758359680997, 102.14919195049465, 91.45141134650765
4.90999999999994, 0.354997653141461, 0, 3032.9013297708234, 102.40324979477734, 91.47027547898603
4.9199999999999395, 0.35583956977364745, 0, 3033.534466104193, 102.65736036101599, 91.48937010168902
4.929999999999939, 0.3566666396150061, 0, 3034.175037212991, 102.91152428073443, 91.50868894899821
4.939999999999939, 0.35747909088154406, 0, 3034.822838841678, 103.16574216819882, 91.52822586084034
4.949999999999939, 0.358277149537261, 0, 3035.47767019802, 103.42001462070932, 91.54797478159038
4.959999999999939, 0.3590610392663219, 0, 3036.139333916298, 103.67434221888874, 91.56792975896197
4.9699999999999385, 0.3598309814477821, 0, 3036.8076360201394, 103.92872552696794, 91.58808494288648
4.979999999999938, 0.36058719513277404, 0, 3037.482385885015, 104.18316509306825, 91.60843458438192
4.989999999999938, 0.36132989702407126, 0, 3038.163396200428, 104.43766144948074, 91.62897303441268
4.999999999999938, 0.362059301457942, 0, 3038.850482931851, 104.69221511294214, 91.64969474274154
5.009999999999938, 0.36277562038821043, 0, 3039.5434652824256, 104.94682658490777, 91.67059425677459
5.019999999999937, 0.3634790633724406, 0, 3040.242165654472, 105.2014963518211, 91.69166622040038
5.029999999999937, 0.3641698375601663, 0, 3040.9464096108345, 105.45622488538022, 91.71290537282425
5.039999999999937, 0.36484814768308266, 0, 3041.6560258361014, 105.7110126428009, 91.73430654739869
5.049999999999937, 0.36551419604712687, 0, 3042.3708460977196, 105.96586006707649, 91.75586467045059
5.0599999999999365, 0.36616818252636885, 0, 3043.0907052070374, 106.22076758723462, 91.77757476010646
5.069999999999936, 0.3668103045586392, 0, 3043.81544098031, 106.47573561859049, 91.79943192511631
5.079999999999936, 0.3674407571428228, 0, 3044.5448941996824, 106.73076456299701, 91.82143136367694
5.089999999999936, 0.36805973283774507, 0, 3045.278908574176, 106.98585480909162, 91.8435683622555
5.099999999999936, 0.3686674217625846, 0, 3046.0173307007203, 107.24100673253986, 91.86583829441402
5.1099999999999355, 0.3692640115987439, 0, 3046.760010025224, 107.49622069627563, 91.88823661963568
5.119999999999935, 0.3698496875931115, 0, 3047.5067988037367, 107.75149705073828, 91.91075888215319
5.129999999999935, 0.3704246325626547, 0, 3048.257552063701, 108.0068361341064, 91.9334007097804
5.139999999999935, 0.3709890269002777, 0, 3049.012127565322, 108.26223827252832, 91.95615781274726
5.149999999999935, 0.37154304858188747, 0, 3049.7703857630786, 108.51770378034949, 91.97902598253904
5.159999999999934, 0.372086873174607, 0, 3050.5321897673894, 108.77323296033656, 92.00200109074012
5.169999999999934, 0.37262067384607983, 0, 3051.297405306445, 109.02882610389824, 92.02507908788309
5.179999999999934, 0.3731446213748105, 0, 3052.0659006882343, 109.28448349130309, 92.04825600230342
5.189999999999934, 0.37365888416148757, 0, 3052.8375467627734, 109.54020539189398, 92.07152793900036
5.199999999999934, 0.3741636282412362, 0, 3053.612216884551, 109.7959920642995, 92.09489107850436
5.209999999999933, 0.37465901729675166, 0, 3054.389786875207, 110.05184375664221, 92.11834167575154
5.219999999999933, 0.37514521267226286, 0, 3055.1701349864557, 110.30776070674376, 92.14187605896542
5.229999999999933, 0.37562237338828147, 0, 3055.9531418632664, 110.56374314232694, 92.16549062854665
5.239999999999933, 0.37609065615708787, 0, 3056.7386905073104, 110.81979128121459, 92.18918185597046
5.2499999999999325, 0.37655021539891187, 0, 3057.5266662406866, 111.07590533152555, 92.21294628269291
5.259999999999932, 0.37700120325876496, 0, 3058.3169566699426, 111.33208549186755, 92.23678051906553
5.269999999999932, 0.37744376962388293, 0, 3059.1094516503813, 111.58833195152704, 92.26068124325917
5.279999999999932, 0.3778780621417385, 0, 3059.9040432506913, 111.84464489065616, 92.28464520019705
5.289999999999932, 0.37830422623858667, 0, 3060.700625717873, 112.10102448045663, 92.30866920049719
5.299999999999931, 0.37872240513850447, 0, 3061.4990954425043, 112.35747088336082, 92.33275011942476
5.309999999999931, 0.37913273988289087, 0, 3062.299350924325, 112.61398425320986, 92.35688489585415
5.319999999999931, 0.3795353693503911, 0, 3063.1012927381603, 112.87056473542891, 92.38107053124139
5.329999999999931, 0.37993043027721346, 0, 3063.9048235001865, 113.12721246719958, 92.40530408860668
5.339999999999931, 0.38031805727780577, 0, 3064.709847834539, 113.38392757762954, 92.42958269152741
5.34999999999993, 0.380698382865862, 0, 3065.516272340281, 113.64071018791934, 92.45390352314188
5.35999999999993, 0.38107153747562844, 0, 3066.3240055587144, 113.89756041152653, 92.4782638251636
5.36999999999993, 0.38143764948348224, 0, 3067.1329579410644, 114.15447835432694, 92.50266089690659
5.37999999999993, 0.3817968452297543, 0, 3067.943041816518, 114.41146411477341, 92.52709209432152
5.3899999999999295, 0.38214924904077174, 0, 3068.7541713606306, 114.66851778405173, 92.55155482904291
5.399999999999929, 0.3824949832510932, 0, 3069.5662625641025, 114.92563944623404, 92.57604656744749
5.409999999999929, 0.3828341682259148, 0, 3070.379233201927, 115.18282917842961, 92.60056482972374
5.419999999999929, 0.383166922383623, 0, 3071.19300280291, 115.44008705093299, 92.62510718895261
5.429999999999929, 0.38349336221847274, 0, 3072.007492619564, 115.69741312736971, 92.64967127019965
5.4399999999999284, 0.38381360232336936, 0, 3072.8226255983764, 115.95480746483943, 92.67425474961831
5.449999999999928, 0.38412775541273575, 0, 3073.6383263504613, 116.2122701140566, 92.69885535356481
5.459999999999928, 0.3844359323454434, 0, 3074.4545211225745, 116.4698011194887, 92.72347085772411
5.469999999999928, 0.38473824214779134, 0, 3075.2711377685237, 116.72740051949208, 92.74809908624755
5.479999999999928, 0.3850347920365142, 0, 3076.088105720939, 116.9850683464454, 92.77273791090158
5.489999999999927, 0.3853256874418033, 0, 3076.905355963432, 117.24280462688071, 92.79738525022817
5.499999999999927, 0.3856110320303247, 0, 3077.7228210031294, 117.50060938161224, 92.82203906871632
5.509999999999927, 0.3858909277282198, 0, 3078.540434843579, 117.75848262586287, 92.84669737598503
5.519999999999927, 0.3861654747440737, 0, 3079.358132958031, 118.01642436938843, 92.87135822597759
5.5299999999999265, 0.3864347715918374, 0, 3080.1758522631003, 118.27443461659965, 92.89601971616709
5.539999999999926, 0.3866989151136928, 0, 3080.993531092791, 118.53251336668202, 92.92067998677324
5.549999999999926, 0.38695800050284535, 0, 3081.811109172901, 118.79066061371347, 92.9453372199903
5.559999999999926, 0.38721212132623606, 0, 3082.6285275957875, 119.04887634677985, 92.96998963922614
5.569999999999926, 0.3874613695471593, 0, 3083.445728795509, 119.30716055008841, 92.99463550835253
5.5799999999999255, 0.38770583554777777, 0, 3084.2626565233263, 119.5655132030792, 93.01927313096625
5.589999999999925, 0.387945608151524, 0, 3085.0792558235653, 119.82393428053433, 93.04390084966127
5.599999999999925, 0.3881807746453798, 0, 3085.8954730098494, 120.08242375268536, 93.06851704531181
5.609999999999925, 0.3884114208020248, 0, 3086.71125564168, 120.3409815853186, 93.09312013636612
5.619999999999925, 0.3886376309018454, 0, 3087.526552501382, 120.59960773987856, 93.1177085781512
5.629999999999924, 0.38885948775479806, 0, 3088.341313571391, 120.85830217356943, 93.14228086218782
5.639999999999924, 0.38907707272211767, 0, 3089.155490011906, 121.11706483945464, 93.1668355155165
5.649999999999924, 0.3892904657378666, 0, 3089.9690341388737, 121.37589568655466, 93.19137110003365
5.659999999999924, 0.38949974533031617, 0, 3090.781899402333, 121.63479465994284, 93.21588621183834
5.6699999999999235, 0.3897049886431565, 0, 3091.5940403650816, 121.8937617008396, 93.24037948058916
5.679999999999923, 0.3899062714565275, 0, 3092.4054126817064, 122.15279674670472, 93.26484956887141
5.689999999999923, 0.39010366820786857, 0, 3093.2159730779213, 122.41189973132796, 93.28929517157437
5.699999999999923, 0.39029725201257914, 0, 3094.025679330256, 122.67107058491791, 93.31371501527855
5.709999999999923, 0.390487094684489, 0, 3094.834490246068, 122.93030923418921, 93.33810785765284
5.7199999999999225, 0.39067326675613206, 0, 3095.642365643875, 123.18961560244806, 93.36247248686148
5.729999999999922, 0.390855837498822, 0, 3096.4492663340143, 123.44898960967613, 93.38680772098071
5.739999999999922, 0.3910348749425243, 0, 3097.255154099618, 123.70843117261289, 93.41111240742507
5.749999999999922, 0.39121044589552406, 0, 3098.059991677903, 123.96794020483621, 93.435385422383
5.759999999999922, 0.39138261596388535, 0, 3098.8637427417693, 124.22751661684163, 93.45962567026214
5.769999999999921, 0.3915514495707002, 0, 3099.666371881715, 124.48716031611991, 93.4838320831435
5.779999999999921, 0.39171700997512526, 0, 3100.467844588039, 124.74687120723321, 93.50800362024515
5.789999999999921, 0.39187935929120454, 0, 3101.268127233358, 125.0066491918897, 93.5321392673947
5.799999999999921, 0.3920385585064753, 0, 3102.0671870554115, 125.26649416901671, 93.55623803651085
5.809999999999921, 0.3921946675003577, 0, 3102.864992140168, 125.52640603483263, 93.5802989650937
5.81999999999992, 0.3923477450623255, 0, 3103.661511405205, 125.78638468291715, 93.60432111572386
5.82999999999992, 0.3924978489098573, 0, 3104.456714583392, 126.04643000428024, 93.62830357557003
5.83999999999992, 0.3926450357061684, 0, 3105.250572206845, 126.30654188742989, 93.65224545590517
5.84999999999992, 0.3927893610777206, 0, 3106.0430555911557, 126.56672021843828, 93.67614589163105
5.8599999999999195, 0.3929308796315127, 0, 3106.834136819905, 126.82696488100684, 93.70000404081098
5.869999999999919, 0.3930696449721484, 0, 3107.6237887294387, 127.08727575652992, 93.72381908421079
5.879999999999919, 0.3932057097186834, 0, 3108.4119848939135, 127.3476527241572, 93.74759022484778
5.889999999999919, 0.39333912552125194, 0, 3109.198699610603, 127.60809566085494, 93.77131668754767
5.899999999999919, 0.3934699430774711, 0, 3109.9839078854693, 127.86860444146593, 93.79499771850926
5.909999999999918, 0.39359821214862595, 0, 3110.767585418981, 128.12917893876823, 93.818632584877
5.919999999999918, 0.39372398157563443, 0, 3111.54970859219, 128.38981902353282, 93.84222057432082
5.929999999999918, 0.39384729929479234, 0, 3112.3302544530566, 128.65052456458, 93.86576099462386
5.939999999999918, 0.3939682123533003, 0, 3113.1092007030134, 128.91129542883468, 93.88925317327725
5.949999999999918, 0.39408676692457345, 0, 3113.8865256837757, 129.17213148138066, 93.91269645708235
5.959999999999917, 0.39420300832333394, 0, 3114.6622083643924, 129.43303258551364, 93.93609021176002
5.969999999999917, 0.394316981020488, 0, 3115.436228328517, 129.69399860279327, 93.95943382156709
5.979999999999917, 0.3944287286577894, 0, 3116.208565761926, 129.9550293930941, 93.98272668891961
5.989999999999917, 0.3945382940622886, 0, 3116.979201440254, 130.2161248146555, 94.00596823402313
5.9999999999999165, 0.39464571926057124, 0, 3117.7481167169535, 130.47728472413064, 94.0291578945095
6.009999999999916, 0.39475104549278617, 0, 3118.515293511477, 130.73850897663428, 94.05229512508055
6.019999999999916, 0.39485431322646425, 0, 3119.280714297675, 130.99979742578984, 94.07537939715809
6.029999999999916, 0.3949555621701305, 0, 3120.0443620924043, 131.2611499237752, 94.09841019854044
6.039999999999916, 0.39505483128671026, 0, 3120.806220444351, 131.52256632136792, 94.12138703306526
6.0499999999999154, 0.3951521588067319, 0, 3121.5662734230546, 131.78404646798913, 94.1443094202786
6.059999999999915, 0.3952475822413269, 0, 3122.3245056081396, 132.04559021174686, 94.16717689511016
6.069999999999915, 0.39534113839503005, 0, 3123.0809020787456, 132.30719739947824, 94.18998900755436
6.079999999999915, 0.3954328633783806, 0, 3123.83544840315, 132.56886787679096, 94.21274532235763
6.089999999999915, 0.3955227926203274, 0, 3124.5881306285937, 132.83060148810384, 94.2354454187113
6.099999999999914, 0.3956109608804389, 0, 3125.3389352712834, 133.09239807668644, 94.2580888899503
6.109999999999914, 0.39569740226092043, 0, 3126.0878493065957, 133.35425748469802, 94.28067534325758
6.119999999999914, 0.3957821502184404, 0, 3126.834860159455, 133.6161795532256, 94.303204399374
6.129999999999914, 0.39586523757576847, 0, 3127.5799556948928, 133.8781641223212, 94.32567569231362
6.1399999999999135, 0.3959466965332263, 0, 3128.323124208794, 134.1402110310383, 94.34808886908452
6.149999999999913, 0.39602655867995373, 0, 3129.064354418806, 134.40232011746755, 94.37044358941473
6.159999999999913, 0.39610485500499243, 0, 3129.8036354554265, 134.66449121877181, 94.39273952548348
6.169999999999913, 0.3961816159081888, 0, 3130.5409568532623, 134.92672417122031, 94.4149763616574
6.179999999999913, 0.3962568712109188, 0, 3131.276308542448, 135.1890188102221, 94.43715379423195
6.1899999999999125, 0.39633065016663616, 0, 3132.009680840234, 135.45137497035896, 94.45927153117754
6.199999999999912, 0.3964029814712465, 0, 3132.7410644427314, 135.71379248541731, 94.48132929189062
6.209999999999912, 0.3964738932733092, 0, 3133.4704504168117, 135.97627118841976, 94.50332680694949
6.219999999999912, 0.3965434131840699, 0, 3134.197830192172, 136.23881091165578, 94.52526381787487
6.229999999999912, 0.39661156828732463, 0, 3134.9231955535433, 136.50141148671173, 94.54714007689492
6.239999999999911, 0.3966783851491189, 0, 3135.64653863305, 136.76407274450037, 94.56895534671486
6.249999999999911, 0.39674388982728254, 0, 3136.3678519027185, 137.02679451528954, 94.59070940029105
6.259999999999911, 0.3968081078808042, 0, 3137.087128167129, 137.28957662873043, 94.61240202060934
6.269999999999911, 0.39687106437904596, 0, 3137.8043605562116, 137.55241891388508, 94.63403300046778
6.2799999999999105, 0.39693278391080156, 0, 3138.5195425181764, 137.81532119925333, 94.65560214226352
6.28999999999991, 0.3969932905931988, 0, 3139.232667812587, 138.07828331279924, 94.67710925778377
6.29999999999991, 0.3970526080804507, 0, 3139.943730503563, 138.34130508197686, 94.69855416800091
6.30999999999991, 0.3971107595724543, 0, 3140.652724953121, 138.60438633375543, 94.71993670287155
6.31999999999991, 0.3971677678232423, 0, 3141.3596458146358, 138.86752689464413, 94.74125670113946
6.3299999999999095, 0.39722365514928804, 0, 3142.064488026438, 139.13072659071616, 94.76251401014241
6.339999999999909, 0.3972784434376657, 0, 3142.7672468055353, 139.3939852476324, 94.78370848562275
6.349999999999909, 0.3973321541540688, 0, 3143.467917641448, 139.65730269066447, 94.80483999154166
6.359999999999909, 0.3973848083506886, 0, 3144.166496290179, 139.9206787447173, 94.8259083998971
6.369999999999909, 0.397436426673954, 0, 3144.8629787682894, 140.1841132343512, 94.84691359054534
6.379999999999908, 0.39748702937213604, 0, 3145.557361347101, 140.4476059838035, 94.86785545102587
6.389999999999908, 0.3975366363028177, 0, 3146.249640547001, 140.71115681700957, 94.88873387638994
6.399999999999908, 0.3975852669402329, 0, 3146.9398131318744, 140.97476555762353, 94.90954876903231
6.409999999999908, 0.3976329403824738, 0, 3147.6278761036274, 141.23843202903834, 94.9303000385264
6.419999999999908, 0.39767967535857224, 0, 3148.31382669684, 141.5021560544056, 94.95098760146276
6.429999999999907, 0.3977254902354532, 0, 3148.9976623735024, 141.7659374566547, 94.97161138129054
6.439999999999907, 0.39777040302476574, 0, 3149.6793808178754, 142.02977605851189, 94.99217130816231
6.449999999999907, 0.3978144313895908, 0, 3150.3589799314404, 142.29367168251838, 95.01266731878185
6.459999999999907, 0.3978575926510291, 0, 3151.0364578279523, 142.55762415104854, 95.03309935625494
6.4699999999999065, 0.3978999037946715, 0, 3151.711812828593, 142.82163328632743, 95.05346736994319
6.479999999999906, 0.39794138147695135, 0, 3152.3850434572187, 143.08569891044795, 95.07377131532077
6.489999999999906, 0.3979820420313839, 0, 3153.056148435708, 143.34982084538768, 95.09401115383388
6.499999999999906, 0.3980219014746918, 0, 3153.7251266793905, 143.61399891302523, 95.1141868527632
6.509999999999906, 0.39806097551282044, 0, 3154.39197729258, 143.8782329351562, 95.134298385089
6.519999999999905, 0.39809927954684365, 0, 3155.0566995641916, 144.14252273350903, 95.15434572935888
6.529999999999905, 0.39813682867876227, 0, 3155.7192929634402, 144.40686812976003, 95.1743288695583
6.539999999999905, 0.39817363771719727, 0, 3156.37975713564, 144.6712689455485, 95.1942477949836
6.549999999999905, 0.3982097211829786, 0, 3157.0380918980727, 144.93572500249118, 95.21410250011763
6.559999999999905, 0.3982450933146327, 0, 3157.69429723595, 145.20023612219663, 95.23389298450785
6.569999999999904, 0.39827976807376836, 0, 3158.348373298452, 145.46480212627898, 95.25361925264686
6.579999999999904, 0.3983137591503651, 0, 3159.000320394845, 145.7294228363716, 95.27328131385536
6.589999999999904, 0.39834707996796326, 0, 3159.650138990682, 145.99409807414034, 95.2928791821676
6.599999999999904, 0.3983797436887598, 0, 3160.2978297040754, 146.2588276612964, 95.31241287621881
6.6099999999999035, 0.3984117632186088, 0, 3160.943393302046, 146.52361141960907, 95.3318824191353
6.619999999999903, 0.3984431512119313, 0, 3161.5868306969496, 146.78844917091791, 95.35128783842649
6.629999999999903, 0.3984739200765327, 0, 3162.2281429429695, 147.05334073714496, 95.37062916587927
6.639999999999903, 0.3985040819783325, 0, 3162.867331232687, 147.31828594030628, 95.38990643745453
6.649999999999903, 0.3985336488460055, 0, 3163.504396893715, 147.58328460252358, 95.40911969318562
6.659999999999902, 0.398562632375537, 0, 3164.139341385406, 147.84833654603528, 95.42826897707909
6.669999999999902, 0.3985910440346935, 0, 3164.772166295625, 148.11344159320745, 95.44735433701722
6.679999999999902, 0.39861889506741005, 0, 3165.402873337584, 148.3785995665444, 95.46637582466283
6.689999999999902, 0.398646196498096, 0, 3166.0314643467477, 148.64381028869917, 95.48533349536577
6.699999999999902, 0.3986729591358602, 0, 3166.657941277799, 148.9090735824835, 95.50422740807136
6.709999999999901, 0.39869919357865746, 0, 3167.2823062016655, 149.1743892708778, 95.52305762523089
6.719999999999901, 0.39872491021735734, 0, 3167.904561302609, 149.4397571770407, 95.5418242127137
6.729999999999901, 0.3987501192397366, 0, 3168.5247088753763, 149.70517712431842, 95.56052723972128
6.739999999999901, 0.39877483063439717, 0, 3169.142751322403, 149.97064893625398, 95.57916677870296
6.7499999999999005, 0.3987990541946102, 0, 3169.7586911510766, 150.23617243659606, 95.59774290527339
6.7599999999999, 0.39882279952208816, 0, 3170.3725309710626, 150.50174744930766, 95.61625569813185
6.7699999999999, 0.3988460760306858, 0, 3170.984273491675, 150.7673737985746, 95.63470523898296
6.7799999999999, 0.39886889295003125, 0, 3171.59392151931, 151.03305130881373, 95.65309161245925
6.7899999999999, 0.39889125932908936, 0, 3172.201477954922, 151.29877980468098, 95.67141490604521
6.7999999999998995, 0.39891318403965664, 0, 3172.80694579157, 151.56455911107918, 95.68967521000299
6.809999999999899, 0.39893467577979147, 0, 3173.410328111991, 151.83038905316562, 95.70787261729951
6.819999999999899, 0.3989557430771784, 0, 3174.0116280862444, 152.09626945635952, 95.72600722353523
6.829999999999899, 0.39897639429242937, 0, 3174.6108489693916, 152.36220014634927, 95.74407912687428
6.839999999999899, 0.3989966376223223, 0, 3175.207994099232, 152.62818094909937, 95.7620884279761
6.849999999999898, 0.3990164811029779, 0, 3175.8030668940823, 152.89421169085736, 95.78003522992846
6.859999999999898, 0.39903593261297665, 0, 3176.396070850601, 153.16029219816042, 95.79791963818197
6.869999999999898, 0.3990549998764165, 0, 3176.987009541662, 153.4264222978418, 95.81574176048578
6.879999999999898, 0.3990736904659122, 0, 3177.575886614266, 153.69260181703729, 95.83350170682478
6.8899999999998975, 0.3990920118055374, 0, 3178.162705787506, 153.9588305831911, 95.85119958935803
6.899999999999897, 0.3991099711737116, 0, 3178.7474708505642, 154.225108424062, 95.86883552235855
6.909999999999897, 0.3991275757060311, 0, 3179.3301856607577, 154.49143516772907, 95.8864096221542
6.919999999999897, 0.39914483239804627, 0, 3179.910854141622, 154.7578106425973, 95.90392200707002
6.929999999999897, 0.3991617481079862, 0, 3180.4894802810377, 155.02423467740303, 95.92137279737166
6.9399999999998965, 0.39917832955943067, 0, 3181.0660681293907, 155.29070710121937, 95.93876211520994
6.949999999999896, 0.3991945833439313, 0, 3181.6406217977806, 155.55722774346123, 95.95609008456675
6.959999999999896, 0.3992105159235831, 0, 3182.213145456256, 155.82379643389044, 95.9733568312019
6.969999999999896, 0.39922613363354564, 0, 3182.7836433320954, 156.09041300262052, 95.99056248260119
6.979999999999896, 0.39924144268451683, 0, 3183.35211970812, 156.35707728012153, 96.00770716792564
6.989999999999895, 0.3992564491651593, 0, 3183.9185789210424, 156.62378909722452, 96.0247910179616
6.999999999999895, 0.39927115904447935, 0, 3184.483025359854, 156.89054828512607, 96.04181416507213
7.009999999999895, 0.3992855781741613, 0, 3185.045463464239, 157.15735467539255, 96.05877674314918
7.019999999999895, 0.3992997122908564, 0, 3185.6058977230323, 157.42420809996432, 96.0756788875671
7.0299999999998946, 0.39931356701842796, 0, 3186.1643326727003, 157.6911083911598, 96.09252073513674
7.039999999999894, 0.3993271478701528, 0, 3186.720772895859, 157.95805538167934, 96.10930242406093
7.049999999999894, 0.3993404602508812, 0, 3187.275223019825, 158.22504890460917, 96.12602409389055
7.059999999999894, 0.39935350945915493, 0, 3187.827687715192, 158.49208879342487, 96.14268588548182
7.069999999999894, 0.39936630068928386, 0, 3188.3781716944463, 158.7591748819951, 96.15928794095433
7.0799999999998935, 0.3993788390333832, 0, 3188.9266797106, 159.02630700458505, 96.17583040365004
7.089999999999893, 0.39939112948337174, 0, 3189.4732165558653, 159.29348499585964, 96.1923134180931
7.099999999999893, 0.3994031769329306, 0, 3190.017787060349, 159.5607086908869, 96.20873712995059
7.109999999999893, 0.3994149861794245, 0, 3190.5603960907792, 159.82797792514106, 96.22510168599415
7.119999999999893, 0.3994265619257868, 0, 3191.1010485492584, 160.09529253450546, 96.24140723406225
7.129999999999892, 0.3994379087823666, 0, 3191.6397493720438, 160.3626523552756, 96.25765392302348
7.139999999999892, 0.3994490312687413, 0, 3192.1765035283506, 160.6300572241619, 96.27384190274049
7.149999999999892, 0.39945993381549366, 0, 3192.711316019188, 160.89750697829234, 96.2899713240348
7.159999999999892, 0.3994706207659543, 0, 3193.2441918762133, 161.16500145521522, 96.3060423386523
7.169999999999892, 0.39948109637791085, 0, 3193.7751361606165, 161.43254049290155, 96.32205509922959
7.179999999999891, 0.3994913648252837, 0, 3194.3041539620212, 161.70012392974755, 96.3380097592609
7.189999999999891, 0.3995014301997695, 0, 3194.8312503974225, 161.96775160457693, 96.35390647306589
7.199999999999891, 0.39951129651245243, 0, 3195.356430610134, 162.23542335664322, 96.36974539575806
7.209999999999891, 0.3995209676953845, 0, 3195.8796997687655, 162.5031390256319, 96.38552668321387
7.2199999999998905, 0.3995304476031353, 0, 3196.401063066223, 162.77089845166242, 96.40125049204255
7.22999999999989, 0.39953974001431136, 0, 3196.920525718729, 163.03870147529025, 96.41691697955653
7.23999999999989, 0.3995488486330461, 0, 3197.4380929648623, 163.30654793750878, 96.43252630374259
7.24999999999989, 0.39955777709046103, 0, 3197.9537700646224, 163.57443767975118, 96.4480786232335
7.25999999999989, 0.39956652894609807, 0, 3198.4675622985133, 163.84237054389212, 96.46357409728054
7.269999999999889, 0.3995751076893247, 0, 3198.979474966645, 164.11034637224947, 96.47901288572629
7.279999999999889, 0.3995835167407112, 0, 3199.489513387862, 164.37836500758584, 96.49439514897836
7.289999999999889, 0.39959175945338116, 0, 3199.997682898881, 164.64642629311027, 96.50972104798342
7.299999999999889, 0.3995998391143363, 0, 3200.5039888534557, 164.91453007247952, 96.52499074420199
7.309999999999889, 0.39960775894575457, 0, 3201.0084366215574, 165.18267618979957, 96.54020439958373
7.319999999999888, 0.3996155221062637, 0, 3201.511031588571, 165.45086448962687, 96.55536217654321
7.329999999999888, 0.39962313169218966, 0, 3202.011779154515, 165.7190948169697, 96.57046423793638
7.339999999999888, 0.39963059073878066, 0, 3202.510684733275, 165.98736701728924, 96.58551074703739
7.349999999999888, 0.39963790222140755, 0, 3203.007753751854, 166.25568093650085, 96.60050186751609
7.3599999999998875, 0.3996450690567405, 0, 3203.5029916496405, 166.52403642097497, 96.61543776341584
7.369999999999887, 0.3996520941039032, 0, 3203.9964038776943, 166.79243331753824, 96.63031859913207
7.379999999999887, 0.39965898016560397, 0, 3204.4879958980446, 167.0608714734744, 96.6451445393911
7.389999999999887, 0.39966572998924527, 0, 3204.977773183012, 167.32935073652527, 96.65991574922957
7.399999999999887, 0.3996723462680111, 0, 3205.465741214533, 167.59787095489142, 96.67463239397424
7.4099999999998865, 0.3996788316419337, 0, 3205.9519054835137, 167.86643197723308, 96.68929463922235
7.419999999999886, 0.39968518869893876, 0, 3206.4362714891868, 168.1350336526708, 96.70390265082237
7.429999999999886, 0.3996914199758709, 0, 3206.918844738493, 168.40367583078626, 96.71845659485521
7.439999999999886, 0.3996975279594983, 0, 3207.399630745467, 168.6723583616226, 96.73295663761579
7.449999999999886, 0.39970351508749885, 0, 3207.878635030645, 168.9410810956853, 96.74740294559511
7.459999999999885, 0.3997093837494255, 0, 3208.3558631204837, 169.2098438839425, 96.76179568546279
7.469999999999885, 0.3997151362876541, 0, 3208.8313205467894, 169.47864657782563, 96.77613502404978
7.479999999999885, 0.39972077499831193, 0, 3209.305012846165, 169.7474890292296, 96.79042112833177
7.489999999999885, 0.3997263021321881, 0, 3209.776945559467, 170.01637109051345, 96.80465416541274
7.4999999999998845, 0.3997317198956268, 0, 3210.2471242312763, 170.2852926145005, 96.81883430250902
7.509999999999884, 0.3997370304514017, 0, 3210.715554409381, 170.55425345447867, 96.83296170693369
7.519999999999884, 0.3997422359195749, 0, 3211.1822416442715, 170.82325346420083, 96.84703654608136
7.529999999999884, 0.39974733837833765, 0, 3211.647191488644, 171.0922924978849, 96.86105898741323
7.539999999999884, 0.39975233986483555, 0, 3212.1104094969232, 171.36137041021402, 96.87502919844262
7.5499999999998835, 0.3997572423759768, 0, 3212.571901224789, 171.63048705633673, 96.88894734672073
7.559999999999883, 0.3997620478692254, 0, 3213.0316722287184, 171.899642291867, 96.90281359982285
7.569999999999883, 0.3997667582633781, 0, 3213.489728065536, 172.16883597288432, 96.9166281253348
7.579999999999883, 0.39977137543932645, 0, 3213.9460742919773, 172.43806795593372, 96.93039109083965
7.589999999999883, 0.39977590124080414, 0, 3214.4007164642594, 172.70733809802567, 96.944102663905
7.599999999999882, 0.39978033747511893, 0, 3214.853660137667, 172.97664625663612, 96.95776301207023
7.609999999999882, 0.3997846859138711, 0, 3215.3049108661407, 173.2459922897063, 96.97137230283434
7.619999999999882, 0.39978894829365735, 0, 3215.7544742018863, 173.5153760556427, 96.98493070364387
7.629999999999882, 0.39979312631676056, 0, 3216.20235569498, 173.7847974133168, 96.99843838188129
7.6399999999998816, 0.3997972216518268, 0, 3216.648560892994, 174.054256222065, 97.01189550485356
7.649999999999881, 0.3998012359345285, 0, 3217.0930953406278, 174.32375234168822, 97.025302239781
7.659999999999881, 0.3998051707682146, 0, 3217.5359645793465, 174.59328563245185, 97.0386587537864
7.669999999999881, 0.399809027724548, 0, 3217.9771741470304, 174.8628559550853, 97.05196521388444
7.679999999999881, 0.399812808344131, 0, 3218.4167295776288, 175.1324631707818, 97.06522178697143
7.6899999999998805, 0.3998165141371174, 0, 3218.8546364008353, 175.40210714119792, 97.07842863981513
7.69999999999988, 0.3998201465838133, 0, 3219.2909001417506, 175.67178772845338, 97.09158593904493
7.70999999999988, 0.39982370713526644, 0, 3219.7255263205716, 175.9415047951305, 97.1046938511424
7.71999999999988, 0.3998271972138427, 0, 3220.1585204522817, 176.21125820427383, 97.11775254243177
7.72999999999988, 0.3998306182137927, 0, 3220.589888046345, 176.48104781938974, 97.13076217907091
7.739999999999879, 0.39983397150180605, 0, 3221.019634606415, 176.75087350444588, 97.1437229270425
7.749999999999879, 0.3998372584175558, 0, 3221.447765630049, 177.0207351238707, 97.15663495214531
7.759999999999879, 0.39984048027423114, 0, 3221.874286608422, 177.29063254255297, 97.16949841998574
7.769999999999879, 0.3998436383590602, 0, 3222.2992030260634, 177.56056562584118, 97.18231349596971
7.779999999999879, 0.3998467339338229, 0, 3222.7225203605853, 177.830534239543, 97.19508034529456
7.789999999999878, 0.3998497682353527, 0, 3223.1442440824258, 178.10053824992465, 97.20779913294132
7.799999999999878, 0.3998527424760292, 0, 3223.564379654596, 178.37057752371038, 97.22047002366708
7.809999999999878, 0.3998556578442613, 0, 3223.982932532438, 178.64065192808175, 97.23309318199756
7.819999999999878, 0.39985851550496, 0, 3224.3999081633838, 178.910761330677, 97.24566877222004
7.8299999999998775, 0.39986131660000235, 0, 3224.815311986722, 179.18090559959037, 97.25819695837619
7.839999999999877, 0.3998640622486867, 0, 3225.229149433374, 179.45108460337147, 97.27067790425534
7.849999999999877, 0.3998667535481781, 0, 3225.6414259256717, 179.72129821102448, 97.28311177338779
7.859999999999877, 0.3998693915739455, 0, 3226.0521468771444, 179.99154629200748, 97.29549872903841
7.869999999999877, 0.39987197738019037, 0, 3226.461317692309, 180.2618287162317, 97.3078389342003
7.879999999999876, 0.39987451200026647, 0, 3226.86894376647, 180.5321453540607, 97.32013255158869
7.889999999999876, 0.3998769964470918, 0, 3227.275030485517, 180.8024960763097, 97.33237974363492
7.899999999999876, 0.39987943171355217, 0, 3227.6795832257403, 181.07288075424464, 97.34458067248083
7.909999999999876, 0.39988181877289686, 0, 3228.0826073536364, 181.34329925958153, 97.35673549997291
7.919999999999876, 0.39988415857912657, 0, 3228.4841082257326, 181.61375146448546, 97.36884438765703
7.929999999999875, 0.3998864520673736, 0, 3228.884091188407, 181.88423724156988, 97.380907496773
7.939999999999875, 0.39988870015427475, 0, 3229.2825615777206, 182.1547564638957, 97.39292498824943
7.949999999999875, 0.39989090373833647, 0, 3229.679524719248, 182.42530900497036, 97.40489702269875
7.959999999999875, 0.3998930637002931, 0, 3230.0749859279167, 182.69589473874709, 97.41682376041229
7.9699999999998745, 0.3998951809034585, 0, 3230.468950507852, 182.96651353962383, 97.4287053613556
7.979999999999874, 0.39989725619406946, 0, 3230.8614237522215, 183.2371652824425, 97.44054198516379
7.989999999999874, 0.39989929040162386, 0, 3231.2524109430906, 183.50784984248793, 97.45233379113716
7.999999999999874, 0.399901284339211, 0, 3231.641917351276, 183.77856709548695, 97.46408093823676
8.009999999999874, 0.39990323880383605, 0, 3232.029948236209, 184.04931691760757, 97.47578358508032
8.019999999999873, 0.39990515457673775, 0, 3232.416508845799, 184.32009918545785, 97.48744188993805
8.029999999999873, 0.3999070324237001, 0, 3232.8016044163046, 184.590913776085, 97.49905601072884
8.039999999999873, 0.39990887309535805, 0, 3233.185240172202, 184.86176056697443, 97.51062610501626
8.049999999999873, 0.39991067732749636, 0, 3233.5674213260695, 185.13263943604875, 97.52215233000501
8.059999999999873, 0.3999124458413436, 0, 3233.9481530784633, 185.40355026166668, 97.53363484253727
8.069999999999872, 0.39991417934385964, 0, 3234.3274406178007, 185.67449292262216, 97.5450737990892
8.079999999999872, 0.3999158785280178, 0, 3234.7052891202557, 185.94546729814326, 97.55646935576759
8.089999999999872, 0.39991754407308117, 0, 3235.081703749644, 186.21647326789116, 97.56782166830668
8.099999999999872, 0.3999191766448738, 0, 3235.45668965732, 186.48751071195912, 97.57913089206485
8.109999999999872, 0.3999207768960463, 0, 3235.8302519820822, 186.75857951087139, 97.59039718202175
8.119999999999871, 0.3999223454663363, 0, 3236.2023958500654, 187.02967954558224, 97.60162069277521
8.129999999999871, 0.3999238829828238, 0, 3236.573126374653, 187.30081069747482, 97.61280157853851
8.139999999999871, 0.39992539006018096, 0, 3236.9424486563857, 187.5719728483601, 97.62393999313758
8.14999999999987, 0.3999268673009183, 0, 3237.310367782873, 187.84316588047585, 97.63503609000836
8.15999999999987, 0.39992831529562434, 0, 3237.6768888287043, 188.11438967648547, 97.64609002219422
8.16999999999987, 0.3999297346232016, 0, 3238.042016855375, 188.38564411947695, 97.65710194234353
8.17999999999987, 0.39993112585109797, 0, 3238.405756911201, 188.65692909296172, 97.66807200270728
8.18999999999987, 0.3999324895355327, 0, 3238.768114031246, 188.9282444808736, 97.67900035513674
8.19999999999987, 0.3999338262217187, 0, 3239.129093237249, 189.19959016756764, 97.68988715108138
8.20999999999987, 0.39993513644408024, 0, 3239.48869953755, 189.47096603781904, 97.7007325415866
8.21999999999987, 0.3999364207264662, 0, 3239.8469379270277, 189.74237197682203, 97.71153667729179
8.229999999999869, 0.3999376795823592, 0, 3240.2038133870333, 190.01380787018869, 97.72229970842835
8.239999999999869, 0.3999389135150806, 0, 3240.5593308853236, 190.28527360394784, 97.73302178481781
8.249999999999869, 0.39994012301799153, 0, 3240.9134953760085, 190.5567690645439, 97.74370305587003
8.259999999999868, 0.3999413085746898, 0, 3241.266311799487, 190.82829413883573, 97.75434367058143
8.269999999999868, 0.39994247065920296, 0, 3241.617785082397, 191.09984871409554, 97.76494377753343
8.279999999999868, 0.3999436097361779, 0, 3241.9679201375625, 191.37143267800764, 97.77550352489078
8.289999999999868, 0.39994472626106564, 0, 3242.3167218639387, 191.64304591866735, 97.78602306040008
8.299999999999867, 0.3999458206803042, 0, 3242.6641951465717, 191.9146883245798, 97.79650253138837
8.309999999999867, 0.39994689343149614, 0, 3243.010344856545, 192.1863597846588, 97.80694208476167
8.319999999999867, 0.39994794494358354, 0, 3243.355175850943, 192.45806018822563, 97.81734186700376
8.329999999999867, 0.39994897563701937, 0, 3243.698692972805, 192.72978942500788, 97.82770202417487
8.339999999999867, 0.39994998592393544, 0, 3244.0409010510866, 193.00154738513828, 97.8380227019105
8.349999999999866, 0.3999509762083067, 0, 3244.3818049006254, 193.27333395915352, 97.84830404542036
8.359999999999866, 0.3999519468861132, 0, 3244.7214093221014, 193.54514903799304, 97.85854619948724
8.369999999999866, 0.3999528983454974, 0, 3245.0597191020065, 193.81699251299787, 97.86874930846598
8.379999999999866, 0.39995383096692017, 0, 3245.3967390126136, 194.08886427590943, 97.87891351628261
8.389999999999866, 0.3999547451233118, 0, 3245.732473811944, 194.36076421886833, 97.8890389664334
8.399999999999865, 0.3999556411802218, 0, 3246.066928243742, 194.63269223441318, 97.89912580198406
8.409999999999865, 0.39995651949596434, 0, 3246.400107037449, 194.90464821547943, 97.90917416556888
8.419999999999865, 0.3999573804217617, 0, 3246.7320149081793, 195.1766320553981, 97.91918419939009
8.429999999999865, 0.39995822430188455, 0, 3247.062656556693, 195.4486436478946, 97.9291560452171
8.439999999999864, 0.39995905147378924, 0, 3247.3920366693824, 195.72068288708763, 97.93908984438593
8.449999999999864, 0.399959862268253, 0, 3247.7201599182486, 195.99274966748777, 97.94898573779861
8.459999999999864, 0.3999606570095058, 0, 3248.0470309608827, 196.26484388399646, 97.9588438659226
8.469999999999864, 0.39996143601535983, 0, 3248.372654440453, 196.53696543190472, 97.96866436879036
8.479999999999864, 0.399962199597337, 0, 3248.697034985686, 196.80911420689193, 97.97844738599889
8.489999999999863, 0.39996294806079263, 0, 3249.0201772108585, 197.08129010502466, 97.98819305670932
8.499999999999863, 0.39996368170503804, 0, 3249.3420857157794, 197.3534930227554, 97.99790151964653
8.509999999999863, 0.39996440082346013, 0, 3249.6627650857868, 197.62572285692139, 98.00757291309891
8.519999999999863, 0.3999651057036381, 0, 3249.9822198917313, 197.89797950474338, 98.01720737491802
8.529999999999863, 0.3999657966274589, 0, 3250.300454689974, 198.17026286382446, 98.02680504251835
8.539999999999862, 0.3999664738712297, 0, 3250.617474022378, 198.44257283214884, 98.03636605287718
8.549999999999862, 0.39996713770578823, 0, 3250.9332824163007, 198.71490930808056, 98.04589054253442
8.559999999999862, 0.399967788396611, 0, 3251.247884384597, 198.9872721903624, 98.05537864759245
8.569999999999862, 0.39996842620391954, 0, 3251.561284425608, 199.25966137811452, 98.06483050371608
8.579999999999862, 0.3999690513827842, 0, 3251.873487023167, 199.53207677083336, 98.07424624613249
8.589999999999861, 0.3999696641832262, 0, 3252.1844966465937, 199.80451826839038, 98.0836260096312
8.599999999999861, 0.3999702648503177, 0, 3252.494317750698, 200.07698577103085, 98.09296992856414
8.60999999999986, 0.39997085362427925, 0, 3252.8029547757806, 200.3494791793726, 98.10227813684567
8.61999999999986, 0.3999714307405764, 0, 3253.1104121476383, 200.62199839440487, 98.11155076795268
8.62999999999986, 0.39997199643001324, 0, 3253.4166942775637, 200.89454331748706, 98.12078795492472
8.63999999999986, 0.3999725509188252, 0, 3253.721805562356, 201.1671138503475, 98.12998983036418
8.64999999999986, 0.3999730944287691, 0, 3254.0257503843213, 201.4397098950823, 98.13915652643638
8.65999999999986, 0.3999736271772117, 0, 3254.3285331112834, 201.712331354154, 98.14828817486992
8.66999999999986, 0.39997414937721704, 0, 3254.630158096591, 201.98497813039054, 98.15738490695679
8.67999999999986, 0.3999746612376311, 0, 3254.9306296791265, 202.2576501269839, 98.16644685355271
8.68999999999986, 0.39997516296316554, 0, 3255.2299521833143, 202.53034724748895, 98.17547414507743
8.699999999999859, 0.39997565475447955, 0, 3255.5281299191356, 202.80306939582223, 98.184466911515
8.709999999999859, 0.39997613680825994, 0, 3255.8251671821345, 203.0758164762608, 98.19342528241424
8.719999999999859, 0.3999766093172997, 0, 3256.121068253436, 203.34858839344085, 98.20234938688891
8.729999999999858, 0.39997707247057535, 0, 3256.415837399753, 203.62138505235674, 98.21123935361835
8.739999999999858, 0.3999775264533222, 0, 3256.709478873408, 203.8942063583596, 98.2200953108477
8.749999999999858, 0.39997797144710834, 0, 3257.001996912342, 204.16705221715623, 98.22891738638847
8.759999999999858, 0.39997840762990766, 0, 3257.293395740132, 204.4399225348078, 98.23770570761897
8.769999999999857, 0.39997883517617044, 0, 3257.5836795660057, 204.7128172177288, 98.2464604014848
8.779999999999857, 0.39997925425689357, 0, 3257.8728525848637, 204.98573617268568, 98.25518159449938
8.789999999999857, 0.39997966503968846, 0, 3258.1609189772903, 205.25867930679573, 98.26386941274444
8.799999999999857, 0.3999800676888485, 0, 3258.4478829095783, 205.53164652752585, 98.27252398187068
8.809999999999857, 0.3999804623654143, 0, 3258.733748533742, 205.80463774269143, 98.28114542709821
8.819999999999856, 0.3999808492272384, 0, 3259.0185199875423, 206.07765286045503, 98.28973387321723
8.829999999999856, 0.3999812284290483, 0, 3259.3022013945033, 206.3506917893253, 98.29828944458865
8.839999999999856, 0.3999816001225082, 0, 3259.5847968639364, 206.62375443815574, 98.30681226514467
8.849999999999856, 0.39998196445627965, 0, 3259.866310490961, 206.89684071614346, 98.3153024583895
8.859999999999856, 0.39998232157608116, 0, 3260.146746356524, 207.1699505328281, 98.32376014739995
8.869999999999855, 0.3999826716247462, 0, 3260.426108527425, 207.44308379809056, 98.33218545482617
8.879999999999855, 0.3999830147422806, 0, 3260.704401056341, 207.71624042215183, 98.34057850289238
8.889999999999855, 0.3999833510659182, 0, 3260.981627981846, 207.98942031557186, 98.3489394133975
8.899999999999855, 0.3999836807301761, 0, 3261.257793328439, 208.26262338924835, 98.35726830771596
8.909999999999854, 0.39998400386690797, 0, 3261.53290110657, 208.53584955441548, 98.3655653067984
8.919999999999854, 0.3999843206053572, 0, 3261.806955312658, 208.8090987226429, 98.37383053117247
8.929999999999854, 0.39998463107220833, 0, 3262.079959929127, 209.08237080583442, 98.38206410094362
8.939999999999854, 0.3999849353916378, 0, 3262.351918924423, 209.35566571622695, 98.39026613579586
8.949999999999854, 0.3999852336853635, 0, 3262.622836253049, 209.6289833663892, 98.39843675499256
8.959999999999853, 0.39998552607269355, 0, 3262.8927158555866, 209.90232366922064, 98.40657607737731
8.969999999999853, 0.39998581267057404, 0, 3263.1615616587223, 210.17568653795024, 98.41468422137471
8.979999999999853, 0.3999860935936355, 0, 3263.429377575284, 210.44907188613536, 98.4227613049913
8.989999999999853, 0.39998636895423917, 0, 3263.6961675042594, 210.7224796276606, 98.43080744581627
8.999999999999853, 5.897338173355138E-12, 0.9999999999852562, 3245.9632810547955, 210.99545120209356, 97.89599989885868
9.009999999999852, 0, 1, 3203.9649284538855, 211.26562459823214, 96.62936933077626
9.019999999999852, 0, 1, 3162.0699597385687, 211.5322839203587, 95.3658585206868
9.029999999999852, 0, 1, 3120.27676231237, 211.7954377672493, 94.10541914097392
9.039999999999852, 0, 1, 3078.583735604149, 212.0550946040132, 92.84800327790563
9.049999999999851, 0, 1, 3036.989290537091, 212.31126276323175, 91.5935634237713
9.059999999999851, 0, 1, 2995.4918489610704, 212.56395044607535, 90.3420524691349
9.069999999999851, 0, 1, 2954.0898430429183, 212.81316572339918, 89.09342369520613
9.07999999999985, 0, 1, 2912.78171460834, 213.05891653681783, 87.84763076632689
9.08999999999985, 0, 1, 2871.5659144285482, 213.30121069975934, 86.6046277225702
9.09999999999985, 0, 1, 2830.4409014439475, 213.54005589849862, 85.36436897244913
9.10999999999985, 0, 1, 2789.405141916483, 213.77545969317097, 84.12680928573295
9.11999999999985, 0, 1, 2748.4571085014704, 214.00742951876575, 82.89190378636812
9.12999999999985, 0, 1, 2707.595279229, 214.23597268610035, 81.65960794550169
9.13999999999985, 0, 1, 2666.818136384247, 214.46109638277525, 80.42987757460459
9.14999999999985, 0, 1, 2626.1241652753833, 214.68280767410977, 79.20266881869239
9.15999999999985, 0, 1, 2585.5118528772214, 214.90111350405937, 77.97793814964147
9.169999999999849, 0, 1, 2544.9796863383854, 215.11602069611436, 76.75564235959808
9.179999999999849, 0, 1, 2504.5261513397004, 215.32753595418055, 75.5357385544782
9.189999999999849, 0, 1, 2464.149730291782, 215.53566586344184, 74.31818414755593
9.199999999999848, 0, 1, 2423.848900360635, 215.74041689120526, 73.10293685313847
9.209999999999848, 0, 1, 2383.622131311595, 215.94179538772843, 71.88995468032532
9.219999999999848, 0, 1, 2343.4678831643814, 216.1398075870299, 70.67919592684997
9.229999999999848, 0, 1, 2303.3846036557625, 216.33445960768242, 69.47061917300178
9.239999999999847, 0, 1, 2263.3707255115864, 216.52575745358945, 68.26418327562627
9.249999999999847, 0, 1, 2223.4246635373, 216.71370701474515, 67.05984736220194
9.259999999999847, 0, 1, 2183.54481154606, 216.89831406797805, 65.85757082499141
9.269999999999847, 0, 1, 2143.7295391568687, 217.0795842776784, 64.65731331526558
9.279999999999847, 0, 1, 2103.977188512768, 217.25752319650985, 63.45903473759829
9.289999999999846, 0, 1, 2064.286070992036, 217.4321362661051, 62.26269524423037
9.299999999999846, 0, 1, 2024.6544640149953, 217.6034288177461, 61.06825522950086
9.309999999999846, 0, 1, 1985.0806080870998, 217.77140607302908, 59.87567532434394
9.319999999999846, 0, 1, 1945.5627042674691, 217.93607314451395, 58.68491639084967
9.329999999999846, 0, 1, 1906.0989123136324, 218.0974350363591, 57.49593951688719
9.339999999999845, 0, 1, 1866.6873498309192, 218.25549664494096, 56.30870601078834
9.349999999999845, 0, 1, 1827.3260928526508, 218.41026275945936, 55.123177396090526
9.359999999999845, 0, 1, 2979.7695657738545, 218.56173806252787, 53.939315406336874
9.369999999999845, 0, 1, 2914.27726220132, 218.70992713075003, 52.757081979932465
9.379999999999844, 0, 1, 2848.849781940758, 218.85483443528145, 51.576439255054865
9.389999999999844, 0, 1, 2783.482045753224, 218.99646434237755, 50.39734956461761
9.399999999999844, 0, 1, 2718.1686748616444, 219.1348211139277, 49.21977543128514
9.409999999999844, 0, 1, 2652.903979339941, 219.26990890797535, 48.04367956253766
9.419999999999844, 0, 1, 2587.681952938381, 219.40173177922466, 46.869024845784665
9.429999999999843, 0, 1, 2522.4962770989905, 219.53029367953357, 45.69577434352555
9.439999999999843, 0, 1, 2457.340337706345, 219.65559845839346, 44.52389128855604
9.449999999999843, 0, 1, 2392.2072591050046, 219.77764986339562, 43.353339079219054
9.459999999999843, 0, 1, 2327.0899611383493, 219.89645154068452, 42.184081274698656
9.469999999999843, 0, 1, 2261.9812464750785, 220.01200703539817, 41.016081590355725
9.479999999999842, 0, 1, 2196.873927348765, 220.12431979209543, 39.849303893104185
9.489999999999842, 0, 1, 2131.761003111511, 220.2333931551707, 38.68371219682633
9.499999999999842, 0, 1, 2066.6359027733824, 220.33923036925574, 37.51927065782613
9.509999999999842, 0, 1, 2001.4928100520658, 220.44183457960915, 36.35594357031918
9.519999999999841, 0, 1, 1936.3270924857613, 220.54120883249308, 35.19369536195808
9.529999999999841, 0, 1, 1871.1358609619137, 220.6373560755378, 34.03249058939209
9.539999999999841, 0, 1, 2884.429830675122, 220.73027915809396, 32.87229393385974
9.54999999999984, 0, 1, 2779.1125346236786, 220.81998083157242, 31.71307019681332
9.55999999999984, 0, 1, 2673.600030516616, 220.90646374977229, 30.554784295574034
9.56999999999984, 0, 1, 2567.8835029008, 220.98973046919667, 29.39740125901664
9.57999999999984, 0, 1, 2461.961490002092, 221.06978344935666, 28.240886223282473
9.58999999999984, 0, 1, 2355.842710301286, 221.14662505306336, 27.085204427519677
9.59999999999984, 0, 1, 2249.549628840825, 221.22025754670807, 25.93032120964956
9.60999999999984, 0, 1, 2143.122910544768, 221.29068310053088, 24.77620200215792
9.61999999999984, 0, 1, 2036.626922637058, 221.35790378887754, 23.62281232791031
9.62999999999984, 0, 1, 1930.156457311244, 221.42192159044458, 22.470117795990067
9.639999999999839, 0, 1, 1823.844844321508, 221.48273838851324, 21.318084097558103
9.649999999999839, 0, 1, 1717.8736042577157, 221.54035597117166, 20.16667700173334
9.659999999999838, 0, 1, 1612.4837475507572, 221.59477603152567, 19.015862351492757
9.669999999999838, 0, 1, 1507.9887395233256, 221.6460001678984, 17.86560605958998
9.679999999999838, 0, 1, 1404.7890131210063, 221.69402988401833, 16.715874104491373
9.689999999999838, 0, 1, 1303.3877015523512, 221.73886658919633, 15.566632526328616
9.699999999999838, 0, 1, 1204.406966570985, 221.78051159849122, 14.417847422866707
9.709999999999837, 0, 1, 1108.6039029475362, 221.81896613286435, 13.269484945486374
9.719999999999837, 0, 1, 1016.8845061459597, 221.854231319323, 12.121511295179916
9.729999999999837, 0, 1, 930.313621025381, 221.88630819105254, 10.973892718559423
9.739999999999837, 0, 1, 850.1182026163267, 221.91519768753773, 9.826595503876359
9.749999999999837, 0, 1, 777.6807223258385, 221.9409006546728, 8.679585977051573
9.759999999999836, 0, 1, 714.519307383814, 221.9634178448606, 7.532830497714668
9.769999999999836, 0, 1, 662.2514210247125, 221.98274991710076, 6.386295455251775
9.779999999999836, 0, 1, 622.5388070584489, 221.99889743706686, 5.239947264860746
9.789999999999836, 0, 1, 597.0132184105985, 222.01186087717264, 4.093752363612761
9.799999999999836, 0, 1, 587.1851612246129, 222.0216406166273, 2.9476772065193892
9.809999999999835, 0, 1, 594.3412935969563, 222.02823694147995, 1.8016882626041015
9.819999999999835, 0, 1, 619.4396701055888, 222.03165004465293, 0.6557520109772728
9.829999999999835, 0, 1, 654.4610769960121, 222.0318800259645, -0.2991791313760334
9.839999999999835, 0, 1, 654.4611266074254, 222.03104897123546, -0.29918027354171667
9.849999999999834, 0, 1, 654.4611762192358, 222.03021791333373, -0.2991814157161208
9.859999999999834, 0, 1, 654.4612258314436, 222.02938685225928, -0.29918255789924586
9.869999999999834, 0, 1, 654.4612754440486, 222.02855578801208, -0.29918370009109196
9.879999999999834, 0, 1, 654.461325057051, 222.02772472059212, -0.29918484229165926
9.889999999999834, 0, 1, 654.4613746704506, 222.02689364999935, -0.29918598450094774
9.899999999999833, 0, 1, 654.4614242842475, 222.02606257623378, -0.2991871267189576
9.909999999999833, 0, 1, 654.4614738984417, 222.02523149929536, -0.2991882689456889
9.919999999999833, 0, 1, 654.4615235130332, 222.02440041918408, -0.29918941118114173
9.929999999999833, 0, 1, 654.461573128022, 222.0235693358999, -0.2991905534253162
9.939999999999833, 0, 1, 654.461622743408, 222.02273824944282, -0.2991916956782124
9.949999999999832, 0, 1, 654.4616723591915, 222.0219071598128, -0.29919283793983054
9.959999999999832, 0, 1, 654.4617219753724, 222.0210760670098, -0.2991939802101705
9.969999999999832, 0, 1, 654.4617715919504, 222.02024497103383, -0.2991951224892326
9.979999999999832, 0, 1, 654.4618212089258, 222.01941387188486, -0.2991962647770168
9.989999999999831, 0, 1, 654.4618708262987, 222.01858276956284, -0.2991974070735232
9.999999999999831, 0, 1, 654.4619204440687, 222.01775166406776, -0.299198549378752
