Time, ../model.aircraft.z, ../model.aircraft.theta
0, -0.13178977193133742, 0.1699
0.01, -0.13178984166359478, 0.16989961643699367
0.02, -0.1317899911171661, 0.16989851957088759
0.03, -0.13179018833375272, 0.16989680529535148
0.04, -0.1317904041206295, 0.16989457823932566
0.05, -0.13179061261451397, 0.16989194801304436
0.060000000000000005, -0.13179079169693333, 0.16988902565448227
0.07, -0.13179092326310965, 0.16988592035854924
0.08, -0.1317909933503256, 0.169882736555869
0.09, -0.13179099213515189, 0.16987957139200713
0.09999999999999999, -0.13179091381175934, 0.16987651264205586
0.10999999999999999, -0.13179075636577978, 0.16987363707998984
0.11999999999999998, -0.13179052125980695, 0.16987100930757276
0.12999999999999998, -0.13179021304765523, 0.16986868103415687
0.13999999999999999, -0.13178983893494248, 0.16986669078674654
0.15, -0.13178940830347544, 0.1698650640193987
0.16, -0.1317889322163419, 0.16986381358254607
0.17, -0.1317884229196141, 0.16986294050623021
0.18000000000000002, -0.13178789335521002, 0.1698624350465333
0.19000000000000003, -0.13178735669781222, 0.16986227794166311
0.20000000000000004, -0.13178682592688412, 0.16986244182308283
0.21000000000000005, -0.13178631344281874, 0.1698628927276572
0.22000000000000006, -0.13178583073417852, 0.16986359165884204
0.23000000000000007, -0.13178538810089985, 0.169864496148283
0.24000000000000007, -0.13178499443630295, 0.16986556177360157
0.25000000000000006, -0.1317846570688199, 0.1698667435934076
0.26000000000000006, -0.13178438166257475, 0.16986799746646322
0.2700000000000001, -0.1317841721743579, 0.16986928122820935
0.2800000000000001, -0.13178403086315915, 0.16987055570433762
0.2900000000000001, -0.1317839583472805, 0.16987178554755036
0.3000000000000001, -0.13178395370315096, 0.16987293988991325
0.3100000000000001, -0.1317840145993157, 0.16987399280911475
0.3200000000000001, -0.13178413745866496, 0.16987492361236486
0.3300000000000001, -0.13178431764179563, 0.16987571694648632
0.34000000000000014, -0.13178454964444225, 0.16987636274689125
0.35000000000000014, -0.13178482730215385, 0.16987685604154085
0.36000000000000015, -0.13178514399580485, 0.1698771966286246
0.37000000000000016, -0.1317854928520833, 0.16987738864856464
0.38000000000000017, -0.13178586693377098, 0.16987744007206715
0.3900000000000002, -0.13178625941538633, 0.16987736212634227
0.4000000000000002, -0.13178666374057446, 0.1698771686813517
0.4100000000000002, -0.13178707375847068, 0.16987687561708584
0.4200000000000002, -0.13178748383710703, 0.16987650019149997
0.4300000000000002, -0.13178788895275437, 0.16987606042693332
0.4400000000000002, -0.13178828475486992, 0.16987557453069285
0.45000000000000023, -0.13178866760703845, 0.16987506036308878
0.46000000000000024, -0.1317890346049357, 0.16987453496365926
0.47000000000000025, -0.13178938357289727, 0.16987401414369757
0.48000000000000026, -0.13178971304113415, 0.16987351215058183
0.49000000000000027, -0.1317900222059969, 0.16987304140687506
0.5000000000000002, -0.13179031087594795, 0.16987261232477815
0.5100000000000002, -0.13179057940606334, 0.16987223319433278
0.5200000000000002, -0.1317908286239498, 0.1698719101418308
0.5300000000000002, -0.13179105974994293, 0.1698716471532221
0.5400000000000003, -0.13179127431435078, 0.16987144615594743
0.5500000000000003, -0.13179147407433825, 0.16987130715156784
0.5600000000000003, -0.13179166093282005, 0.16987122839081809
0.5700000000000003, -0.13179183686145668, 0.1698712065822734
0.5800000000000003, -0.1317920038295399, 0.16987123712566823
0.5900000000000003, -0.13179216374022398, 0.16987131436102412
0.6000000000000003, -0.13179231837521777, 0.16987143182509967
0.6100000000000003, -0.1317924693487106, 0.1698715825072413
0.6200000000000003, -0.1317926180709735, 0.16987175909745014
0.6300000000000003, -0.13179276572176107, 0.16987195422035442
0.6400000000000003, -0.131792913233352, 0.1698721606497494
0.6500000000000004, -0.13179306128280577, 0.169872371499402
0.6600000000000004, -0.13179321029279192, 0.16987258038688066
0.6700000000000004, -0.13179336044016274, 0.16987278156822835
0.6800000000000004, -0.13179351167129702, 0.16987297004232013
0.6900000000000004, -0.1317936637231389, 0.16987314162471032
0.7000000000000004, -0.13179381614879226, 0.16987329299165477
0.7100000000000004, -0.1317939683465066, 0.1698734216957753
0.7200000000000004, -0.131794119590899, 0.16987352615550275
0.7300000000000004, -0.1317942690653001, 0.16987360562098236
0.7400000000000004, -0.1317944158941805, 0.169873660119547
0.7500000000000004, -0.1317945591747075, 0.16987369038415975
0.7600000000000005, -0.13179469800659271, 0.16987369776839978
0.7700000000000005, -0.13179483151951696, 0.1698736841516208
0.7800000000000005, -0.13179495889755202, 0.16987365183785988
0.7900000000000005, -0.13179507940013724, 0.16987360345192556
0.8000000000000005, -0.13179519237930704, 0.16987354183586192
0.8100000000000005, -0.131795297293, 0.16987346994868435
0.8200000000000005, -0.13179539371440618, 0.16987339077192662
0.8300000000000005, -0.13179548133742686, 0.1698733072231431
0.8400000000000005, -0.1317955599784238, 0.1698732220790904
0.8500000000000005, -0.13179562957452562, 0.1698731379098819
0.8600000000000005, -0.13179569017883166, 0.16987305702498004
0.8700000000000006, -0.1317957419529117, 0.1698729814314782
0.8800000000000006, -0.1317957851570408, 0.1698729128047349
0.8900000000000006, -0.1317958201386332, 0.16987285247106787
0.9000000000000006, -0.1317958473193487, 0.1698728014019007
0.9100000000000006, -0.13179586718134045, 0.16987276021848635
0.9200000000000006, -0.13179588025309466, 0.1698727292061119
0.9300000000000006, -0.1317958870952851, 0.16987270833652016
0.9400000000000006, -0.13179588828702618, 0.16987269729716664
0.9500000000000006, -0.1317958844128633, 0.1698726955258623
0.9600000000000006, -0.13179587605078835, 0.16987270224933182
0.9700000000000006, -0.13179586376151345, 0.16987271652424082
0.9800000000000006, -0.13179584807918002, 0.1698727372793059
0.9900000000000007, -0.13179582950362448, 0.16987276335719803
1.0000000000000007, -0.1317958084942672, 0.16987279355507215
1.0100000000000007, -0.13179578546564, 0.16987282666270118
1.0200000000000007, -0.1317957607845207, 0.16987286149735326
1.0300000000000007, -0.13179573476860112, 0.16987289693472152
1.0400000000000007, -0.13179570768657864, 0.16987293193539024
1.0500000000000007, -0.13179567975953227, 0.16987296556649442
1.0600000000000007, -0.13179565116342062, 0.16987299701839695
1.0700000000000007, -0.1317956220325232, 0.16987302561636464
1.0800000000000007, -0.13179559246363623, 0.16987305082736762
1.0900000000000007, -0.13179556252083086, 0.16987307226225307
1.1000000000000008, -0.13179553224058368, 0.1698730896736523
1.1100000000000008, -0.13179550163709675, 0.1698731029500687
1.1200000000000008, -0.13179547070763584, 0.16987311210666076
1.1300000000000008, -0.1317954394377318, 0.1698731172732818
1.1400000000000008, -0.1317954078061077, 0.16987311868036398
1.1500000000000008, -0.13179537578921552, 0.1698731166432421
1.1600000000000008, -0.13179534336528825, 0.16987311154550266
1.1700000000000008, -0.1317953105178357, 0.16987310382191778
1.1800000000000008, -0.13179527723853507, 0.16987309394148445
1.1900000000000008, -0.13179524352948957, 0.1698730823910397
1.2000000000000008, -0.1317952094048486, 0.16987306965986254
1.2100000000000009, -0.13179517489180223, 0.16987305622560853
1.2200000000000009, -0.1317951400309798, 0.16987304254185395
1.2300000000000009, -0.13179510487629642, 0.1698730290274553
1.2400000000000009, -0.13179506949430342, 0.16987301605786007
1.2500000000000009, -0.1317950339631081, 0.1698730039584372
1.260000000000001, -0.13179499837093425, 0.16987299299983216
1.270000000000001, -0.13179496281439904, 0.16987298339529364
1.280000000000001, -0.13179492739658336, 0.16987297529986853
1.290000000000001, -0.1317948922249714, 0.1698729688113176
1.300000000000001, -0.13179485740933256, 0.1698729639725697
1.310000000000001, -0.1317948230596136, 0.16987296077550465
1.320000000000001, -0.13179478928390312, 0.1698729591658374
1.330000000000001, -0.13179475618652217, 0.1698729590488646
1.340000000000001, -0.13179472386628727, 0.16987296029583276
1.350000000000001, -0.13179469241498246, 0.16987296275069108
1.360000000000001, -0.1317946619160682, 0.1698729662370028
1.370000000000001, -0.13179463244364573, 0.16987297056480524
1.380000000000001, -0.1317946040616865, 0.16987297553722888
1.390000000000001, -0.13179457682352813, 0.16987298095671002
1.400000000000001, -0.13179455077163071, 0.1698729866306584
1.410000000000001, -0.1317945259375802, 0.16987299237646847
1.420000000000001, -0.13179450234232037, 0.16987299802579284
1.430000000000001, -0.13179447999658964, 0.16987300342802333
1.440000000000001, -0.13179445890153543, 0.16987300845295372
1.450000000000001, -0.1317944390494765, 0.16987301299262292
1.460000000000001, -0.13179442042478168, 0.16987301696236104
1.470000000000001, -0.1317944030048337, 0.1698730203010812
1.480000000000001, -0.13179438676104618, 0.16987302297087742
1.490000000000001, -0.1317943716599043, 0.16987302495600295
1.500000000000001, -0.13179435766400063, 0.16987302626131437
1.5100000000000011, -0.1317943447330414, 0.169873026910274
1.5200000000000011, -0.13179433282480008, 0.1698730269426074
1.5300000000000011, -0.131794321896, 0.16987302641171326
1.5400000000000011, -0.13179431190311067, 0.16987302538192203
1.5500000000000012, -0.1317943028030461, 0.16987302392569395
1.5600000000000012, -0.13179429455375763, 0.1698730221208417
1.5700000000000012, -0.13179428711471708, 0.16987302004785404
1.5800000000000012, -0.13179428044728933, 0.16987301778738637
1.5900000000000012, -0.1317942745149969, 0.16987301541797495
1.6000000000000012, -0.13179426928368138, 0.16987301301401825
1.6100000000000012, -0.13179426472156947, 0.1698730106440588
1.6200000000000012, -0.13179426079925266, 0.16987300836938646
1.6300000000000012, -0.13179425748959173, 0.1698730062429737
1.6400000000000012, -0.13179425476755777, 0.16987300430874253
1.6500000000000012, -0.1317942526100223, 0.16987300260115398
1.6600000000000013, -0.13179425099550926, 0.16987300114510198
1.6700000000000013, -0.13179424990392127, 0.16987299995608734
1.6800000000000013, -0.13179424931625228, 0.16987299904064132
1.6900000000000013, -0.13179424921429786, 0.16987299839696388
1.7000000000000013, -0.1317942495803731, 0.1698729980157395
1.7100000000000013, -0.13179425039704729, 0.16987299788109078
1.7200000000000013, -0.13179425164690256, 0.16987299797163083
1.7300000000000013, -0.13179425331232303, 0.16987299826157526
1.7400000000000013, -0.13179425537531853, 0.16987299872187722
1.7500000000000013, -0.13179425781738618, 0.16987299932135108
1.7600000000000013, -0.1317942606194117, 0.16987300002775402
1.7700000000000014, -0.13179426376161016, 0.16987300080879894
1.7800000000000014, -0.13179426722350557, 0.16987300163307606
1.7900000000000014, -0.13179427098394733, 0.16987300247086545
1.8000000000000014, -0.13179427502116026, 0.16987300329482768
1.8100000000000014, -0.13179427931282453, 0.16987300408056388
1.8200000000000014, -0.13179428383618122, 0.16987300480704132
1.8300000000000014, -0.1317942885681587, 0.16987300545688483
1.8400000000000014, -0.13179429348551483, 0.1698730060165378
1.8500000000000014, -0.13179429856498995, 0.16987300647630027
1.8600000000000014, -0.1317943037834657, 0.16987300683025422
1.8700000000000014, -0.13179430911812484, 0.16987300707608824
1.8800000000000014, -0.13179431454660773, 0.16987300721483595
1.8900000000000015, -0.13179432004716157, 0.16987300725054327
1.9000000000000015, -0.13179432559877877, 0.1698730071898805
1.9100000000000015, -0.13179433118132156, 0.16987300704171515
1.9200000000000015, -0.13179433677563085, 0.16987300681666137
1.9300000000000015, -0.1317943423636171, 0.1698730065266206
1.9400000000000015, -0.13179434792833264, 0.16987300618432744
1.9500000000000015, -0.13179435345402465, 0.16987300580291304
1.9600000000000015, -0.1317943589261689, 0.16987300539549688
1.9700000000000015, -0.13179436433148486, 0.16987300497481578
1.9800000000000015, -0.13179436965793326, 0.16987300455289733
1.9900000000000015, -0.131794374894697, 0.16987300414078305
2.0000000000000013, -0.13179438003214788, 0.1698730037483043
2.010000000000001, -0.13179438506180027, 0.16987300338391295
2.020000000000001, -0.13179438997625428, 0.16987300305456615
2.0300000000000007, -0.1317943947691304, 0.1698730027656639
2.0400000000000005, -0.13179439943499788, 0.16987300252103624
2.0500000000000003, -0.1317944039692988, 0.16987300232297592
2.06, -0.13179440836827022, 0.1698730021723116
2.07, -0.13179441262886582, 0.16987300206851563
2.0799999999999996, -0.13179441674867937, 0.16987300200984043
2.0899999999999994, -0.131794420725871, 0.16987300199347696
2.099999999999999, -0.1317944245590978, 0.1698730020157287
2.109999999999999, -0.13179442824744989, 0.16987300207219494
2.1199999999999988, -0.13179443179039244, 0.16987300215795728
2.1299999999999986, -0.13179443518771453, 0.16987300226776378
2.1399999999999983, -0.13179443843948482, 0.16987300239620576
2.149999999999998, -0.13179444154601436, 0.16987300253788307
2.159999999999998, -0.13179444450782626, 0.16987300268755395
2.1699999999999977, -0.13179444732563197, 0.16987300284026682
2.1799999999999975, -0.13179445000031365, 0.16987300299147196
2.1899999999999973, -0.13179445253291214, 0.1698730031371115
2.199999999999997, -0.1317944549246197, 0.1698730032736876
2.209999999999997, -0.13179445717677682, 0.16987300339830827
2.2199999999999966, -0.1317944592908724, 0.16987300350871223
2.2299999999999964, -0.13179446126854638, 0.16987300360327348
2.239999999999996, -0.13179446311159385, 0.16987300368098757
2.249999999999996, -0.1317944648219704, 0.16987300374144154
2.259999999999996, -0.13179446640179754, 0.16987300378477008
2.2699999999999956, -0.13179446785336751, 0.1698730038115999
2.2799999999999954, -0.13179446917914744, 0.1698730038229856
2.289999999999995, -0.13179447038178185, 0.16987300382033907
2.299999999999995, -0.13179447146409337, 0.1698730038053555
2.3099999999999947, -0.1317944724290814, 0.16987300377993783
2.3199999999999945, -0.13179447327991853, 0.16987300374612255
2.3299999999999943, -0.13179447401994457, 0.16987300370600836
2.339999999999994, -0.13179447465265834, 0.16987300366168964
2.349999999999994, -0.1317944751817072, 0.16987300361519622
2.3599999999999937, -0.13179447561087443, 0.1698730035684404
2.3699999999999934, -0.13179447594406482, 0.16987300352317222
2.3799999999999932, -0.13179447618528872, 0.16987300348094345
2.389999999999993, -0.13179447633864463, 0.16987300344308057
2.399999999999993, -0.131794476408301, 0.16987300341066655
2.4099999999999926, -0.13179447639847727, 0.1698730033845313
2.4199999999999924, -0.13179447631342475, 0.1698730033652501
2.429999999999992, -0.13179447615740744, 0.1698730033531497
2.439999999999992, -0.1317944759346832, 0.1698730033483206
2.4499999999999917, -0.13179447564948563, 0.16987300335063515
2.4599999999999915, -0.13179447530600688, 0.16987300335977035
2.4699999999999913, -0.13179447490838148, 0.1698730033752338
2.479999999999991, -0.13179447446067155, 0.16987300339639255
2.489999999999991, -0.1317944739668535, 0.16987300342250297
2.4999999999999907, -0.13179447343080633, 0.16987300345274145
2.5099999999999905, -0.1317944728563013, 0.1698730034862343
2.5199999999999902, -0.13179447224699364, 0.16987300352208662
2.52999999999999, -0.13179447160641558, 0.16987300355940912
2.53999999999999, -0.13179447093797114, 0.1698730035973423
2.5499999999999896, -0.13179447024493232, 0.1698730036350778
2.5599999999999894, -0.1317944695304368, 0.16987300367187622
2.569999999999989, -0.13179446879748685, 0.16987300370708164
2.579999999999989, -0.13179446804894943, 0.16987300374013223
2.5899999999999888, -0.13179446728755725, 0.16987300377056747
2.5999999999999885, -0.13179446651591076, 0.1698730037980318
2.6099999999999883, -0.13179446573648076, 0.16987300382227508
2.619999999999988, -0.1317944649516116, 0.16987300384314988
2.629999999999988, -0.1317944641635247, 0.16987300386060636
2.6399999999999877, -0.13179446337432246, 0.1698730038746848
2.6499999999999875, -0.13179446258599223, 0.16987300388550622
2.6599999999999873, -0.1317944618004103, 0.16987300389326165
2.669999999999987, -0.13179446101934583, 0.1698730038982005
2.679999999999987, -0.13179446024446476, 0.16987300390061824
2.6899999999999866, -0.13179445947733326, 0.16987300390084392
2.6999999999999864, -0.13179445871942125, 0.16987300389922802
2.709999999999986, -0.1317944579721054, 0.1698730038961307
2.719999999999986, -0.13179445723667194, 0.1698730038919109
2.7299999999999858, -0.1317944565143192, 0.16987300388691653
2.7399999999999856, -0.1317944558061599, 0.1698730038814758
2.7499999999999853, -0.13179445511322296, 0.16987300387588997
2.759999999999985, -0.1317944544364555, 0.16987300387042745
2.769999999999985, -0.13179445377672422, 0.16987300386531956
2.7799999999999847, -0.131794453134817, 0.16987300386075754
2.7899999999999845, -0.1317944525114441, 0.16987300385689105
2.7999999999999843, -0.13179445190723948, 0.16987300385382798
2.809999999999984, -0.13179445132276218, 0.16987300385163556
2.819999999999984, -0.1317944507584974, 0.16987300385034237
2.8299999999999836, -0.13179445021485808, 0.16987300384994136
2.8399999999999834, -0.13179444969218618, 0.16987300385039358
2.849999999999983, -0.13179444919075436, 0.16987300385163254
2.859999999999983, -0.13179444871076776, 0.16987300385356882
2.869999999999983, -0.1317944482523658, 0.16987300385609505
2.8799999999999826, -0.13179444781562435, 0.16987300385909085
2.8899999999999824, -0.13179444740055798, 0.16987300386242776
2.899999999999982, -0.1317944470071223, 0.1698730038659739
2.909999999999982, -0.13179444663521675, 0.16987300386959825
2.9199999999999817, -0.13179444628468717, 0.1698730038731747
2.9299999999999815, -0.13179444595532885, 0.16987300387658533
2.9399999999999813, -0.13179444564688955, 0.16987300387972343
2.949999999999981, -0.1317944453590725, 0.1698730038824957
2.959999999999981, -0.13179444509153979, 0.169873003884824
2.9699999999999807, -0.1317944448439154, 0.16987300388664636
2.9799999999999804, -0.13179444461578865, 0.1698730038879177
2.9899999999999802, -0.13179444440671734, 0.16987300388860968
2.99999999999998, -0.131794444216231, 0.16987300388871035
3.00999999999998, -0.13179444404383406, 0.16987300388822316
3.0199999999999796, -0.13179444388900893, 0.16987300388716578
3.0299999999999794, -0.131794443751219, 0.1698730038855685
3.039999999999979, -0.13179444362991138, 0.16987300388347248
3.049999999999979, -0.13179444352451986, 0.1698730038809278
3.0599999999999787, -0.1317944434344673, 0.16987300387799142
3.0699999999999785, -0.13179444335916818, 0.16987300387472526
3.0799999999999783, -0.1317944432980308, 0.16987300387119403
3.089999999999978, -0.1317944432504595, 0.16987300386746348
3.099999999999978, -0.13179444321585648, 0.16987300386359858
3.1099999999999777, -0.13179444319362374, 0.1698730038596619
3.1199999999999775, -0.13179444318316466, 0.1698730038557122
3.1299999999999772, -0.1317944431838855, 0.16987300385180334
3.139999999999977, -0.1317944431951968, 0.16987300384798332
3.149999999999977, -0.1317944432165145, 0.1698730038442936
3.1599999999999766, -0.13179444324726125, 0.16987300384076864
3.1699999999999764, -0.13179444328686718, 0.16987300383743567
3.179999999999976, -0.13179444333477097, 0.16987300383431475
3.189999999999976, -0.13179444339042057, 0.1698730038314189
3.1999999999999758, -0.13179444345327393, 0.16987300382875453
3.2099999999999755, -0.13179444352279965, 0.1698730038263219
3.2199999999999753, -0.13179444359847764, 0.16987300382411577
3.229999999999975, -0.13179444367979956, 0.16987300382212617
3.239999999999975, -0.13179444376626936, 0.16987300382033912
3.2499999999999747, -0.1317944438574037, 0.16987300381873752
3.2599999999999745, -0.13179444395273235, 0.1698730038173019
3.2699999999999743, -0.13179444405179863, 0.16987300381601125
3.279999999999974, -0.1317944441541597, 0.16987300381484394
3.289999999999974, -0.13179444425938683, 0.16987300381377818
3.2999999999999736, -0.13179444436706575, 0.1698730038127929
3.3099999999999734, -0.1317944444767969, 0.1698730038118682
3.319999999999973, -0.13179444458819564, 0.16987300381098586
3.329999999999973, -0.13179444470089247, 0.1698730038101297
3.3399999999999728, -0.13179444481453317, 0.1698730038092859
3.3499999999999726, -0.13179444492877904, 0.16987300380844314
3.3599999999999723, -0.13179444504330684, 0.1698730038075927
3.369999999999972, -0.13179444515780903, 0.16987300380672854
3.379999999999972, -0.1317944452719937, 0.1698730038058471
3.3899999999999717, -0.13179444538558466, 0.1698730038049473
3.3999999999999715, -0.13179444549832137, 0.1698730038040302
3.4099999999999713, -0.13179444560995882, 0.16987300380309886
3.419999999999971, -0.13179444572026752, 0.169873003802158
3.429999999999971, -0.13179444582903332, 0.1698730038012137
3.4399999999999706, -0.1317944459360572, 0.16987300380027312
3.4499999999999704, -0.131794446041155, 0.1698730037993441
3.45999999999997, -0.13179444614415733, 0.16987300379843492
3.46999999999997, -0.13179444624490916, 0.16987300379755393
3.47999999999997, -0.1317944463432695, 0.1698730037967093
3.4899999999999696, -0.1317944464391111, 0.16987300379590878
3.4999999999999694, -0.13179444653232003, 0.16987300379515946
3.509999999999969, -0.13179444662279532, 0.16987300379446765
3.519999999999969, -0.13179444671044857, 0.16987300379383863
3.5299999999999687, -0.13179444679520338, 0.1698730037932766
3.5399999999999685, -0.13179444687699504, 0.1698730037927847
3.5499999999999683, -0.13179444695577, 0.16987300379236484
3.559999999999968, -0.1317944470314854, 0.16987300379201778
3.569999999999968, -0.13179444710410862, 0.16987300379174317
3.5799999999999677, -0.13179444717361677, 0.16987300379153963
3.5899999999999674, -0.13179444723999617, 0.1698730037914048
3.5999999999999672, -0.13179444730324194, 0.1698730037913355
3.609999999999967, -0.1317944473633575, 0.16987300379132775
3.619999999999967, -0.13179444742035407, 0.1698730037913771
3.6299999999999666, -0.13179444747425023, 0.16987300379147854
3.6399999999999664, -0.13179444752507144, 0.1698730037916268
3.649999999999966, -0.1317944475728496, 0.16987300379181638
3.659999999999966, -0.13179444761762268, 0.16987300379204182
3.6699999999999657, -0.13179444765943416, 0.1698730037922976
3.6799999999999655, -0.13179444769833268, 0.16987300379257853
3.6899999999999653, -0.13179444773437174, 0.16987300379287953
3.699999999999965, -0.13179444776760912, 0.16987300379319598
3.709999999999965, -0.1317944477981067, 0.1698730037935236
3.7199999999999647, -0.13179444782592992, 0.1698730037938586
3.7299999999999645, -0.13179444785114755, 0.1698730037941977
3.7399999999999642, -0.13179444787383132, 0.16987300379453807
3.749999999999964, -0.1317944478940556, 0.16987300379487735
3.759999999999964, -0.131794447911897, 0.16987300379521375
3.7699999999999636, -0.13179444792743425, 0.16987300379554587
3.7799999999999634, -0.1317944479407477, 0.16987300379587278
3.789999999999963, -0.1317944479519192, 0.1698730037961939
3.799999999999963, -0.1317944479610317, 0.16987300379650902
3.8099999999999627, -0.13179444796816916, 0.16987300379681816
3.8199999999999625, -0.13179444797341613, 0.16987300379712164
3.8299999999999623, -0.13179444797685758, 0.16987300379741993
3.839999999999962, -0.13179444797857864, 0.16987300379771358
3.849999999999962, -0.1317944479786645, 0.16987300379800327
3.8599999999999617, -0.13179444797720002, 0.1698730037982897
3.8699999999999615, -0.1317944479742697, 0.16987300379857354
3.8799999999999613, -0.13179444796995737, 0.16987300379885537
3.889999999999961, -0.13179444796434603, 0.16987300379913575
3.899999999999961, -0.13179444795751774, 0.1698730037994151
3.9099999999999606, -0.1317944479495534, 0.16987300379969375
3.9199999999999604, -0.1317944479405326, 0.1698730037999718
3.92999999999996, -0.13179444793053358, 0.16987300380024933
3.93999999999996, -0.13179444791963296, 0.1698730038005262
3.9499999999999598, -0.1317944479079057, 0.1698730038008021
3.9599999999999596, -0.131794447895425, 0.16987300380107673
3.9699999999999593, -0.1317944478822621, 0.1698730038013495
3.979999999999959, -0.13179444786848638, 0.16987300380161985
3.989999999999959, -0.13179444785416508, 0.16987300380188708
3.9999999999999587, -0.13179444783936337, 0.16987300380215045
4.009999999999959, -0.1317944478241442, 0.1698730038024092
4.019999999999959, -0.13179444780856836, 0.1698730038026625
4.0299999999999585, -0.13179444779269428, 0.16987300380290957
4.039999999999958, -0.13179444777657812, 0.16987300380314962
4.049999999999958, -0.13179444776027371, 0.1698730038033819
4.059999999999958, -0.13179444774383253, 0.16987300380360576
4.069999999999958, -0.13179444772730373, 0.16987300380382056
4.079999999999957, -0.13179444771073404, 0.16987300380402576
4.089999999999957, -0.13179444769416787, 0.1698730038042209
4.099999999999957, -0.13179444767764728, 0.16987300380440565
4.109999999999957, -0.131794447661212, 0.16987300380457973
4.119999999999957, -0.13179444764489948, 0.169873003804743
4.129999999999956, -0.13179444762874482, 0.16987300380489534
4.139999999999956, -0.13179444761278092, 0.16987300380503678
4.149999999999956, -0.13179444759703846, 0.16987300380516746
4.159999999999956, -0.13179444758154593, 0.1698730038052875
4.1699999999999555, -0.13179444756632974, 0.1698730038053972
4.179999999999955, -0.13179444755141415, 0.16987300380549686
4.189999999999955, -0.1317944475368214, 0.16987300380558684
4.199999999999955, -0.1317944475225718, 0.16987300380566756
4.209999999999955, -0.13179444750868366, 0.16987300380573941
4.2199999999999545, -0.13179444749517344, 0.1698730038058029
4.229999999999954, -0.13179444748205582, 0.16987300380585846
4.239999999999954, -0.13179444746934366, 0.16987300380590659
4.249999999999954, -0.13179444745704813, 0.16987300380594772
4.259999999999954, -0.13179444744517882, 0.16987300380598236
4.269999999999953, -0.1317944474337437, 0.16987300380601092
4.279999999999953, -0.13179444742274918, 0.16987300380603382
4.289999999999953, -0.1317944474122003, 0.16987300380605144
4.299999999999953, -0.1317944474021007, 0.16987300380606415
4.3099999999999525, -0.1317944473924526, 0.16987300380607231
4.319999999999952, -0.13179444738325707, 0.1698730038060762
4.329999999999952, -0.13179444737451393, 0.16987300380607612
4.339999999999952, -0.13179444736622184, 0.1698730038060723
4.349999999999952, -0.13179444735837842, 0.16987300380606496
4.3599999999999515, -0.13179444735098025, 0.1698730038060543
4.369999999999951, -0.13179444734402296, 0.16987300380604053
4.379999999999951, -0.13179444733750126, 0.1698730038060238
4.389999999999951, -0.13179444733140908, 0.16987300380600423
4.399999999999951, -0.13179444732573953, 0.16987300380598197
4.40999999999995, -0.131794447320485, 0.16987300380595713
4.41999999999995, -0.13179444731563728, 0.16987300380592985
4.42999999999995, -0.13179444731118745, 0.16987300380590023
4.43999999999995, -0.13179444730712608, 0.1698730038058684
4.4499999999999496, -0.13179444730344328, 0.16987300380583448
4.459999999999949, -0.13179444730012868, 0.16987300380579856
4.469999999999949, -0.1317944472971715, 0.1698730038057608
4.479999999999949, -0.13179444729456058, 0.16987300380572135
4.489999999999949, -0.13179444729228454, 0.16987300380568027
4.4999999999999485, -0.13179444729033166, 0.16987300380563775
4.509999999999948, -0.13179444728869005, 0.16987300380559395
4.519999999999948, -0.13179444728734763, 0.169873003805549
4.529999999999948, -0.13179444728629217, 0.16987300380550308
4.539999999999948, -0.13179444728551137, 0.16987300380545634
4.549999999999947, -0.1317944472849929, 0.16987300380540893
4.559999999999947, -0.13179444728472434, 0.16987300380536102
4.569999999999947, -0.13179444728469333, 0.16987300380531278
4.579999999999947, -0.13179444728488754, 0.16987300380526438
4.589999999999947, -0.13179444728529469, 0.16987300380521594
4.599999999999946, -0.1317944472859026, 0.16987300380516765
4.609999999999946, -0.13179444728669923, 0.16987300380511966
4.619999999999946, -0.1317944472876727, 0.1698730038050721
4.629999999999946, -0.1317944472888113, 0.16987300380502507
4.6399999999999455, -0.13179444729010348, 0.16987300380497874
4.649999999999945, -0.13179444729153791, 0.16987300380493323
4.659999999999945, -0.13179444729310355, 0.1698730038048886
4.669999999999945, -0.1317944472947895, 0.16987300380484496
4.679999999999945, -0.13179444729658524, 0.16987300380480239
4.689999999999944, -0.13179444729848042, 0.16987300380476097
4.699999999999944, -0.131794447300465, 0.16987300380472076
4.709999999999944, -0.1317944473025293, 0.1698730038046818
4.719999999999944, -0.13179444730466386, 0.16987300380464412
4.729999999999944, -0.1317944473068596, 0.16987300380460776
4.739999999999943, -0.13179444730910775, 0.16987300380457276
4.749999999999943, -0.1317944473113998, 0.16987300380453912
4.759999999999943, -0.13179444731372766, 0.16987300380450687
4.769999999999943, -0.1317944473160835, 0.16987300380447598
4.7799999999999425, -0.13179444731845988, 0.16987300380444645
4.789999999999942, -0.13179444732084966, 0.16987300380441828
4.799999999999942, -0.13179444732324608, 0.16987300380439146
4.809999999999942, -0.13179444732564266, 0.16987300380436599
4.819999999999942, -0.1317944473280333, 0.1698730038043418
4.8299999999999415, -0.1317944473304122, 0.16987300380431894
4.839999999999941, -0.13179444733277393, 0.16987300380429735
4.849999999999941, -0.13179444733511336, 0.169873003804277
4.859999999999941, -0.1317944473374257, 0.16987300380425788
4.869999999999941, -0.13179444733970647, 0.16987300380423997
4.87999999999994, -0.1317944473419515, 0.16987300380422324
4.88999999999994, -0.13179444734415693, 0.16987300380420767
4.89999999999994, -0.13179444734631923, 0.1698730038041932
4.90999999999994, -0.1317944473484351, 0.16987300380417986
4.9199999999999395, -0.13179444735050158, 0.1698730038041676
4.929999999999939, -0.131794447352516, 0.16987300380415638
4.939999999999939, -0.13179444735447593, 0.1698730038041462
4.949999999999939, -0.13179444735637924, 0.169873003804137
4.959999999999939, -0.13179444735822402, 0.1698730038041288
4.9699999999999385, -0.13179444736000862, 0.16987300380412157
4.979999999999938, -0.13179444736173163, 0.16987300380411524
4.989999999999938, -0.13179444736339185, 0.16987300380410983
4.999999999999938, -0.13179444736498838, 0.16987300380410528
5.009999999999938, -0.13179444736652043, 0.16987300380410156
5.019999999999937, -0.13179444736798748, 0.16987300380409867
5.029999999999937, -0.1317944473693892, 0.16987300380409656
5.039999999999937, -0.1317944473707254, 0.1698730038040952
5.049999999999937, -0.1317944473719961, 0.16987300380409456
5.0599999999999365, -0.1317944473732015, 0.16987300380409462
5.069999999999936, -0.13179444737434193, 0.16987300380409534
5.079999999999936, -0.13179444737541787, 0.16987300380409667
5.089999999999936, -0.13179444737642995, 0.1698730038040986
5.099999999999936, -0.13179444737737894, 0.16987300380410106
5.1099999999999355, -0.1317944473782657, 0.16987300380410406
5.119999999999935, -0.13179444737909124, 0.16987300380410753
5.129999999999935, -0.13179444737985663, 0.16987300380411144
5.139999999999935, -0.13179444738056306, 0.16987300380411577
5.149999999999935, -0.13179444738121182, 0.1698730038041205
5.159999999999934, -0.13179444738180426, 0.16987300380412557
5.169999999999934, -0.13179444738234183, 0.16987300380413095
5.179999999999934, -0.131794447382826, 0.1698730038041366
5.189999999999934, -0.13179444738325835, 0.16987300380414252
5.199999999999934, -0.13179444738364046, 0.16987300380414866
5.209999999999933, -0.131794447383974, 0.169873003804155
5.219999999999933, -0.13179444738426066, 0.16987300380416148
5.229999999999933, -0.13179444738450213, 0.16987300380416812
5.239999999999933, -0.1317944473847002, 0.16987300380417483
5.2499999999999325, -0.1317944473848566, 0.16987300380418163
5.259999999999932, -0.13179444738497312, 0.16987300380418852
5.269999999999932, -0.13179444738505153, 0.16987300380419543
5.279999999999932, -0.13179444738509363, 0.16987300380420237
5.289999999999932, -0.1317944473851012, 0.1698730038042093
5.299999999999931, -0.13179444738507604, 0.16987300380421622
5.309999999999931, -0.1317944473850199, 0.1698730038042231
5.319999999999931, -0.13179444738493457, 0.16987300380422993
5.329999999999931, -0.13179444738482177, 0.1698730038042367
5.339999999999931, -0.1317944473846832, 0.1698730038042434
5.34999999999993, -0.13179444738452062, 0.16987300380425
5.35999999999993, -0.13179444738433566, 0.16987300380425652
5.36999999999993, -0.13179444738412996, 0.16987300380426293
5.37999999999993, -0.13179444738390514, 0.1698730038042692
5.3899999999999295, -0.13179444738366275, 0.16987300380427536
5.399999999999929, -0.13179444738340435, 0.1698730038042814
5.409999999999929, -0.1317944473831314, 0.16987300380428724
5.419999999999929, -0.13179444738284538, 0.16987300380429296
5.429999999999929, -0.1317944473825477, 0.1698730038042985
5.4399999999999284, -0.13179444738223972, 0.1698730038043039
5.449999999999928, -0.13179444738192278, 0.16987300380430911
5.459999999999928, -0.13179444738159815, 0.16987300380431417
5.469999999999928, -0.13179444738126705, 0.16987300380431905
5.479999999999928, -0.13179444738093068, 0.16987300380432374
5.489999999999927, -0.13179444738059015, 0.16987300380432827
5.499999999999927, -0.13179444738024657, 0.1698730038043326
5.509999999999927, -0.13179444737990093, 0.16987300380433676
5.519999999999927, -0.13179444737955426, 0.16987300380434073
5.5299999999999265, -0.13179444737920748, 0.1698730038043445
5.539999999999926, -0.13179444737886148, 0.1698730038043481
5.549999999999926, -0.13179444737851712, 0.16987300380435152
5.559999999999926, -0.13179444737817517, 0.16987300380435474
5.569999999999926, -0.13179444737783638, 0.1698730038043578
5.5799999999999255, -0.13179444737750146, 0.16987300380436066
5.589999999999925, -0.13179444737717105, 0.16987300380436332
5.599999999999925, -0.13179444737684576, 0.16987300380436582
5.609999999999925, -0.13179444737652615, 0.16987300380436815
5.619999999999925, -0.13179444737621276, 0.1698730038043703
5.629999999999924, -0.13179444737590604, 0.16987300380437226
5.639999999999924, -0.13179444737560642, 0.16987300380437406
5.649999999999924, -0.1317944473753143, 0.1698730038043757
5.659999999999924, -0.13179444737503002, 0.1698730038043772
5.6699999999999235, -0.13179444737475393, 0.16987300380437853
5.679999999999923, -0.13179444737448628, 0.16987300380437972
5.689999999999923, -0.13179444737422732, 0.16987300380438075
5.699999999999923, -0.13179444737397725, 0.16987300380438164
5.709999999999923, -0.13179444737373625, 0.16987300380438242
5.7199999999999225, -0.13179444737350446, 0.16987300380438305
5.729999999999922, -0.13179444737328197, 0.16987300380438355
5.739999999999922, -0.1317944473730689, 0.16987300380438394
5.749999999999922, -0.13179444737286525, 0.16987300380438422
5.759999999999922, -0.1317944473726711, 0.1698730038043844
5.769999999999921, -0.1317944473724864, 0.16987300380438447
5.779999999999921, -0.13179444737231116, 0.16987300380438444
5.789999999999921, -0.13179444737214532, 0.16987300380438433
5.799999999999921, -0.13179444737198884, 0.16987300380438414
5.809999999999921, -0.1317944473718416, 0.16987300380438386
5.81999999999992, -0.13179444737170348, 0.1698730038043835
5.82999999999992, -0.1317944473715744, 0.16987300380438305
5.83999999999992, -0.13179444737145415, 0.16987300380438256
5.84999999999992, -0.13179444737134263, 0.169873003804382
5.8599999999999195, -0.13179444737123966, 0.1698730038043814
5.869999999999919, -0.13179444737114507, 0.16987300380438072
5.879999999999919, -0.13179444737105864, 0.16987300380438
5.889999999999919, -0.13179444737098014, 0.16987300380437925
5.899999999999919, -0.1317944473709094, 0.16987300380437845
5.909999999999918, -0.13179444737084617, 0.16987300380437761
5.919999999999918, -0.13179444737079024, 0.16987300380437675
5.929999999999918, -0.13179444737074136, 0.16987300380437587
5.939999999999918, -0.13179444737069929, 0.16987300380437495
5.949999999999918, -0.13179444737066376, 0.169873003804374
5.959999999999917, -0.13179444737063456, 0.16987300380437304
5.969999999999917, -0.1317944473706114, 0.16987300380437206
5.979999999999917, -0.13179444737059404, 0.16987300380437106
5.989999999999917, -0.1317944473705822, 0.16987300380437007
5.9999999999999165, -0.13179444737057566, 0.16987300380436907
6.009999999999916, -0.13179444737057414, 0.16987300380436807
6.019999999999916, -0.13179444737057736, 0.16987300380436707
6.029999999999916, -0.1317944473705851, 0.16987300380436607
6.039999999999916, -0.1317944473705971, 0.16987300380436507
6.0499999999999154, -0.13179444737061308, 0.16987300380436407
6.059999999999915, -0.1317944473706328, 0.1698730038043631
6.069999999999915, -0.13179444737065604, 0.16987300380436213
6.079999999999915, -0.13179444737068252, 0.16987300380436118
6.089999999999915, -0.13179444737071203, 0.16987300380436024
6.099999999999914, -0.1317944473707443, 0.16987300380435932
6.109999999999914, -0.13179444737077917, 0.16987300380435844
6.119999999999914, -0.13179444737081636, 0.16987300380435755
6.129999999999914, -0.13179444737085566, 0.1698730038043567
6.1399999999999135, -0.13179444737089688, 0.16987300380435585
6.149999999999913, -0.1317944473709398, 0.16987300380435505
6.159999999999913, -0.13179444737098422, 0.16987300380435427
6.169999999999913, -0.13179444737102997, 0.16987300380435352
6.179999999999913, -0.13179444737107684, 0.16987300380435277
6.1899999999999125, -0.13179444737112467, 0.16987300380435205
6.199999999999912, -0.13179444737117327, 0.16987300380435136
6.209999999999912, -0.13179444737122248, 0.1698730038043507
6.219999999999912, -0.13179444737127216, 0.16987300380435005
6.229999999999912, -0.13179444737132215, 0.16987300380434944
6.239999999999911, -0.1317944473713723, 0.16987300380434886
6.249999999999911, -0.13179444737142249, 0.1698730038043483
6.259999999999911, -0.13179444737147256, 0.16987300380434778
6.269999999999911, -0.1317944473715224, 0.16987300380434728
6.2799999999999105, -0.13179444737157192, 0.16987300380434683
6.28999999999991, -0.13179444737162097, 0.16987300380434642
6.29999999999991, -0.13179444737166948, 0.169873003804346
6.30999999999991, -0.13179444737171733, 0.1698730038043456
6.31999999999991, -0.13179444737176446, 0.16987300380434525
6.3299999999999095, -0.13179444737181079, 0.16987300380434492
6.339999999999909, -0.13179444737185622, 0.1698730038043446
6.349999999999909, -0.13179444737190069, 0.16987300380434434
6.359999999999909, -0.13179444737194412, 0.16987300380434409
6.369999999999909, -0.13179444737198648, 0.16987300380434386
6.379999999999908, -0.1317944473720277, 0.16987300380434367
6.389999999999908, -0.13179444737206775, 0.16987300380434348
6.399999999999908, -0.13179444737210658, 0.1698730038043433
6.409999999999908, -0.13179444737214416, 0.16987300380434317
6.419999999999908, -0.13179444737218046, 0.16987300380434303
6.429999999999907, -0.13179444737221546, 0.16987300380434292
6.439999999999907, -0.13179444737224913, 0.16987300380434284
6.449999999999907, -0.13179444737228144, 0.16987300380434275
6.459999999999907, -0.13179444737231238, 0.1698730038043427
6.4699999999999065, -0.13179444737234197, 0.16987300380434264
6.479999999999906, -0.1317944473723702, 0.16987300380434261
6.489999999999906, -0.13179444737239704, 0.1698730038043426
6.499999999999906, -0.13179444737242252, 0.1698730038043426
6.509999999999906, -0.13179444737244664, 0.1698730038043426
6.519999999999905, -0.1317944473724694, 0.16987300380434261
6.529999999999905, -0.13179444737249082, 0.16987300380434264
6.539999999999905, -0.13179444737251092, 0.1698730038043427
6.549999999999905, -0.1317944473725297, 0.16987300380434275
6.559999999999905, -0.13179444737254722, 0.1698730038043428
6.569999999999904, -0.13179444737256346, 0.1698730038043429
6.579999999999904, -0.13179444737257848, 0.16987300380434298
6.589999999999904, -0.13179444737259227, 0.16987300380434306
6.599999999999904, -0.13179444737260487, 0.16987300380434317
6.6099999999999035, -0.13179444737261634, 0.16987300380434328
6.619999999999903, -0.13179444737262666, 0.1698730038043434
6.629999999999903, -0.1317944473726359, 0.1698730038043435
6.639999999999903, -0.1317944473726441, 0.16987300380434364
6.649999999999903, -0.13179444737265125, 0.16987300380434378
6.659999999999902, -0.13179444737265741, 0.16987300380434392
6.669999999999902, -0.13179444737266263, 0.16987300380434406
6.679999999999902, -0.13179444737266693, 0.1698730038043442
6.689999999999902, -0.13179444737267035, 0.16987300380434434
6.699999999999902, -0.13179444737267293, 0.16987300380434447
6.709999999999901, -0.1317944473726747, 0.1698730038043446
6.719999999999901, -0.1317944473726757, 0.16987300380434475
6.729999999999901, -0.13179444737267598, 0.1698730038043449
6.739999999999901, -0.13179444737267557, 0.16987300380434503
6.7499999999999005, -0.1317944473726745, 0.16987300380434517
6.7599999999999, -0.13179444737267282, 0.1698730038043453
6.7699999999999, -0.13179444737267054, 0.16987300380434545
6.7799999999999, -0.13179444737266774, 0.16987300380434558
6.7899999999999, -0.1317944473726644, 0.16987300380434572
6.7999999999998995, -0.1317944473726606, 0.16987300380434586
6.809999999999899, -0.1317944473726564, 0.169873003804346
6.819999999999899, -0.13179444737265175, 0.16987300380434614
6.829999999999899, -0.13179444737264673, 0.16987300380434628
6.839999999999899, -0.13179444737264137, 0.16987300380434642
6.849999999999898, -0.1317944473726357, 0.16987300380434656
6.859999999999898, -0.13179444737262977, 0.1698730038043467
6.869999999999898, -0.13179444737262358, 0.16987300380434683
6.879999999999898, -0.13179444737261717, 0.16987300380434694
6.8899999999998975, -0.13179444737261056, 0.16987300380434706
6.899999999999897, -0.1317944473726038, 0.16987300380434717
6.909999999999897, -0.13179444737259688, 0.16987300380434728
6.919999999999897, -0.13179444737258986, 0.1698730038043474
6.929999999999897, -0.13179444737258275, 0.16987300380434747
6.9399999999998965, -0.13179444737257556, 0.16987300380434756
6.949999999999896, -0.13179444737256835, 0.16987300380434764
6.959999999999896, -0.1317944473725611, 0.16987300380434772
6.969999999999896, -0.13179444737255386, 0.1698730038043478
6.979999999999896, -0.1317944473725466, 0.1698730038043479
6.989999999999895, -0.1317944473725394, 0.16987300380434794
6.999999999999895, -0.13179444737253224, 0.169873003804348
7.009999999999895, -0.13179444737252513, 0.16987300380434806
7.019999999999895, -0.1317944473725181, 0.1698730038043481
7.0299999999998946, -0.13179444737251117, 0.16987300380434817
7.039999999999894, -0.13179444737250434, 0.16987300380434822
7.049999999999894, -0.13179444737249763, 0.16987300380434828
7.059999999999894, -0.13179444737249105, 0.16987300380434833
7.069999999999894, -0.1317944473724846, 0.16987300380434836
7.0799999999998935, -0.1317944473724783, 0.1698730038043484
7.089999999999893, -0.13179444737247217, 0.16987300380434842
7.099999999999893, -0.1317944473724662, 0.16987300380434844
7.109999999999893, -0.1317944473724604, 0.16987300380434847
7.119999999999893, -0.13179444737245477, 0.1698730038043485
7.129999999999892, -0.13179444737244933, 0.16987300380434853
7.139999999999892, -0.13179444737244406, 0.16987300380434855
7.149999999999892, -0.13179444737243898, 0.16987300380434858
7.159999999999892, -0.1317944473724341, 0.1698730038043486
7.169999999999892, -0.1317944473724294, 0.1698730038043486
7.179999999999891, -0.1317944473724249, 0.1698730038043486
7.189999999999891, -0.1317944473724206, 0.1698730038043486
7.199999999999891, -0.1317944473724165, 0.1698730038043486
7.209999999999891, -0.13179444737241258, 0.1698730038043486
7.2199999999998905, -0.1317944473724089, 0.1698730038043486
7.22999999999989, -0.1317944473724054, 0.1698730038043486
7.23999999999989, -0.1317944473724021, 0.1698730038043486
7.24999999999989, -0.13179444737239898, 0.1698730038043486
7.25999999999989, -0.13179444737239607, 0.1698730038043486
7.269999999999889, -0.13179444737239332, 0.1698730038043486
7.279999999999889, -0.13179444737239077, 0.1698730038043486
7.289999999999889, -0.1317944473723884, 0.1698730038043486
7.299999999999889, -0.13179444737238621, 0.1698730038043486
7.309999999999889, -0.13179444737238422, 0.16987300380434858
7.319999999999888, -0.13179444737238238, 0.16987300380434855
7.329999999999888, -0.13179444737238072, 0.16987300380434853
7.339999999999888, -0.13179444737237922, 0.1698730038043485
7.349999999999888, -0.13179444737237786, 0.16987300380434847
7.3599999999998875, -0.13179444737237667, 0.16987300380434844
7.369999999999887, -0.1317944473723756, 0.16987300380434842
7.379999999999887, -0.1317944473723747, 0.1698730038043484
7.389999999999887, -0.13179444737237392, 0.16987300380434836
7.399999999999887, -0.13179444737237328, 0.16987300380434833
7.4099999999998865, -0.13179444737237278, 0.1698730038043483
7.419999999999886, -0.1317944473723724, 0.16987300380434828
7.429999999999886, -0.13179444737237211, 0.16987300380434825
7.439999999999886, -0.13179444737237195, 0.16987300380434822
7.449999999999886, -0.1317944473723719, 0.16987300380434822
7.459999999999885, -0.13179444737237195, 0.16987300380434822
7.469999999999885, -0.1317944473723721, 0.16987300380434822
7.479999999999885, -0.1317944473723723, 0.16987300380434822
7.489999999999885, -0.13179444737237261, 0.16987300380434822
7.4999999999998845, -0.131794447372373, 0.16987300380434822
7.509999999999884, -0.13179444737237347, 0.16987300380434822
7.519999999999884, -0.13179444737237403, 0.1698730038043482
7.529999999999884, -0.13179444737237464, 0.16987300380434817
7.539999999999884, -0.1317944473723753, 0.16987300380434814
7.5499999999998835, -0.13179444737237603, 0.1698730038043481
7.559999999999883, -0.1317944473723768, 0.16987300380434808
7.569999999999883, -0.1317944473723776, 0.16987300380434806
7.579999999999883, -0.13179444737237847, 0.16987300380434803
7.589999999999883, -0.13179444737237936, 0.169873003804348
7.599999999999882, -0.13179444737238027, 0.16987300380434797
7.609999999999882, -0.13179444737238122, 0.16987300380434794
7.619999999999882, -0.1317944473723822, 0.16987300380434792
7.629999999999882, -0.1317944473723832, 0.1698730038043479
7.6399999999998816, -0.13179444737238422, 0.1698730038043479
7.649999999999881, -0.13179444737238524, 0.1698730038043479
7.659999999999881, -0.13179444737238627, 0.1698730038043479
7.669999999999881, -0.13179444737238732, 0.1698730038043479
7.679999999999881, -0.13179444737238838, 0.1698730038043479
7.6899999999998805, -0.13179444737238943, 0.1698730038043479
7.69999999999988, -0.1317944473723905, 0.1698730038043479
7.70999999999988, -0.13179444737239154, 0.1698730038043479
7.71999999999988, -0.13179444737239257, 0.1698730038043479
7.72999999999988, -0.1317944473723936, 0.1698730038043479
7.739999999999879, -0.13179444737239462, 0.1698730038043479
7.749999999999879, -0.13179444737239562, 0.1698730038043479
7.759999999999879, -0.13179444737239662, 0.1698730038043479
7.769999999999879, -0.1317944473723976, 0.16987300380434786
7.779999999999879, -0.13179444737239854, 0.16987300380434783
7.789999999999878, -0.13179444737239948, 0.1698730038043478
7.799999999999878, -0.1317944473724004, 0.16987300380434778
7.809999999999878, -0.13179444737240129, 0.16987300380434778
7.819999999999878, -0.13179444737240215, 0.16987300380434778
7.8299999999998775, -0.13179444737240298, 0.16987300380434778
7.839999999999877, -0.13179444737240378, 0.16987300380434778
7.849999999999877, -0.13179444737240456, 0.16987300380434778
7.859999999999877, -0.13179444737240534, 0.16987300380434778
7.869999999999877, -0.1317944473724061, 0.16987300380434778
7.879999999999876, -0.1317944473724068, 0.16987300380434778
7.889999999999876, -0.1317944473724075, 0.16987300380434778
7.899999999999876, -0.13179444737240814, 0.16987300380434778
7.909999999999876, -0.13179444737240875, 0.16987300380434778
7.919999999999876, -0.13179444737240933, 0.16987300380434778
7.929999999999875, -0.1317944473724099, 0.16987300380434778
7.939999999999875, -0.13179444737241042, 0.16987300380434778
7.949999999999875, -0.13179444737241092, 0.16987300380434778
7.959999999999875, -0.1317944473724114, 0.16987300380434778
7.9699999999998745, -0.13179444737241183, 0.16987300380434778
7.979999999999874, -0.13179444737241225, 0.16987300380434778
7.989999999999874, -0.13179444737241264, 0.16987300380434778
7.999999999999874, -0.131794447372413, 0.16987300380434778
8.009999999999874, -0.13179444737241333, 0.16987300380434778
8.019999999999873, -0.13179444737241364, 0.16987300380434778
8.029999999999873, -0.13179444737241394, 0.16987300380434778
8.039999999999873, -0.13179444737241422, 0.16987300380434778
8.049999999999873, -0.13179444737241447, 0.16987300380434778
8.059999999999873, -0.1317944473724147, 0.16987300380434778
8.069999999999872, -0.13179444737241489, 0.16987300380434778
8.079999999999872, -0.13179444737241505, 0.16987300380434778
8.089999999999872, -0.13179444737241522, 0.16987300380434778
8.099999999999872, -0.13179444737241536, 0.16987300380434778
8.109999999999872, -0.13179444737241547, 0.16987300380434778
8.119999999999871, -0.13179444737241555, 0.16987300380434778
8.129999999999871, -0.13179444737241564, 0.16987300380434778
8.139999999999871, -0.1317944473724157, 0.16987300380434778
8.14999999999987, -0.13179444737241572, 0.16987300380434778
8.15999999999987, -0.13179444737241575, 0.16987300380434778
8.16999999999987, -0.13179444737241575, 0.16987300380434778
8.17999999999987, -0.13179444737241575, 0.16987300380434778
8.18999999999987, -0.13179444737241572, 0.16987300380434778
8.19999999999987, -0.1317944473724157, 0.16987300380434778
8.20999999999987, -0.13179444737241564, 0.16987300380434778
8.21999999999987, -0.13179444737241558, 0.16987300380434778
8.229999999999869, -0.13179444737241552, 0.16987300380434778
8.239999999999869, -0.13179444737241544, 0.16987300380434778
8.249999999999869, -0.13179444737241536, 0.16987300380434778
8.259999999999868, -0.13179444737241527, 0.16987300380434778
8.269999999999868, -0.13179444737241516, 0.16987300380434778
8.279999999999868, -0.13179444737241505, 0.16987300380434778
8.289999999999868, -0.13179444737241494, 0.16987300380434778
8.299999999999867, -0.13179444737241483, 0.16987300380434778
8.309999999999867, -0.1317944473724147, 0.16987300380434778
8.319999999999867, -0.13179444737241455, 0.16987300380434778
8.329999999999867, -0.1317944473724144, 0.16987300380434778
8.339999999999867, -0.13179444737241428, 0.16987300380434778
8.349999999999866, -0.13179444737241414, 0.16987300380434778
8.359999999999866, -0.131794447372414, 0.16987300380434778
8.369999999999866, -0.13179444737241386, 0.16987300380434778
8.379999999999866, -0.13179444737241372, 0.1698730038043478
8.389999999999866, -0.13179444737241358, 0.16987300380434783
8.399999999999865, -0.13179444737241344, 0.16987300380434783
8.409999999999865, -0.1317944473724133, 0.16987300380434783
8.419999999999865, -0.13179444737241316, 0.16987300380434783
8.429999999999865, -0.13179444737241303, 0.16987300380434783
8.439999999999864, -0.1317944473724129, 0.16987300380434783
8.449999999999864, -0.13179444737241275, 0.16987300380434783
8.459999999999864, -0.1317944473724126, 0.16987300380434783
8.469999999999864, -0.13179444737241247, 0.16987300380434783
8.479999999999864, -0.13179444737241233, 0.16987300380434783
8.489999999999863, -0.1317944473724122, 0.16987300380434783
8.499999999999863, -0.13179444737241205, 0.16987300380434783
8.509999999999863, -0.13179444737241192, 0.16987300380434783
8.519999999999863, -0.13179444737241178, 0.16987300380434783
8.529999999999863, -0.13179444737241164, 0.16987300380434783
8.539999999999862, -0.13179444737241153, 0.16987300380434783
8.549999999999862, -0.13179444737241142, 0.16987300380434783
8.559999999999862, -0.1317944473724113, 0.16987300380434783
8.569999999999862, -0.1317944473724112, 0.16987300380434783
8.579999999999862, -0.13179444737241108, 0.16987300380434783
8.589999999999861, -0.13179444737241097, 0.16987300380434783
8.599999999999861, -0.13179444737241086, 0.16987300380434783
8.60999999999986, -0.13179444737241078, 0.16987300380434783
8.61999999999986, -0.1317944473724107, 0.16987300380434783
8.62999999999986, -0.1317944473724106, 0.16987300380434783
8.63999999999986, -0.13179444737241053, 0.16987300380434783
8.64999999999986, -0.13179444737241044, 0.16987300380434783
8.65999999999986, -0.13179444737241036, 0.16987300380434783
8.66999999999986, -0.13179444737241028, 0.16987300380434783
8.67999999999986, -0.13179444737241022, 0.16987300380434783
8.68999999999986, -0.13179444737241017, 0.16987300380434783
8.699999999999859, -0.1317944473724101, 0.16987300380434783
8.709999999999859, -0.13179444737241006, 0.16987300380434783
8.719999999999859, -0.13179444737241, 0.16987300380434783
8.729999999999858, -0.13179444737240995, 0.16987300380434783
8.739999999999858, -0.1317944473724099, 0.16987300380434783
8.749999999999858, -0.13179444737240986, 0.16987300380434783
8.759999999999858, -0.13179444737240983, 0.16987300380434783
8.769999999999857, -0.1317944473724098, 0.16987300380434783
8.779999999999857, -0.13179444737240978, 0.16987300380434783
8.789999999999857, -0.13179444737240975, 0.16987300380434783
8.799999999999857, -0.13179444737240972, 0.16987300380434783
8.809999999999857, -0.1317944473724097, 0.16987300380434783
8.819999999999856, -0.13179444737240967, 0.16987300380434783
8.829999999999856, -0.13179444737240964, 0.16987300380434783
8.839999999999856, -0.13179444737240964, 0.16987300380434783
8.849999999999856, -0.13179444737240964, 0.16987300380434783
8.859999999999856, -0.13179444737240964, 0.16987300380434783
8.869999999999855, -0.13179444737240964, 0.16987300380434783
8.879999999999855, -0.13179444737240964, 0.16987300380434783
8.889999999999855, -0.13179444737240964, 0.16987300380434783
8.899999999999855, -0.13179444737240964, 0.16987300380434783
8.909999999999854, -0.13179444737240964, 0.16987300380434783
8.919999999999854, -0.13179444737240964, 0.16987300380434783
8.929999999999854, -0.13179444737240964, 0.16987300380434783
8.939999999999854, -0.13179444737240964, 0.16987300380434783
8.949999999999854, -0.13179444737240964, 0.16987300380434783
8.959999999999853, -0.13179444737240964, 0.16987300380434783
8.969999999999853, -0.13179444737240964, 0.16987300380434783
8.979999999999853, -0.13179444737240964, 0.16987300380434783
8.989999999999853, -0.13179444737240967, 0.16987300380434783
8.999999999999853, -0.1317944473724097, 0.16987300380434783
9.009999999999852, -0.13179444737240972, 0.16987300380434783
9.019999999999852, -0.13179444737240975, 0.16987300380434783
9.029999999999852, -0.13179444737240978, 0.16987300380434783
9.039999999999852, -0.1317944473724098, 0.16987300380434783
9.049999999999851, -0.13179444737240983, 0.16987300380434783
9.059999999999851, -0.13179444737240986, 0.16987300380434783
9.069999999999851, -0.1317944473724099, 0.16987300380434783
9.07999999999985, -0.13179444737240992, 0.16987300380434783
9.08999999999985, -0.13179444737240995, 0.16987300380434783
9.09999999999985, -0.13179444737240997, 0.16987300380434783
9.10999999999985, -0.13179444737241, 0.16987300380434783
9.11999999999985, -0.13179444737241003, 0.16987300380434783
9.12999999999985, -0.13179444737241006, 0.16987300380434783
9.13999999999985, -0.13179444737241008, 0.16987300380434783
9.14999999999985, -0.1317944473724101, 0.16987300380434783
9.15999999999985, -0.13179444737241014, 0.16987300380434783
9.169999999999849, -0.13179444737241017, 0.16987300380434783
9.179999999999849, -0.1317944473724102, 0.16987300380434783
9.189999999999849, -0.13179444737241022, 0.16987300380434783
9.199999999999848, -0.13179444737241025, 0.16987300380434783
9.209999999999848, -0.13179444737241028, 0.16987300380434783
9.219999999999848, -0.1317944473724103, 0.16987300380434783
9.229999999999848, -0.13179444737241033, 0.16987300380434783
9.239999999999847, -0.13179444737241036, 0.16987300380434783
9.249999999999847, -0.1317944473724104, 0.16987300380434783
9.259999999999847, -0.13179444737241042, 0.16987300380434783
9.269999999999847, -0.13179444737241044, 0.16987300380434783
9.279999999999847, -0.13179444737241044, 0.16987300380434783
9.289999999999846, -0.13179444737241044, 0.16987300380434783
9.299999999999846, -0.13179444737241044, 0.16987300380434783
9.309999999999846, -0.13179444737241044, 0.16987300380434783
9.319999999999846, -0.13179444737241044, 0.16987300380434783
9.329999999999846, -0.13179444737241044, 0.16987300380434783
9.339999999999845, -0.13179444737241044, 0.16987300380434783
9.349999999999845, -0.13179444737241044, 0.16987300380434783
9.359999999999845, -0.13179444737241044, 0.16987300380434783
9.369999999999845, -0.13179444737241044, 0.16987300380434783
9.379999999999844, -0.13179444737241044, 0.16987300380434783
9.389999999999844, -0.13179444737241044, 0.16987300380434783
9.399999999999844, -0.13179444737241044, 0.16987300380434783
9.409999999999844, -0.13179444737241044, 0.16987300380434783
9.419999999999844, -0.13179444737241044, 0.16987300380434783
9.429999999999843, -0.13179444737241044, 0.16987300380434783
9.439999999999843, -0.13179444737241044, 0.16987300380434783
9.449999999999843, -0.13179444737241044, 0.16987300380434783
9.459999999999843, -0.13179444737241044, 0.16987300380434783
9.469999999999843, -0.13179444737241044, 0.16987300380434783
9.479999999999842, -0.13179444737241044, 0.16987300380434783
9.489999999999842, -0.13179444737241044, 0.16987300380434783
9.499999999999842, -0.13179444737241044, 0.16987300380434783
9.509999999999842, -0.13179444737241044, 0.16987300380434783
9.519999999999841, -0.13179444737241044, 0.16987300380434783
9.529999999999841, -0.13179444737241044, 0.16987300380434783
9.539999999999841, -0.13179444737241044, 0.16987300380434783
9.54999999999984, -0.13179444737241044, 0.16987300380434783
9.55999999999984, -0.13179444737241044, 0.16987300380434783
9.56999999999984, -0.13179444737241044, 0.16987300380434783
9.57999999999984, -0.13179444737241044, 0.16987300380434783
9.58999999999984, -0.13179444737241044, 0.16987300380434783
9.59999999999984, -0.13179444737241044, 0.16987300380434783
9.60999999999984, -0.13179444737241044, 0.16987300380434783
9.61999999999984, -0.13179444737241044, 0.16987300380434783
9.62999999999984, -0.13179444737241044, 0.16987300380434783
9.639999999999839, -0.13179444737241044, 0.16987300380434783
9.649999999999839, -0.13179444737241044, 0.16987300380434783
9.659999999999838, -0.13179444737241044, 0.16987300380434783
9.669999999999838, -0.13179444737241044, 0.16987300380434783
9.679999999999838, -0.13179444737241044, 0.16987300380434783
9.689999999999838, -0.13179444737241044, 0.16987300380434783
9.699999999999838, -0.13179444737241044, 0.16987300380434783
9.709999999999837, -0.13179444737241044, 0.16987300380434783
9.719999999999837, -0.13179444737241044, 0.16987300380434783
9.729999999999837, -0.13179444737241044, 0.16987300380434783
9.739999999999837, -0.13179444737241044, 0.16987300380434783
9.749999999999837, -0.13179444737241044, 0.16987300380434783
9.759999999999836, -0.13179444737241044, 0.16987300380434783
9.769999999999836, -0.13179444737241044, 0.16987300380434783
9.779999999999836, -0.13179444737241044, 0.16987300380434783
9.789999999999836, -0.13179444737241044, 0.16987300380434783
9.799999999999836, -0.13179444737241044, 0.16987300380434783
9.809999999999835, -0.13179444737241044, 0.16987300380434783
9.819999999999835, -0.13179444737241044, 0.16987300380434783
9.829999999999835, -0.13179444737241044, 0.16987300380434783
9.839999999999835, -0.13179444737241044, 0.16987300380434783
9.849999999999834, -0.13179444737241044, 0.16987300380434783
9.859999999999834, -0.13179444737241044, 0.16987300380434783
9.869999999999834, -0.13179444737241044, 0.16987300380434783
9.879999999999834, -0.13179444737241044, 0.16987300380434783
9.889999999999834, -0.13179444737241044, 0.16987300380434783
9.899999999999833, -0.13179444737241044, 0.16987300380434783
9.909999999999833, -0.13179444737241044, 0.16987300380434783
9.919999999999833, -0.13179444737241044, 0.16987300380434783
9.929999999999833, -0.13179444737241044, 0.16987300380434783
9.939999999999833, -0.13179444737241044, 0.16987300380434783
9.949999999999832, -0.13179444737241044, 0.16987300380434783
9.959999999999832, -0.13179444737241044, 0.16987300380434783
9.969999999999832, -0.13179444737241044, 0.16987300380434783
9.979999999999832, -0.13179444737241044, 0.16987300380434783
9.989999999999831, -0.13179444737241044, 0.16987300380434783
9.999999999999831, -0.13179444737241044, 0.16987300380434783
