Time, Population(0), Population(1)
0, 9.999999999999998, 9.999999999999998
0.1, 9.902471919318458, 9.80102278025023
0.2, 9.809777377030159, 9.604177910722399
0.30000000000000004, 9.721755417305609, 9.40958612288862
0.4, 9.638250998226894, 9.217356068905744
0.5, 9.55911487684925, 9.027584965381532
0.6, 9.484203482193553, 8.840359222532678
0.7, 9.413378778556384, 8.655755056862604
0.7999999999999999, 9.346508121245181, 8.473839085855825
0.8999999999999999, 9.283464106591792, 8.294668903513195
0.9999999999999999, 9.224124417866914, 8.11829363584169
1.0999999999999999, 9.168371668509003, 7.944754475666501
1.2, 9.116093243893234, 7.774085196355406
1.3, 9.067181142696905, 7.606312644238251
1.4000000000000001, 9.021531818766299, 7.4414572096707925
1.5000000000000002, 8.979046024255005, 7.279533276834842
1.6000000000000003, 8.939628654683283, 7.1205496524876875
1.7000000000000004, 8.903188596461506, 6.964509973975893
1.8000000000000005, 8.869638577326393, 6.811413096913408
1.9000000000000006, 8.838895020055553, 6.661253462993687
2.0000000000000004, 8.810877899752889, 6.514021448461886
2.1000000000000005, 8.785510604933442, 6.369703693817758
2.2000000000000006, 8.762719802580552, 6.22828341535407
2.3000000000000007, 8.742435307299766, 6.089740699160523
2.400000000000001, 8.724589954651957, 5.9540527782405865
2.500000000000001, 8.709119478712248, 5.821194293399117
2.600000000000001, 8.695962393870198, 5.691137538563496
2.700000000000001, 8.6850598808607, 5.5638526912007285
2.800000000000001, 8.676355676992562, 5.439308028488539
2.9000000000000012, 8.669795970523301, 5.317470129890603
3.0000000000000013, 8.66532929911312, 5.198304066775006
3.1000000000000014, 8.662906452278294, 5.0817735797018475
3.2000000000000015, 8.662480377753974, 4.967841243990503
3.3000000000000016, 8.664006091668186, 4.856468624160246
3.4000000000000017, 8.667440592422492, 4.74761641781986
3.5000000000000018, 8.672742778169997, 4.641244589562898
3.600000000000002, 8.679873367778075, 4.537312495405639
3.700000000000002, 8.68879482516093, 4.435778998284739
3.800000000000002, 8.69947128686598, 4.336602575111349
3.900000000000002, 8.711868492797723, 4.23974141585814
4.000000000000002, 8.7259537199631, 4.1451535151354575
4.100000000000001, 8.741695719123525, 4.052796756692807
4.200000000000001, 8.759064654240161, 3.962628991262116
4.300000000000001, 8.778032044600993, 3.874608108139919
4.4, 8.798570709520632, 3.788692100886654
4.5, 8.820654715506294, 3.7048391275028725
4.6, 8.84425932578612, 3.6230075654243037
4.699999999999999, 8.869360952099155, 3.54315606166038
4.799999999999999, 8.895937108649116, 3.4652435783841424
4.899999999999999, 8.923966368127486, 3.389229434265316
4.999999999999998, 8.953428319714488, 3.315073341822844
5.099999999999998, 8.984303528969857, 3.2427354410583202
5.1999999999999975, 9.016573499528466, 3.1721763296174426
5.299999999999997, 9.05022063651914, 3.103357089713
5.399999999999997, 9.085228211628134, 3.0362393120298257
5.4999999999999964, 9.121580329731872, 2.9707851168196973
5.599999999999996, 9.159261897026656, 2.906957172382275
5.699999999999996, 9.198258590585972, 2.8447187111168537
5.799999999999995, 9.238556829279032, 2.7840335433189294
5.899999999999995, 9.280143745986958, 2.724866068885341
5.999999999999995, 9.323007161055772, 2.6671812870820233
6.099999999999994, 9.367135556928089, 2.6109448045191708
6.199999999999994, 9.412518053897855, 2.556122841469852
6.299999999999994, 9.459144386935106, 2.5026822366598442
6.399999999999993, 9.507004883529937, 2.450590450648558
6.499999999999993, 9.556090442507331, 2.3998155679135325
6.5999999999999925, 9.606392513766572, 2.350326297743909
6.699999999999992, 9.657903078901155, 2.3020919740416814
6.799999999999992, 9.710614632657089, 2.255082554123216
6.8999999999999915, 9.76452016518944, 2.2092686166076128
6.999999999999991, 9.819613145078813, 2.164621358472903
7.099999999999991, 9.875887503071242, 2.121112591355777
7.19999999999999, 9.933337616506632, 2.0787147371655754
7.29999999999999, 9.991958294402508, 2.037400823078608
7.39999999999999, 10.05174476316141, 1.997144475974408
7.499999999999989, 10.112692652871631, 1.9579199163714356
7.599999999999989, 10.174797984172516, 1.919701951915777
7.699999999999989, 10.238057155656751, 1.8824659704727535
7.799999999999988, 10.3024669317834, 1.8461879328678865
7.899999999999988, 10.368024431276622, 1.810844365320403
7.999999999999988, 10.434727115986142, 1.7764123516094494
8.099999999999987, 10.502572780186627, 1.7428695250102924
8.199999999999987, 10.571559540294096, 1.710194060035109
8.299999999999986, 10.641685824978628, 1.6783646640104668
8.399999999999986, 10.712950365653253, 1.647360568521206
8.499999999999986, 10.78535218732016, 1.6171615207482466
8.599999999999985, 10.858890599755826, 1.5877477747257718
8.699999999999985, 10.933565189017672, 1.5591000825412886
8.799999999999985, 11.009375809255559, 1.531199685500266
8.899999999999984, 11.086322574812021, 1.504028305275359
8.999999999999984, 11.164405852595904, 1.4775681350586323
9.099999999999984, 11.243626254714723, 1.4518018307337346
9.199999999999983, 11.323984631351431, 1.4267125020835865
9.299999999999983, 11.405482063872125, 1.4022837040478653
9.399999999999983, 11.488119858151512, 1.3784994280433747
9.499999999999982, 11.571899538103548, 1.355344093359266
9.599999999999982, 11.65682283940504, 1.3328025386380546
9.699999999999982, 11.742891703400558, 1.3108600134524035
9.799999999999981, 11.830108271177233, 1.2895021699867557
9.89999999999998, 11.918474877798504, 1.26871505483208
9.99999999999998, 12.00799404668617, 1.2484851009012072
10.09999999999998, 12.098668484140463, 1.228799119471559
10.19999999999998, 12.190501073988061, 1.2096442923613846
10.29999999999998, 12.283494872348342, 1.1910081642450483
10.399999999999979, 12.377653102508347, 1.172878635112338
10.499999999999979, 12.472979149897157, 1.1552439528762748
10.599999999999978, 12.569476557150658, 1.1380927061334274
10.699999999999978, 12.667149019257698, 1.1214138170803156
10.799999999999978, 12.766000378778998, 1.105196534589114
10.899999999999977, 12.866034621130122, 1.0894304274455047
10.999999999999977, 12.967255869920118, 1.0741053777512233
11.099999999999977, 13.069668382337342, 1.0592115744935608
11.199999999999976, 13.173276544574284, 1.0447395072838288
11.299999999999976, 13.278084867283047, 1.0306799602665875
11.399999999999975, 13.38409798105334, 1.0170240062012297
11.499999999999975, 13.49132063190485, 1.0037630007173564
11.599999999999975, 13.5997576767857, 0.9908885767452319
11.699999999999974, 13.70941407906896, 0.9783926391224999
11.799999999999974, 13.820294904038901, 0.9662673593782344
11.899999999999974, 13.932405314358759, 0.9545051706953367
11.999999999999973, 14.045750565511655, 0.9430987630522352
12.099999999999973, 14.160336001206296, 0.932041078544813
12.199999999999973, 14.276167048738827, 0.9213253068894807
12.299999999999972, 14.39324921430227, 0.9109448811083123
12.399999999999972, 14.511588078234633, 0.9008934733971967
12.499999999999972, 14.631189290196803, 0.8911649911779962
12.599999999999971, 14.75205856427093, 0.8817535733357647
12.69999999999997, 14.874201673969996, 0.8726535866421582
12.79999999999997, 14.997624447148867, 0.8638596223662699
12.89999999999997, 15.12233276080697, 0.8553664930742252
12.99999999999997, 15.248332535772397, 0.8471692296190129
13.09999999999997, 15.375629731256918, 0.8392630783221647
13.199999999999969, 15.50423033927112, 0.8316434983490651
13.299999999999969, 15.634140378888425, 0.824306159279849
13.399999999999968, 15.765365890346429, 0.8172469388780418
13.499999999999968, 15.897912928973524, 0.8104619210593138
13.599999999999968, 16.031787558928375, 0.8039473940629459
13.699999999999967, 16.166995846739276, 0.7976998488288577
13.799999999999967, 16.30354385462989, 0.7917159775833141
13.899999999999967, 16.441437633617422, 0.7859926726367147
13.999999999999966, 16.58068321636854, 0.780527025397174
14.099999999999966, 16.721286609797847, 0.7753163256039278
14.199999999999966, 16.863253787392985, 0.7703580607849474
14.299999999999965, 17.00659068124964, 0.7656499159435098
14.399999999999965, 17.15130317379931, 0.7611897734788696
14.499999999999964, 17.297397089211312, 0.7569757133465813
14.599999999999964, 17.444878184450296, 0.7530060134644727
14.699999999999964, 17.593752139969027, 0.7492791503707221
14.799999999999963, 17.744024550015784, 0.7457938001409964
14.899999999999963, 17.89570091253417, 0.7425488395721147
14.999999999999963, 18.048786618632526, 0.7395433476402623
15.099999999999962, 18.203286941598606, 0.7367766072423513
15.199999999999962, 18.359207025434255, 0.7342481072297453
15.299999999999962, 18.51655187288326, 0.7319575447442074
15.399999999999961, 18.675326332924477, 0.7299048278666204
15.499999999999961, 18.83553508770062, 0.7280900785897446
15.59999999999996, 18.997182638851726, 0.7265136361270469
15.69999999999996, 19.16027329322069, 0.7251760605704326
15.79999999999996, 19.32481114789639, 0.7240781369105707
15.89999999999996, 19.490800074558422, 0.7232208794343884
15.99999999999996, 19.65824370308512, 0.7226055365152652
16.09999999999996, 19.82714540438489, 0.7222335958124485
16.19999999999996, 19.9975082724086, 0.7221067898972704
16.29999999999996, 20.16933510529832, 0.7222271023248463
16.399999999999963, 20.342628385625712, 0.7225967741711193
16.499999999999964, 20.517390259670407, 0.7232183110563319
16.599999999999966, 20.69362251568628, 0.7240944906773192
16.699999999999967, 20.871326561100716, 0.7252283708723797
16.79999999999997, 21.050503398588823, 0.726623298243925
16.89999999999997, 21.231153600961466, 0.7282829173656292
16.99999999999997, 21.4132772848028, 0.7302111806023928
17.099999999999973, 21.596874082789224, 0.7324123585731204
17.199999999999974, 21.78194311461816, 0.7348910512880814
17.299999999999976, 21.96848295647114, 0.7376521999944735
17.399999999999977, 22.156491608931486, 0.740701099765768
17.49999999999998, 22.34596646327261, 0.744043412872453
17.59999999999998, 22.53690426602843, 0.7476851829739494
17.69999999999998, 22.7293010817525, 0.751632850173712
17.799999999999983, 22.923152253867503, 0.7558932669818907
17.899999999999984, 23.11845236350147, 0.7604737152323793
17.999999999999986, 23.315195186201425, 0.7653819240036602
18.099999999999987, 23.51337364640944, 0.7706260885955215
18.19999999999999, 23.71297976957995, 0.7762148906165232
18.29999999999999, 23.914004631810645, 0.7821575192399843
18.39999999999999, 24.116438306852846, 0.7884636936892782
18.499999999999993, 24.320269810360003, 0.7951436870163312
18.599999999999994, 24.525487041225762, 0.8022083512404538
18.699999999999996, 24.73207671985556, 0.8096691439179342
18.799999999999997, 24.940024323207727, 0.8175381562162434
18.9, 25.14931401643178, 0.8258281425701812
19, 25.359928580923285, 0.8345525520008525
19.1, 25.571849338605887, 0.8437255611819636
19.200000000000003, 25.785056072241883, 0.8533621093415789
19.300000000000004, 25.99952694156368, 0.8634779350911235
19.400000000000006, 26.215238395008797, 0.8740896152770586
19.500000000000007, 26.432165076831403, 0.885214605954238
19.60000000000001, 26.650279729353695, 0.8968712855834586
19.70000000000001, 26.869553090110163, 0.9090790005590786
19.80000000000001, 27.089953783628115, 0.9218581131757566
19.900000000000013, 27.31144820757763, 0.9352300521462877
20.000000000000014, 27.53400041301445, 0.949217365785121
20.100000000000016, 27.757571978429414, 0.963843777974334
20.200000000000017, 27.982121877309147, 0.9791342470305329
20.30000000000002, 28.207606338903343, 0.9951150275922137
20.40000000000002, 28.43397870188639, 1.0118137356474508
20.50000000000002, 28.661189260593066, 1.0292594168212057
20.600000000000023, 28.88918510350234, 1.047482618039924
20.700000000000024, 29.117909943637574, 1.0665154626881843
20.800000000000026, 29.34730394054864, 1.0863917293678367
20.900000000000027, 29.577303513539317, 1.1071469343639533
21.00000000000003, 29.80784114580428, 1.1288184179138796
21.10000000000003, 30.03884517914337, 1.1514454343652518
21.20000000000003, 30.27023959892745, 1.1750692462958388
21.300000000000033, 30.501943809000235, 1.199733222651919
21.400000000000034, 30.73387239621533, 1.225482940942327
21.500000000000036, 30.965934884327353, 1.2523662935016733
21.600000000000037, 31.198035476981396, 1.2804335978081127
21.70000000000004, 31.430072789577217, 1.3097377108077048
21.80000000000004, 31.661939569824458, 1.3403341471583057
21.90000000000004, 31.893522406853496, 1.3722812012602141
22.000000000000043, 32.124701428804926, 1.4056400728877179
22.100000000000044, 32.35534998889036, 1.440474996174346
22.200000000000045, 32.58533433999921, 1.4768533716340453
22.300000000000047, 32.81451329802251, 1.5148459008196458
22.40000000000005, 33.04273789417733, 1.5545267231277167
22.50000000000005, 33.26985101674498, 1.5959735541540603
22.60000000000005, 33.495687042786344, 1.6392678248853476
22.700000000000053, 33.720071460569024, 1.6844948208784611
22.800000000000054, 33.942820483636766, 1.7317438204285363
22.900000000000055, 34.16374065767417, 1.7811082305581087
23.000000000000057, 34.38262846157056, 1.832685719471672
23.10000000000006, 34.59926990436996, 1.886578343910924
23.20000000000006, 34.813440120110755, 1.942892669614621
23.30000000000006, 35.02490296291281, 2.0017398828319526
23.400000000000063, 35.23341060506191, 2.0632358905585515
23.500000000000064, 35.43870314127646, 2.12750140685871
23.600000000000065, 35.640508202819305, 2.1946620223053963
23.700000000000067, 35.838540585641184, 2.2648482532110843
23.800000000000068, 36.03250189731266, 2.3381955669373675
23.90000000000007, 36.2220802281192, 2.414844379160802
24.00000000000007, 36.40694985235909, 2.494940018538084
24.100000000000072, 36.586770966594386, 2.578632653758182
24.200000000000074, 36.761189472358915, 2.666077177496254
24.300000000000075, 36.929836811620724, 2.757433041299411
24.400000000000077, 37.09232986412132, 2.8528640349443743
24.500000000000078, 37.24827091656453, 2.9525380033208113
24.60000000000008, 37.397247714490604, 3.0566264934223257
24.70000000000008, 37.53883360853345, 3.1653043235833884
24.800000000000082, 37.67258780760257, 3.2787490667007138
24.900000000000084, 37.79805575233454, 3.397140438841075
25.000000000000085, 37.9147696228968, 3.520659584386225
25.100000000000087, 38.02224899586814, 3.649488248725247
25.200000000000088, 38.12000166543104, 3.7838078295039725
25.30000000000009, 38.20752464445044, 3.9237982976125005
25.40000000000009, 38.28430536113778, 4.069636979470596
25.500000000000092, 38.34982306685697, 4.221497192794895
25.600000000000094, 38.403550470168256, 4.379546728941695
25.700000000000095, 38.44495561136943, 4.543946176155862
25.800000000000097, 38.473503990520726, 4.7148470796614115
25.900000000000098, 38.48866096017282, 4.892389936541971
26.0000000000001, 38.489894391696026, 5.0767020258158775
26.1000000000001, 38.47667762118107, 5.267895077040228
26.200000000000102, 38.448492677300294, 5.466062784202112
26.300000000000104, 38.404833789246894, 5.671278175581815
26.400000000000105, 38.34521116789103, 5.8835908546949
26.500000000000107, 38.26915504760273, 6.103024132311652
26.600000000000108, 38.17621996981823, 6.329572074863476
26.70000000000011, 38.06598928242423, 6.5631965002008394
26.80000000000011, 37.93807982148809, 6.8038239575602
26.900000000000112, 37.79214673390116, 7.051342734590487
27.000000000000114, 37.62788839129141, 7.305599940212557
27.100000000000115, 37.44505133730895, 7.566398717734048
27.200000000000117, 37.243435202345644, 7.8334956477838595
27.300000000000118, 37.02289751220298, 8.10659840500593
27.40000000000012, 36.78335831049473, 8.385363735783285
27.50000000000012, 36.52480450900117, 8.669395826264754
27.600000000000122, 36.24729387614006, 8.958245130355762
27.700000000000124, 35.95095857153012, 9.251407725848557
27.800000000000125, 35.6360081346272, 9.548325263278779
27.900000000000126, 35.30273183789337, 9.848385566230851
28.000000000000128, 34.95150032013673, 10.150923933573432
28.10000000000013, 34.582766423670236, 10.455225183475283
28.20000000000013, 34.197065169812916, 10.760526466121958
28.300000000000132, 33.795012820911, 11.066020857029015
28.400000000000134, 33.37730499326991, 11.370861726048735
28.500000000000135, 32.944713803813606, 11.67416785903213
28.600000000000136, 32.498084053443286, 11.975029290178274
28.700000000000138, 32.038328471358696, 12.27251378400873
28.80000000000014, 31.56642206633978, 12.565673887338226
28.90000000000014, 31.08339565240755, 12.853554454296237
29.000000000000142, 30.590328636602827, 13.135200532103806
29.100000000000144, 30.08834117506298, 13.409665482595843
29.200000000000145, 29.578585819413934, 13.676019204987487
29.300000000000146, 29.062238788094344, 13.933356319578248
29.400000000000148, 28.54049100608756, 14.180804170285022
29.50000000000015, 28.014539061308383, 14.4175305062368
29.60000000000015, 27.485576226408966, 14.64275070911075
29.700000000000152, 26.954783691050103, 14.8557344432181
29.800000000000153, 26.423322141935916, 15.055811619165867
29.900000000000155, 25.892323816504476, 15.242377578685137
30.000000000000156, 25.362885141625085, 15.414897427268516
30.100000000000158, 24.836060051609063, 15.572909461859908
30.20000000000016, 24.312854061003605, 15.716027662210742
30.30000000000016, 23.794219147755797, 15.843943235882406
30.400000000000162, 23.281049482145654, 15.95642522750205
30.500000000000163, 22.77417801709709, 16.053320222109058
30.600000000000165, 22.274373936711967, 16.13455118970781
30.700000000000166, 21.782340942670594, 16.200115533034353
30.800000000000168, 21.2987163429219, 16.250082412749414
30.90000000000017, 20.824070894151145, 16.28458943361801
31.00000000000017, 20.358909339040235, 16.30383878168822
31.100000000000172, 19.903671571391634, 16.30809290611165
31.200000000000173, 19.458734356731384, 16.297669840231375
31.300000000000175, 19.024413532913133, 16.272938255151065
31.400000000000176, 18.600966614315443, 16.234312335502814
31.500000000000178, 18.18859572420961, 16.182246561895873
31.60000000000018, 17.787450782492726, 16.11723047791831
31.70000000000018, 17.397632879931248, 16.039783511937774
31.800000000000182, 17.019197775045527, 15.95044991565307
31.900000000000183, 16.65215945549612, 15.849793872701184
32.000000000000185, 16.296493712041684, 15.738394821907079
32.100000000000186, 15.952141679586019, 15.616843031217204
32.20000000000019, 15.61901330631173, 15.485735450178645
32.30000000000019, 15.2969907182367, 15.345671861169711
32.40000000000019, 14.985931452588929, 15.197251342566645
32.50000000000019, 14.685671539069897, 15.04106905072063
32.60000000000019, 14.396028413291202, 14.87771332206046
32.700000000000195, 14.116803651376463, 14.707763091841803
32.800000000000196, 13.847785518895579, 14.53178562202244
32.9000000000002, 13.588751330937113, 14.350334527424101
33.0000000000002, 13.339469623237745, 14.16394808670098
33.1000000000002, 13.099702136898879, 13.973147822617996
33.2000000000002, 12.86920562136161, 13.778437334687828
33.3000000000002, 12.647733462021266, 13.580301366260137
33.400000000000205, 12.43503714018291, 13.379205087634961
33.500000000000206, 12.230867534033509, 13.175593576621218
33.60000000000021, 12.03497606997846, 12.969891478120806
33.70000000000021, 11.84711573410158, 12.762502824732097
33.80000000000021, 11.667041953698966, 12.55381100098275
33.90000000000021, 11.494513358845078, 12.344178834574105
34.00000000000021, 11.329292433807707, 12.133948798907136
34.100000000000215, 11.17114606786816, 11.923443312127699
34.200000000000216, 11.019846014749737, 11.712965118945782
34.30000000000022, 10.875169269436114, 11.502797742524232
34.40000000000022, 10.736898370690387, 11.293205994775883
34.50000000000022, 10.604821637083512, 11.084436534436641
34.60000000000022, 10.478733343820878, 10.876718463282508
34.70000000000022, 10.358433847130199, 10.670263951820438
34.800000000000225, 10.243729662452129, 10.465268886698066
34.900000000000226, 10.13443350216374, 10.261913532940913
35.00000000000023, 10.030364278071412, 10.060363204933857
35.10000000000023, 9.931347073436338, 9.860768940814596
35.20000000000023, 9.837213088847326, 9.663268175640399
35.30000000000023, 9.747799565832715, 9.467985409325632
35.40000000000023, 9.662949691707917, 9.275032865928203
35.500000000000234, 9.582512488787305, 9.084511141390132
35.600000000000236, 9.506342690749277, 8.896509837313017
35.70000000000024, 9.434300608630105, 8.711108178776648
35.80000000000024, 9.36625198863566, 8.528375614590944
35.90000000000024, 9.302067863698372, 8.348372398710877
36.00000000000024, 9.241624400469009, 8.171150151844811
36.10000000000024, 9.18480274321772, 7.996752402550829
36.200000000000244, 9.131488855924378, 7.825215107347363
36.300000000000246, 9.08157336366373, 7.6565671495656735
36.40000000000025, 9.03495139423423, 7.490830816845952
36.50000000000025, 8.991522420839548, 7.328022257328317
36.60000000000025, 8.951190106507234, 7.168151914717337
36.70000000000025, 8.913862150818234, 7.01122494250629
36.80000000000025, 8.879450139423263, 6.8572415977371985
36.900000000000254, 8.847869396735398, 6.706197614746827
37.000000000000256, 8.81903884211255, 6.558084559409005
37.10000000000026, 8.792880849776692, 6.412890164431651
37.20000000000026, 8.76932111265872, 6.270598646303978
37.30000000000026, 8.74828851030725, 6.131191004517217
37.40000000000026, 8.729714980955858, 5.994645303701729
37.50000000000026, 8.713535397805515, 5.860936939335891
37.600000000000264, 8.699687449546614, 5.730038887688591
37.700000000000266, 8.688111525117401, 5.601921940658334
37.80000000000027, 8.678750602672173, 5.476554926168734
37.90000000000027, 8.671550142712926, 5.353904914773204
38.00000000000027, 8.666457985321903, 5.2339374131116285
38.10000000000027, 8.66342425141872, 5.1166165448490295
38.20000000000027, 8.662401247955016, 5.00190521971164
38.300000000000274, 8.663343376950666, 4.88976529121927
38.400000000000276, 8.666207048268655, 4.7801577036951315
38.50000000000028, 8.670950596020736, 4.673042629115615
38.60000000000028, 8.677534198491974, 4.568379594342991
38.70000000000028, 8.685919801469952, 4.466127599264141
38.80000000000028, 8.696071044862803, 4.366245226338173
38.90000000000028, 8.707953192489782, 4.268690742035501
39.000000000000284, 8.721533064928213, 4.173422190630689
39.100000000000286, 8.736778975301581, 4.080397480791248
39.20000000000029, 8.753660667894815, 3.9895744653847824
39.30000000000029, 8.772149259484785, 3.900911014907374
39.40000000000029, 8.792217183276108, 3.8143650849170596
39.50000000000029, 8.813838135334942, 3.729894777837711
39.60000000000029, 8.83698702341617, 3.647458399480563
39.700000000000294, 8.861639918082174, 3.567014510613162
39.800000000000296, 8.887774006014661, 3.4885219738886204
39.9000000000003, 8.915367545423866, 3.411939996431774
40.0000000000003, 8.944399823462902, 3.337228168363125
40.1000000000003, 8.974851115558103, 3.264346497526419
40.2000000000003, 9.006702646569465, 3.19325544067124
40.3000000000003, 9.039936553698556, 3.1239159313281704
40.400000000000304, 9.07453585106446, 3.0562894046008164
40.500000000000306, 9.110484395871309, 2.9903378190863887
40.60000000000031, 9.147766856094307, 2.9260236761244363
40.70000000000031, 9.186368679613942, 2.8633100365618698
40.80000000000031, 9.226276064731094, 2.8021605352114682
40.90000000000031, 9.267475931998707, 2.7425393931706545
41.00000000000031, 9.309955897308278, 2.684411428157445
41.100000000000314, 9.353704246172285, 2.62774206301113
41.200000000000315, 9.398709909146222, 2.572497332496296
41.30000000000032, 9.44496243833628, 2.518643888540405
41.40000000000032, 9.492451984941413, 2.466149004027147
41.50000000000032, 9.541169277780522, 2.4149805752602176
41.60000000000032, 9.591105602757974, 2.3651071232050347
41.70000000000032, 9.642252783222691, 2.3164977936091242
41.800000000000324, 9.694603161178087, 2.269122356095545
41.900000000000325, 9.748149579302188, 2.2229512023176716
42.00000000000033, 9.802885363739001, 2.1779553432579726
42.10000000000033, 9.858804307624156, 2.1341064057480392
42.20000000000033, 9.91590065530938, 2.0913766282820796
42.30000000000033, 9.974169087252209, 2.0497388561912913
42.40000000000033, 10.03360470553866, 2.009166536242065
42.500000000000334, 10.094203020008262, 1.9696337107167243
42.600000000000335, 10.155959934952165, 1.9311150110315145
42.70000000000034, 10.21887173635643, 1.8935856509428413
42.80000000000034, 10.282935079663835, 1.8570214193892152
42.90000000000034, 10.348146978028801, 1.8213986730130494
43.00000000000034, 10.414504791041132, 1.7866943284033765
43.10000000000034, 10.482006213895502, 1.7528858540976016
43.200000000000344, 10.5506492669844, 1.7199512623776951
43.300000000000345, 10.620432285893553, 1.6878691008936537
43.40000000000035, 10.691353911779496, 1.6566184441446459
43.50000000000035, 10.763413082110057, 1.6261788848460204
43.60000000000035, 10.836609021749215, 1.5965305252082231
43.70000000000035, 10.91094123436864, 1.5676539681517074
43.80000000000035, 10.986409494169076, 1.5395303084800673
43.900000000000354, 11.063013837895154, 1.5121411240318976
44.000000000000355, 11.140754557128277, 1.4854684668302613
44.10000000000036, 11.219632190842457, 1.4594948542471557
44.20000000000036, 11.29964751820895, 1.4342032601989332
44.30000000000036, 11.380801551635724, 1.4095771063873508
44.40000000000036, 11.463095530028664, 1.3856002535996783
44.50000000000036, 11.546530912261682, 1.3622569930801631
44.600000000000364, 11.631109370843413, 1.339532037984101
44.700000000000365, 11.716832785768716, 1.3174105149247588
44.80000000000037, 11.803703238543424, 1.2958779556225088
44.90000000000037, 11.891723006371329, 1.274920288664657
45.00000000000037, 11.98089455649266, 1.2545238313836973
45.10000000000037, 12.071220540663601, 1.2346752818609725
45.20000000000037, 12.162703789766807, 1.2153617110620663
45.300000000000374, 12.25534730854301, 1.1965705551096388
45.400000000000375, 12.349154270434251, 1.1782896076988385
45.50000000000038, 12.444128012529221, 1.1605070126599182
45.60000000000038, 12.540272030601752, 1.1432112566721875
45.70000000000038, 12.637589974233368, 1.1263911621330303
45.80000000000038, 12.736085642011178, 1.1100358801852794
45.90000000000038, 12.83576297679244, 1.0941348839059257
46.000000000000384, 12.936626061027326, 1.078677961658778
46.100000000000385, 13.038679112131378, 1.0636552106134283
46.20000000000039, 13.141926477899469, 1.049057030432599
46.30000000000039, 13.246372631952903, 1.0348741171297349
46.40000000000039, 13.352022169211494, 1.021097457098483
46.50000000000039, 13.458879801382437, 1.0077183213155543
46.60000000000039, 13.566950352457813, 0.9947282597182852
46.700000000000394, 13.676238754212566, 0.9821190957581198
46.800000000000395, 13.786750041694674, 0.9698829211311067
46.9000000000004, 13.898489348699394, 0.9580120906864467
47.0000000000004, 14.011461903219137, 0.946499217514059
47.1000000000004, 14.125673022860685, 0.9353371682120974
47.2000000000004, 14.241128110221156, 0.9245190583353357
47.3000000000004, 14.357832648214165, 0.9140382480253381
47.400000000000404, 14.475792195337355, 0.903888337823354
47.500000000000405, 14.595012380872404, 0.8940631646669153
47.600000000000406, 14.71549890000835, 0.8845567980711675
47.70000000000041, 14.837257508878938, 0.8753635364960466
47.80000000000041, 14.960294019504374, 0.8664779039004915
47.90000000000041, 15.084614294627741, 0.8578946464850078
48.00000000000041, 15.210224242435903, 0.8496087296240035
48.10000000000041, 15.337129811154574, 0.8416153349894727
48.200000000000415, 15.465336983506752, 0.8339098578677546
48.300000000000416, 15.594851771023492, 0.82648790467127
48.40000000000042, 15.725680208195497, 0.81934529064733
48.50000000000042, 15.857828346453724, 0.8124780377863188
48.60000000000042, 15.991302247966553, 0.8058823729317821
48.70000000000042, 16.12610797924088, 0.7995547260951897
48.80000000000042, 16.262251604513658, 0.7934917289784084
48.900000000000425, 16.399739178920193, 0.7876902137072022
49.000000000000426, 16.53857674142462, 0.7821472117793694
49.10000000000043, 16.678770307497636, 0.776859953231458
49.20000000000043, 16.82032586152563, 0.7718258660283261
49.30000000000043, 16.963249348935026, 0.7670425756801922
49.40000000000043, 17.107546668014415, 0.7625079050921901
49.50000000000043, 17.253223661416765, 0.7582198746518587
49.600000000000435, 17.40028610732276, 0.7541767025604267
49.700000000000436, 17.548739710245712, 0.7503768054142049
49.80000000000044, 17.69859009145732, 0.7468187990428913
49.90000000000044, 17.849842779012718, 0.7435014996120934
50.00000000000044, 18.002503197352045, 0.7404239249979249
50.10000000000044, 18.156576656454845, 0.7375852964420937
50.20000000000044, 18.31206834052208, 0.7349850404965105
50.300000000000445, 18.468983296159657, 0.7326227912670789
50.400000000000446, 18.627326420035715, 0.7304983929670043
50.50000000000045, 18.78710244598268, 0.728611902790667
50.60000000000045, 18.948315931513534, 0.7269635941198579
50.70000000000045, 19.110971243720073, 0.7255539600749606
50.80000000000045, 19.275072544519436, 0.7243837174245131
50.90000000000045, 19.44062377521319, 0.7234538108674432
51.000000000000455, 19.607628640321508, 0.7227654177032256
51.100000000000456, 19.77609059065295, 0.7223199529061693
51.20000000000046, 19.94601280556819, 0.7221190746210981
51.30000000000046, 20.117398174393887, 0.7221646900987592
51.40000000000046, 20.290249276940532, 0.7224589620904663
51.50000000000046, 20.46456836307545, 0.7230043157226823
51.60000000000046, 20.64035733129979, 0.7238034458735345
51.700000000000465, 20.817617706275286, 0.7248593250745993
51.800000000000466, 20.996350615243827, 0.7261752119627145
51.90000000000047, 21.176556763279585, 0.7277546603080742
52.00000000000047, 21.3582364073104, 0.7296015286464315
52.10000000000047, 21.541389328841454, 0.7317199905448938
52.20000000000047, 21.726014805310818, 0.7341145455325327
52.30000000000047, 21.912111580002396, 0.7367900307288683
52.400000000000475, 22.099677830437997, 0.7397516332051953
52.500000000000476, 22.288711135165794, 0.743004903115757
52.60000000000048, 22.479208438858038, 0.7465557676378671
52.70000000000048, 22.671166015626156, 0.7504105457623174
52.80000000000048, 22.86457943045645, 0.7545759639777136
52.90000000000048, 23.059443498664248, 0.759059172894825
53.00000000000048, 23.255752243259078, 0.7638677648595619
53.100000000000485, 23.453498850107536, 0.7690097926058407
53.200000000000486, 23.65267562077454, 0.7744937890023625
53.30000000000049, 23.85327392291743, 0.7803287879501892
53.40000000000049, 24.055284138100554, 0.7865243464909838
53.50000000000049, 24.258695606891433, 0.7930905681888668
53.60000000000049, 24.463496571091998, 0.8000381278520279
53.70000000000049, 24.669674112951263, 0.8073782976635201
53.800000000000495, 24.877214091197676, 0.8151229747940475
53.900000000000496, 25.086101073721533, 0.8232847105730171
54.0000000000005, 25.296318266729354, 0.8318767412976664
54.1000000000005, 25.507847440183344, 0.840913020763666
54.2000000000005, 25.72066884933029, 0.8504082546042369
54.3000000000005, 25.93476115211489, 0.8603779365284666
54.4000000000005, 26.15010132226316, 0.8708383865531611
54.500000000000504, 26.366664557811763, 0.881806791326166
54.600000000000506, 26.584424184849645, 0.8933012466426271
54.70000000000051, 26.803351556227934, 0.9053408022590675
54.80000000000051, 27.023415944984574, 0.9179455091134001
54.90000000000051, 27.244584432219792, 0.9311364690619998
55.00000000000051, 27.466821789148874, 0.944935887247677
55.10000000000051, 27.690090353048777, 0.9593671272147101
55.200000000000514, 27.91434989680596, 0.9744547688889582
55.300000000000516, 28.139557491763522, 0.9902246695423421
55.40000000000052, 28.365667363557566, 1.0067040278615422
55.50000000000052, 28.5926307406249, 1.02392145124049
55.60000000000052, 28.820395695057673, 1.0419070264149222
55.70000000000052, 29.048906975474818, 1.060692393554798
55.80000000000052, 29.278105831576486, 1.0803108239264683
55.900000000000524, 29.507929830045192, 1.1007973012309837
56.000000000000526, 29.738312661457574, 1.1221886067174538
56.10000000000053, 29.969183937872998, 1.1445234081607507
56.20000000000053, 30.20046898077102, 1.167842352780621
56.30000000000053, 30.43208859901853, 1.1921881641641416
56.40000000000053, 30.66395885656105, 1.2176057432349454
56.50000000000053, 30.895990829550346, 1.2441422732902945
56.600000000000534, 31.128090352644413, 1.2718473291003698
56.700000000000536, 31.360157754245744, 1.3007729900324425
56.80000000000054, 31.592087580481348, 1.330973957125314
56.90000000000054, 31.82376830777346, 1.3625076739957536
57.00000000000054, 32.05508204390543, 1.3954344514079138
57.10000000000054, 32.28590421755292, 1.429817595277933
57.20000000000054, 32.516103256329274, 1.4657235378182578
57.300000000000544, 32.74554025348524, 1.5032219714485497
57.400000000000546, 32.97406862351095, 1.542385985011374
57.50000000000055, 33.20153374701246, 1.5832922017298932
57.60000000000055, 33.42777260537854, 1.6260209182304202
57.70000000000055, 33.652613405918416, 1.6706562438234185
57.80000000000055, 33.87587519833919, 1.717286239091175
57.90000000000055, 34.09736748364619, 1.766003052667329
58.000000000000554, 34.316889816790834, 1.8169030549113943
58.100000000000556, 34.53423140466469, 1.870086966978833
58.20000000000056, 34.749170701343786, 1.9256599835627541
58.30000000000056, 34.96147500283035, 1.983731887335563
58.40000000000056, 35.17090004391933, 2.044417152846672
58.50000000000056, 35.377189600239156, 2.107835037334671
58.60000000000056, 35.580075098980544, 2.1741096555884143
58.700000000000564, 35.77927524233753, 2.2433700356408948
58.800000000000566, 35.97449564824052, 2.3157501517026526
58.90000000000057, 36.165428513564834, 2.3913889303384988
59.00000000000057, 36.35175230564933, 2.4704302254639026
59.10000000000057, 36.5331314886561, 2.5530227572879647
59.20000000000057, 36.70921629204413, 2.639320009861823
59.30000000000057, 36.87964252921128, 2.729480081409529
59.400000000000574, 37.044031475175316, 2.8236654811291877
59.500000000000576, 37.20198981300854, 2.922042865663672
59.60000000000058, 37.35310965960118, 3.0247827079628347
59.70000000000058, 37.496968682192424, 3.132058890805311
59.80000000000058, 37.63313031795975, 3.2440482168332405
59.90000000000058, 37.761144109774946, 3.360929826595357
60.00000000000058, 37.88054617199571, 3.482884515814461
60.100000000000584, 37.99085980083612, 3.6100939429185197
60.200000000000585, 38.09159624441314, 3.7427397178287163
60.30000000000059, 38.182255647962286, 3.8810023631136286
60.40000000000059, 38.262328189909034, 4.025060138931138
60.50000000000059, 38.33129542442692, 4.17508772372571
60.60000000000059, 38.3886318457539, 4.331254743468071
60.70000000000059, 38.433806688821676, 4.493724143358255
60.800000000000594, 38.46628597961736, 4.662650397402636
60.900000000000595, 38.485534847085034, 4.838177553161511
61.0000000000006, 38.49102010622652, 5.020437111283027
61.1000000000006, 38.482213119320896, 5.209545742223612
61.2000000000006, 38.458592938802006, 5.405602845828507
61.3000000000006, 38.41964973127302, 5.608687963221021
61.4000000000006, 38.36488847737224, 5.818858054723695
61.500000000000604, 38.29383293672837, 6.036144662288814
61.600000000000605, 38.2060298610718, 6.260550980106999
61.70000000000061, 38.101053431748625, 6.492048862623877
61.80000000000061, 37.97850989048984, 6.730575805028749
61.90000000000061, 37.83804232443675, 6.9760319372588135
62.00000000000061, 37.67933555826802, 7.228277078526228
62.10000000000061, 37.50212109800909, 7.487127905130277
62.200000000000614, 37.30618206297029, 7.752355289637688
62.300000000000615, 37.09135803453177, 8.023681874149151
62.40000000000062, 36.85754974348253, 8.300779944045987
62.50000000000062, 36.60472351166604, 8.583269671043237
62.60000000000062, 36.33291535913775, 8.870717795279305
62.70000000000062, 36.04223468525387, 9.162636815277223
62.80000000000062, 35.732867431421155, 9.458484751678744
62.900000000000624, 35.405078634945596, 9.757665545488235
63.000000000000625, 35.05921428776321, 10.059530144044222
63.10000000000063, 34.69570242098502, 10.363378318020862
63.20000000000063, 34.315053346203385, 10.668461240508654
63.30000000000063, 33.91785899734002, 10.973984844801588
63.40000000000063, 33.50479133228946, 11.27911396121317
63.50000000000063, 33.076599771414884, 11.582977215458728
63.600000000000634, 32.63410766964543, 11.884672652388293
63.700000000000635, 32.17820783994199, 12.183274029739191
63.80000000000064, 31.709857167576672, 12.477837707776434
63.90000000000064, 31.230070376268962, 12.767410042919298
64.00000000000064, 30.7399130279565, 13.051035177436336
64.10000000000063, 30.24049385706537, 13.327763103716048
64.20000000000063, 29.732956556838662, 13.596657871102748
64.30000000000062, 29.218471148916482, 13.856805796330557
64.40000000000062, 28.69822507739151, 14.107323535556612
64.50000000000061, 28.173414174592658, 14.347365877083037
64.6000000000006, 27.645233647655818, 14.576133119082199
64.7000000000006, 27.114869232485507, 14.792877905832524
64.8000000000006, 26.583488655145675, 14.996911408789341
64.90000000000059, 26.052233530365726, 15.187608754756145
65.00000000000058, 25.522211813189344, 15.364413621859603
65.10000000000058, 24.99449090343133, 15.52684194424614
65.20000000000057, 24.47009148423365, 15.674484687639318
65.30000000000057, 23.949982156364946, 15.80700967934442
65.40000000000056, 23.43507490973569, 15.924162497209727
65.50000000000055, 22.926221453620645, 16.02576644176894
65.60000000000055, 22.424210407946774, 16.111721633707024
65.70000000000054, 21.92976534028193, 16.182003294441085
65.80000000000054, 21.443543617305604, 16.23665928064601
65.90000000000053, 20.96613602589427, 16.275806953773557
66.00000000000053, 20.498067107727223, 16.299629472935493
66.10000000000052, 20.039796142612378, 16.308371603987574
66.20000000000051, 19.591718709535602, 16.302335139409095
66.30000000000051, 19.15416875064976, 16.28187402285141
66.4000000000005, 18.72742106186223, 16.247389269326167
66.5000000000005, 18.311694134116074, 16.199323767254565
66.60000000000049, 17.907153271616483, 16.13815704236489
66.70000000000049, 17.513913916834955, 16.064400056068497
66.80000000000048, 17.132045116827868, 15.97859010281652
66.90000000000047, 16.761573070941314, 15.88128586236734
67.00000000000047, 16.402484706065206, 15.77306265417154
67.10000000000046, 16.054731231999092, 15.654507932460227
67.20000000000046, 15.718231635981903, 15.526217052314808
67.30000000000045, 15.39287608183514, 15.388789329168775
67.40000000000045, 15.078529185325577, 15.242824406970064
67.50000000000044, 14.77503314315279, 15.088918943702101
67.60000000000043, 14.482210698326647, 14.92766361717371
67.70000000000043, 14.199867929563446, 14.75964044896348
67.80000000000042, 13.927796856666086, 14.585420440138224
67.90000000000042, 13.665777857653675, 14.405561508832601
68.00000000000041, 13.413581896675339, 14.220606716937498
68.1000000000004, 13.170972564502549, 14.031082770945924
68.2000000000004, 12.93770793567316, 13.837498780388255
68.3000000000004, 12.71354224819599, 13.64034525618958
68.40000000000039, 12.498227413157908, 13.440093330636337
68.50000000000038, 12.291514362649314, 13.237194180383494
68.60000000000038, 12.0931542451825, 13.032078634005304
68.70000000000037, 11.902899478262947, 12.825156945935381
68.80000000000037, 11.720504668027296, 12.616818719201891
68.90000000000036, 11.545727405921093, 12.407432960093315
69.00000000000036, 11.378328952289586, 12.197348248747524
69.10000000000035, 11.218074816527219, 11.986893010603561
69.20000000000034, 11.064735243103565, 11.776375874660841
69.30000000000034, 10.918085612380397, 11.566086105526518
69.40000000000033, 10.777906764676564, 11.356294097276166
69.50000000000033, 10.643985255543116, 11.147251918187864
69.60000000000032, 10.516113549695294, 10.939193896419795
69.70000000000032, 10.39409016052293, 10.732337237675928
69.80000000000031, 10.277719741576977, 10.526882666834306
69.9000000000003, 10.166813135914989, 10.32301508639199
70.0000000000003, 10.061187388688664, 10.12090424540583
70.10000000000029, 9.960665727876961, 9.920705413376576
70.20000000000029, 9.86507751761191, 9.722560054234673
70.30000000000028, 9.774258188113604, 9.526596496239343
70.40000000000028, 9.688049145847025, 9.33293059420001
70.50000000000027, 9.60629766713739, 9.141666380971833
70.60000000000026, 9.528856778132422, 8.95289670566806
70.70000000000026, 9.455585123678663, 8.76670385647359
70.80000000000025, 9.38634682738463, 8.583160166339326
70.90000000000025, 9.321011344874453, 8.402328600189032
71.00000000000024, 9.259453311990844, 8.224263322582349
71.10000000000024, 9.201552389484307, 8.049010245052587
71.20000000000023, 9.147193105525186, 7.8766075525790455
71.30000000000022, 9.096264697194632, 7.707086208863768
71.40000000000022, 9.048660951948724, 7.540470440264705
71.50000000000021, 9.00428004990531, 7.376778198393939
71.60000000000021, 8.963024407673911, 7.216021601523436
71.7000000000002, 8.92480052433453, 7.0582073550540265
71.8000000000002, 8.889518830069381, 6.903337151398372
71.90000000000019, 8.857093537862019, 6.751408049707274
72.00000000000018, 8.827442498599208, 6.602412835932922
72.10000000000018, 8.800487059841624, 6.456340363774189
72.20000000000017, 8.776151928468954, 6.313175877089331
72.30000000000017, 8.754365037352118, 6.1729013143919325
72.40000000000016, 8.735057416159721, 6.035495596067872
72.50000000000016, 8.718163066366202, 5.900934894965631
72.60000000000015, 8.703618840495382, 5.769192891020401
72.70000000000014, 8.691364325603981, 5.6402410105751475
72.80000000000014, 8.681341730985174, 5.514048651059799
72.90000000000013, 8.673495780051438, 5.3905833916838395
73.00000000000013, 8.667773606338674, 5.269811190788382
73.10000000000012, 8.664124653559188, 5.151696570491841
73.20000000000012, 8.662500579619442, 5.036202789249216
73.30000000000011, 8.662855164509093, 4.923292002928981
73.4000000000001, 8.665144221960324, 4.812925414994235
73.5000000000001, 8.669325514770943, 4.705063416356313
73.6000000000001, 8.675358673680385, 4.599665715449741
73.70000000000009, 8.683205119685006, 4.496691459057727
73.80000000000008, 8.692827989677216, 4.396099344397103
73.90000000000008, 8.704192065292212, 4.29784772295145
74.00000000000007, 8.71726370484601, 4.201894696520789
74.10000000000007, 8.732010778249254, 4.108198205936066
74.20000000000006, 8.748402604782354, 4.016716112866753
74.30000000000005, 8.766409893619398, 3.927406275130304
74.40000000000005, 8.786004686990198, 3.8402266158929943
74.50000000000004, 8.807160305872461, 3.7551351871330003
74.60000000000004, 8.829851298108496, 3.6720902277183387
74.70000000000003, 8.85405338884392, 3.5910502164346516
74.80000000000003, 8.87974343318878, 3.5119739202807585
74.90000000000002, 8.906899371004553, 3.434820438333386
75.00000000000001, 8.93550018372371, 3.359549241466669
75.10000000000001, 8.965525853111874, 3.286120208196702
75.2, 8.996957321885553, 3.214493656906848
75.3, 9.029776456101958, 3.144630374695433
75.39999999999999, 9.063966009240398, 3.0764916430740747
75.49999999999999, 9.099509587898046, 3.0100392607320656
75.59999999999998, 9.136391619025861, 2.9452355635699847
75.69999999999997, 9.174597318633573, 2.88204344219409
75.79999999999997, 9.21411266189557, 2.8204263570519013
75.89999999999996, 9.254924354592385, 2.7603483513788554
75.99999999999996, 9.297019805825371, 2.701774062115864
76.09999999999995, 9.340387101944776, 2.6446687289480884
76.19999999999995, 9.385014981634082, 2.5889982016061914
76.29999999999994, 9.430892812096078, 2.5347289455627644
76.39999999999993, 9.47801056628844, 2.4818280462485163
76.49999999999993, 9.526358801159082, 2.430263211905098
76.59999999999992, 9.575928636833696, 2.380002775184202
76.69999999999992, 9.626711736710144, 2.331015693595657
76.79999999999991, 9.678700288416344, 2.283271548900781
76.8999999999999, 9.731886985590402, 2.2367405455410805
76.9999999999999, 9.78626501044355, 2.1913935081866294
77.0999999999999, 9.841828017068268, 2.1472018784829583
77.19999999999989, 9.898570115455833, 2.1041377110701585
77.29999999999988, 9.956485856188944, 2.0621736689430454
77.39999999999988, 10.01557021577698, 2.021283018216627
77.49999999999987, 10.075818582602619, 1.9814396223568478
77.59999999999987, 10.137226743450256, 1.9426179359325069
77.69999999999986, 10.199790870587856, 1.9047929979404263
77.79999999999986, 10.263507509375213, 1.8679404247523863
77.89999999999985, 10.328373566372878, 1.832036402728945
77.99999999999984, 10.394386297927117, 1.7970576805421183
78.09999999999984, 10.461543299207419, 1.7629815612458992
78.19999999999983, 10.52984249367411, 1.7297858941308317
78.29999999999983, 10.599282122954651, 1.6974490663962158
78.39999999999982, 10.669860737108113, 1.665949994671079
78.49999999999982, 10.741577185258272, 1.6352681164127427
78.59999999999981, 10.814430606576575, 1.6053833812096643
78.6999999999998, 10.888420421597079, 1.576276242013214
78.7999999999998, 10.96354632384616, 1.5479276463211649
78.89999999999979, 11.039808271770582, 1.5203190273339005
78.99999999999979, 11.117206480948177, 1.493432295102711
79.09999999999978, 11.195741416565989, 1.4672498276879915
79.19999999999978, 11.275413786151367, 1.4417544623437344
79.29999999999977, 11.356224532542116, 1.4169294867433595
79.39999999999976, 11.438174827082248, 1.3927586302606776
79.49999999999976, 11.521266063030408, 1.3692260553186208
79.59999999999975, 11.605499849168638, 1.3463163488172945
79.69999999999975, 11.69087800359938, 1.3240145136518953
79.79999999999974, 11.77740254771922, 1.302305960330108
79.89999999999974, 11.86507570035811, 1.2811764986977292
79.99999999999973, 11.953899872073304, 1.260612329780463
80.09999999999972, 12.04387765958745, 1.240600037749093
80.19999999999972, 12.135011840360681, 1.2211265820145478
80.29999999999971, 12.22730536728675, 1.2021792894587506
80.39999999999971, 12.320761363503594, 1.1837458468065525
80.4999999999997, 12.415383117308902, 1.1658142931435282
80.5999999999997, 12.511174077171466, 1.1483730125839149
80.69999999999969, 12.608137846829345, 1.131410727092527
80.79999999999968, 12.70627818046595, 1.114916489464086
80.89999999999968, 12.805598977955444, 1.0988796764630129
80.99999999999967, 12.906104280168831, 1.0832899821264217
81.09999999999967, 13.007798264332333, 1.0681374112327353
81.19999999999966, 13.110685239429705, 1.0534122729380833
81.29999999999966, 13.214769641640224, 1.0391051745824025
81.39999999999965, 13.320056029804089, 1.0252070156669562
81.49999999999964, 13.426549080907106, 1.0117089820047942
81.59999999999964, 13.534253585576442, 0.9986025400455382
81.69999999999963, 13.643174443579321, 0.9858794313757215
81.79999999999963, 13.753316659316416, 0.9735316673958314
81.89999999999962, 13.864685337301772, 0.9615515241750938
81.99999999999962, 13.97728567762089, 0.949931537484989
82.09999999999961, 14.091122971358686, 0.9386644980124412
82.1999999999996, 14.206202595988795, 0.927743446753599
82.2999999999996, 14.322530010715637, 0.9171616705891247
82.3999999999996, 14.440110751760583, 0.9069126980419218
82.49999999999959, 14.558950427583234, 0.8969902952182645
82.59999999999958, 14.67905471402883, 0.8873884619333433
82.69999999999958, 14.800429349392521, 0.8781014280223134
82.79999999999957, 14.923080129390945, 0.8691236498380073
82.89999999999957, 15.047012902031426, 0.860449806936593
82.99999999999956, 15.172233562368783, 0.8520747989525591
83.09999999999955, 15.298748047139437, 0.8439937426645595
83.19999999999955, 15.426562329262158, 0.8362019692537933
83.29999999999954, 15.555682412194535, 0.8286950217567698
83.39999999999954, 15.68611432413379, 0.8214686527144954
83.49999999999953, 15.817864112050142, 0.8145188220203144
83.59999999999953, 15.950937835540635, 0.8078416949688717
83.69999999999952, 16.085341560490665, 0.8014336405088839
83.79999999999951, 16.22108135253013, 0.7952912297026821
83.89999999999951, 16.358163270270463, 0.7894112343957473
83.9999999999995, 16.496593358308377, 0.7837906260997657
84.0999999999995, 16.636377639981347, 0.7784265750930365
84.19999999999949, 16.77752210985942, 0.7733164497424041
84.29999999999949, 16.92003272595712, 0.7684578160512405
84.39999999999948, 17.063915401648522, 0.7638484374383774
84.49999999999947, 17.209175997267838, 0.7594862747532952
84.59999999999947, 17.35582031137688, 0.7553694865332928
84.69999999999946, 17.50385407168011, 0.7514964295088116
84.79999999999946, 17.653282925566927, 0.7478656593635711
84.89999999999945, 17.804112430259778, 0.7444759317566638
84.99999999999945, 17.956348042545848, 0.7413262036142977
85.09999999999944, 18.10999510806874, 0.7384156346994322
85.19999999999943, 18.265058850155636, 0.7357435894681469
85.29999999999943, 18.421544358153806, 0.7333096392222124
85.39999999999942, 18.579456575249573, 0.731113564567992
85.49999999999942, 18.738800285740748, 0.7291553581924997
85.59999999999941, 18.899580101732823, 0.7274352279681837
85.6999999999994, 19.061800449226926, 0.725953600398783
85.7999999999994, 19.22546555356641, 0.7247111244194169
85.8999999999994, 19.390579424206994, 0.7237086755649511
85.99999999999939, 19.55714583877348, 0.7229473605215861
86.09999999999938, 19.72516832636414, 0.7224285220775863
86.19999999999938, 19.894650150061896, 0.7221537444900856
86.29999999999937, 20.065594288609066, 0.7221248592859784
86.39999999999937, 20.238003417200243, 0.722343951516042
86.49999999999936, 20.411879887345307, 0.7228133664826271
86.59999999999935, 20.58722570575219, 0.723535716962512
86.69999999999935, 20.76404251217596, 0.7245138909478505
86.79999999999934, 20.942331556178257, 0.7257510599295298
86.89999999999934, 21.1220936727378, 0.7272506877487382
86.99999999999933, 21.303329256649537, 0.7290165400440826
87.09999999999933, 21.48603823564664, 0.7310526943232357
87.19999999999932, 21.670220042176023, 0.7333635506897991
87.29999999999932, 21.85587358375413, 0.7359538432578785
87.39999999999931, 22.04299721182579, 0.7388286522887573
87.4999999999993, 22.23158868904496, 0.7419934170860445
87.5999999999993, 22.42164515489141, 0.7454539496877616
87.69999999999929, 22.613163089533, 0.7492164493960131
87.79999999999929, 22.806138275838272, 0.7532875181871882
87.89999999999928, 23.000565759438818, 0.757674177048021
87.99999999999928, 23.1964398067357, 0.7623838832853541
88.09999999999927, 23.39375386073824, 0.7674245488600611
88.19999999999926, 23.592500494617926, 0.7728045597982995
88.29999999999926, 23.79267136285352, 0.7785327967361128
88.39999999999925, 23.99425714983743, 0.7846186566563315
88.49999999999925, 24.197247515806172, 0.7910720758797936
88.59999999999924, 24.401631039950797, 0.7979035543760395
88.69999999999924, 24.60739516055593, 0.8051241814619204
88.79999999999923, 24.81452611200806, 0.8127456629598925
88.89999999999922, 25.023008858505854, 0.8207803498912234
88.99999999999922, 25.232827024297055, 0.8292412687828438
89.09999999999921, 25.44396282025765, 0.8381421536701608
89.1999999999992, 25.656396966620466, 0.8474974798817705
89.2999999999992, 25.870108611650863, 0.8573224996956558
89.3999999999992, 26.085075246058256, 0.8676332799601087
89.49999999999919, 26.30127261292197, 0.878446741776231
89.59999999999918, 26.518674612901005, 0.8897807023424303
89.69999999999918, 26.737253204486542, 0.9016539190647763
89.79999999999917, 26.956978299046696, 0.9140861360403791
89.89999999999917, 27.177817650402655, 0.9270981330240415
89.99999999999916, 27.399736738665652, 0.940711776991236
90.09999999999916, 27.622698648054097, 0.9549500764129184
90.19999999999915, 27.846663938401207, 0.9698372383596913
90.29999999999914, 28.07159051005376, 0.9853987285542936
90.39999999999914, 28.2974334618544, 1.0016613344921728
90.49999999999913, 28.524144941891798, 1.0186532317499064
90.59999999999913, 28.751673990696215, 1.0364040536002441
90.69999999999912, 28.9799663765518, 1.0549449640504538
90.79999999999912, 29.208964422592768, 1.074308734417209
90.89999999999911, 29.438606825347875, 1.0945298235462386
90.9999999999991, 29.668828464396494, 1.1156444617781287
91.0999999999991, 29.89956020280177, 1.1376907387527229
91.1999999999991, 30.130728677990703, 1.1607086951331573
91.29999999999909, 30.362256082758858, 1.184740418316357
91.39999999999908, 30.594059936089693, 1.2098301421793876
91.49999999999908, 30.82605284349465, 1.2360243508899027
91.59999999999907, 31.058142246602383, 1.2633718867835984
91.69999999999906, 31.290230161753218, 1.2919240622814632
91.79999999999906, 31.522212907390138, 1.321734775784069
91.89999999999905, 31.7539808200807, 1.352860631438506
91.99999999999905, 31.985417959056367, 1.3853610626250357
92.09999999999904, 32.2164017992187, 1.419298458954278
92.19999999999904, 32.446802912635725, 1.4547382965008637
92.29999999999903, 32.676484638640005, 1.4917492709249274
92.39999999999903, 32.90530274274204, 1.530403433047601
92.49999999999902, 33.13310506469159, 1.57077632634952
92.59999999999901, 33.359731156157764, 1.6129471257511514
92.69999999999901, 33.58501190865598, 1.6569987769091454
92.799999999999, 33.80876917253168, 1.7030181351225118
92.899999999999, 34.03081536801632, 1.7510961027848941
92.99999999999899, 34.2509530896042, 1.8013277641430268
93.09999999999899, 34.46897470526334, 1.853812515925228
93.19999999999898, 34.684661952288245, 1.908654192186047
93.29999999999897, 34.8977855319346, 1.9659611814725737
93.39999999999897, 35.108104705344566, 2.025846534153201
93.49999999999896, 35.3153668936803, 2.088428057459695
93.59999999999896, 35.519307285835026, 2.1538283954774426
93.69999999999895, 35.71964845758727, 2.222175090976215
93.79999999999895, 35.916100006605326, 2.2936006256046144
93.89999999999894, 36.10835820829904, 2.368242434576076
93.99999999999893, 36.29610569815171, 2.446242891554035
94.09999999999893, 36.47901118684902, 2.5277492590007586
94.19999999999892, 36.6567292152495, 2.612913598791468
94.29999999999892, 36.82889995701145, 2.70189263741706
94.39999999999891, 36.995149077497864, 2.7948475796110364
94.4999999999989, 37.155087658417436, 2.8919438637464663
94.5999999999989, 37.308312198515885, 2.99335085186695
94.6999999999989, 37.45440470149745, 3.0992414467530676
94.79999999999889, 37.5929328632124, 3.2097916279975367
94.89999999999888, 37.72345037097765, 3.325179898685161
94.99999999999888, 37.84549732867785, 3.4455866339681593
95.09999999999887, 37.95860082199799, 3.5711933226169847
95.19999999999887, 38.06227563873252, 3.702181692538208
95.29999999999886, 38.1560251595641, 3.8387327113147216
95.39999999999885, 38.239342434964136, 3.981025453072844
95.49999999999885, 38.31171146389227, 4.129235823452468
95.59999999999884, 38.372608689709914, 4.283535135189166
95.69999999999884, 38.42150472811957, 4.444088527851877
95.79999999999883, 38.4578663409393, 4.611053226657975
95.89999999999883, 38.48115866805899, 4.784576637049948
95.99999999999882, 38.49084772794556, 4.964794273902821
96.09999999999881, 38.486403194507005, 5.1518275268728795
96.19999999999881, 38.46730145494381, 5.345781266522255
96.2999999999988, 38.433028949363504, 5.546741299477325
96.3999999999988, 38.38308578838346, 5.754771685004146
96.49999999999879, 38.31698963968491, 5.969911929997118
96.59999999999879, 38.234279868515806, 6.192174084442647
96.69999999999878, 38.13452191050883, 6.421539764878036
96.79999999999878, 38.0173118479497, 6.65795713912966
96.89999999999877, 37.8822811529027, 6.9013379115655455
96.99999999999876, 37.729101552518024, 7.1515543540849205
97.09999999999876, 37.55748996359024, 7.408436433907519
97.19999999999875, 37.36721343523626, 7.671769094702351
97.29999999999875, 37.15809403067922, 7.941289752465396
97.39999999999874, 36.930013571863114, 8.216686071550141
97.49999999999874, 36.68291816431301, 8.497594089092269
97.59999999999873, 36.41682241464775, 8.78359675746369
97.69999999999872, 36.131813249797226, 9.074222974065245
97.79999999999872, 35.82805324562311, 9.368947165470479
97.89999999999871, 35.50578337359754, 9.66718948845771
97.9999999999987, 35.16532507772451, 9.968316703666218
98.0999999999987, 34.80708160018038, 10.27164376841799
98.1999999999987, 34.43153848330136, 10.576436183685226
98.29999999999869, 34.03926318754226, 10.881913116390656
98.39999999999868, 33.63090377973496, 11.187251302453271
98.49999999999868, 33.20718666311661, 11.491589718603962
98.59999999999867, 32.7689133397752, 11.794034992474304
98.69999999999867, 32.31695621684309, 12.093667501387165
98.79999999999866, 31.852253489324692, 12.389548091307805
98.89999999999866, 31.375803154146897, 12.680725329257193
98.99999999999865, 30.888656231099365, 12.966243185869732
99.09999999999864, 30.391909285996707, 13.245149030398254
99.19999999999864, 29.886696368883825, 13.516501808970995
99.29999999999863, 29.3741804947259, 13.779380268830462
99.39999999999863, 28.85554480519035, 14.032891087040605
99.49999999999862, 28.331983557394768, 14.276176761985639
99.59999999999862, 27.804693088585612, 14.508423129971362
99.69999999999861, 27.274862904534768, 14.72886637726546
99.7999999999986, 26.74366703408736, 14.936799429684081
99.8999999999986, 26.212255783039485, 15.131577616892415
99.9999999999986, 25.681748007803844, 15.312623526344787
100.09999999999859, 25.153224013704083, 15.479430981548353
100.19999999999858, 24.6277191648948, 15.631568100335071
100.29999999999858, 24.10621827356145, 15.7686794102868
100.39999999999857, 23.589650815963115, 15.8904870196151
100.49999999999856, 23.07888700277051, 15.99679086194309
100.59999999999856, 22.574734711698824, 16.087468051951653
100.69999999999855, 22.07793727223376, 16.162471405227166
100.79999999999855, 21.589172075790692, 16.22182718950113
100.89999999999854, 21.10904997030533, 16.265632185554683
100.99999999999854, 20.638115386282188, 16.29405014425659
101.09999999999853, 20.1768471318573, 16.307307731519373
101.19999999999852, 19.725659787486304, 16.30569005551122
101.29999999999852, 19.28490562637112, 16.28953587045894
101.39999999999851, 18.8548769845319, 16.259232549097586
101.49999999999851, 18.43580900429355, 16.215210911592497
101.5999999999985, 18.027882676625193, 16.157939992934406
101.6999999999985, 17.631228110953618, 16.087921823751795
101.79999999999849, 17.245927965469317, 16.00568629155326
101.89999999999849, 16.87202097625815, 15.911786140942086
101.99999999999848, 16.509505529542807, 15.806792162638372
102.09999999999847, 16.158343227649127, 15.691288612468648
102.19999999999847, 15.818462405795653, 15.565868893060925
102.29999999999846, 15.48976156324745, 15.431131522995797
102.39999999999846, 15.172112678617584, 15.287676410749189
102.49999999999845, 14.865364385017095, 15.136101444016285
102.59999999999845, 14.569344986253494, 14.976999398991264
102.69999999999844, 14.283865300295153, 14.8109551689221
102.79999999999843, 14.00872132071662, 14.638543306766994
102.89999999999843, 13.743696690801338, 14.46032587302908
102.99999999999842, 13.4885649884062, 14.276850576802584
103.09999999999842, 13.243091822602672, 14.088649195677997
103.19999999999841, 13.00703674552939, 13.896236258367688
103.2999999999984, 12.780154984856143, 13.700107972665364
103.3999999999984, 12.562199003809129, 13.500741380577265
103.4999999999984, 12.352919896884943, 13.298593722096056
103.59999999999839, 12.152068630229765, 13.094101989067918
103.69999999999838, 11.959397136223757, 12.887682650870051
103.79999999999838, 11.774659272130021, 12.6797315341156
103.89999999999837, 11.597611652781694, 12.470623839286404
103.99999999999837, 11.428014367225307, 12.260714278016842
104.09999999999836, 11.2656315890464, 12.050337315675398
104.19999999999835, 11.11023208980298, 11.839807504881355
104.29999999999835, 10.961589664609606, 11.629419896623185
104.39999999999834, 10.819483478471412, 11.419450516689404
104.49999999999834, 10.683698341482371, 11.21015689616204
104.59999999999833, 10.554024920491305, 11.001778645741735
104.69999999999833, 10.43025989431577, 10.794538064659724
104.79999999999832, 10.312206059058788, 10.588640775876028
104.89999999999831, 10.199672389565023, 10.384276380158472
104.99999999999831, 10.092474062548233, 10.181619122478862
105.0999999999983, 9.990432446435667, 9.980828564948428
105.1999999999983, 9.89337506251158, 9.782050261242606
105.29999999999829, 9.801135521503126, 9.585416428135995
105.39999999999829, 9.713553439340298, 9.39104661038221
105.49999999999828, 9.630474335436906, 9.199048335732515
105.59999999999827, 9.551749516482955, 9.009517757393235
105.69999999999827, 9.477235948409716, 8.822540281678283
105.79999999999826, 9.406796118886113, 8.638191179022016
105.89999999999826, 9.340297892428653, 8.45653617688229
105.99999999999825, 9.27761435995495, 8.277632033387462
106.09999999999825, 9.218623684382427, 8.10152709086678
106.19999999999824, 9.163208943666913, 7.928261808654633
106.29999999999824, 9.111257972489588, 7.757869274778321
106.39999999999823, 9.062663203633496, 7.590375696329221
106.49999999999822, 9.017321509940965, 7.425800868481351
106.59999999999822, 8.975134047609771, 7.264158622261675
106.69999999999821, 8.936006101466837, 7.105457251295818
106.7999999999982, 8.89984693275298, 6.949699917853052
106.8999999999982, 8.866569629858892, 6.7968850385978365
106.9999999999982, 8.83609096237055, 6.647006650523591
107.09999999999819, 8.808331238709995, 6.500054757599512
107.19999999999818, 8.783214167594496, 6.356015658704742
107.29999999999818, 8.760666723481863, 6.214872257457536
107.39999999999817, 8.740619016122217, 6.07660435457137
107.49999999999817, 8.723004164294885, 5.941188923386709
107.59999999999816, 8.707758173773811, 5.808600369236982
107.69999999999816, 8.694819819534361, 5.678810773311698
107.79999999999815, 8.684130532188513, 5.551790121678865
107.89999999999814, 8.67563428861357, 5.427506520124192
107.99999999999814, 8.669277506721308, 5.305926395456179
108.09999999999813, 8.665008944299107, 5.187014683915113
108.19999999999813, 8.662779601842344, 5.07073500731044
108.29999999999812, 8.662542629287055, 4.957049837495484
108.39999999999812, 8.664253236544031, 4.845920649771514
108.49999999999811, 8.667868607729273, 4.737308065795053
108.5999999999981, 8.673347818981133, 4.631171986543175
108.6999999999981, 8.680651759751209, 4.5274717158719575
108.7999999999981, 8.689743057454015, 4.426166075183154
108.89999999999809, 8.700586005359275, 4.327213509693901
108.99999999999808, 8.713146493610594, 4.230572186783976
109.09999999999808, 8.727391943254542, 4.13620008687485
109.19999999999807, 8.743291243165448, 4.044055087274896
109.29999999999806, 8.760814689752646, 3.9540950394052654
109.39999999999806, 8.779933929338995, 3.8662778398017914
109.49999999999805, 8.800621903101781, 3.780561495269279
109.59999999999805, 8.822852794469663, 3.6969041825462825
109.69999999999804, 8.846601978872275, 3.615264302820603
109.79999999999804, 8.87184597574185, 3.535600531418501
109.89999999999803, 8.898562402669528, 3.457871862973944
109.99999999999802, 8.926729931622038, 3.382037652368201
110.09999999999802, 8.956328247127669, 3.3080576517146
110.19999999999801, 8.98733800634377, 3.2358920436484833
110.29999999999801, 9.019740800921136, 3.1655014711681697
110.399999999998, 9.053519120583882, 3.096847064259148
110.499999999998, 9.088656318346663, 3.0298904635207045
110.59999999999799, 9.12513657729405, 2.9645938410018227
110.69999999999798, 9.162944878850103, 2.900919918441308
110.79999999999798, 9.202066972469074, 2.83883198309589
110.89999999999797, 9.242489346681106, 2.778293901329263
110.99999999999797, 9.284199201429614, 2.7192701301249014
111.09999999999796, 9.32718442163979, 2.661725726675754
111.19999999999796, 9.371433551960408, 2.6056263561947794
111.29999999999795, 9.416935772623406, 2.550938298081533
111.39999999999795, 9.463680876368551, 2.4976284505718014
111.49999999999794, 9.511659246382624, 2.4456643339894306
111.59999999999793, 9.560861835204836, 2.3950140927121395
111.69999999999793, 9.611280144552607, 2.3456464959560592
111.79999999999792, 9.662906206023642, 2.297530937477194
111.89999999999792, 9.715732562632516, 2.2506374342816997
111.99999999999791, 9.769752251141725, 2.2049366244310153
112.0999999999979, 9.824958785149116, 2.1603997640223054
112.1999999999979, 9.881346138895267, 2.1169987234194343
112.2999999999979, 9.938908731756213, 2.074705982804739
112.39999999999789, 9.99764141338836, 2.033494627117216
112.49999999999788, 10.057539449494044, 1.9933383404383471
112.59999999999788, 10.11859850817768, 1.954211399882667
112.69999999999787, 10.1808146468637, 1.9160886690462717
112.79999999999787, 10.24418429974896, 1.8789455910628428
112.89999999999786, 10.308704265763426, 1.8427581813132954
112.99999999999785, 10.374371697014187, 1.8075030198319593
113.09999999999785, 10.441184087688987, 1.7731572434491587
113.19999999999784, 10.509139263396543, 1.7396985377072116
113.29999999999784, 10.578235370921844, 1.7071051285842074
113.39999999999783, 10.648470868375775, 1.6753557740574183
113.49999999999783, 10.719844515719116, 1.6444297555358474
113.59999999999782, 10.792355365642, 1.6143068691892384
113.69999999999781, 10.866002754780636, 1.5849674171987815
113.79999999999781, 10.94078629525393, 1.55639219895287
113.8999999999978, 11.01670586650333, 1.5285625022094154
113.9999999999978, 11.093761607419946, 1.5014600942445835
114.09999999999779, 11.171953908743646, 1.475067213006221
114.19999999999779, 11.25128340571942, 1.44936655828878
114.29999999999778, 11.331750970996927, 1.4243412829451807
114.39999999999777, 11.413357707759612, 1.3999749841497793
114.49999999999777, 11.496104943070398, 1.3762516947254118
114.59999999999776, 11.579994221421344, 1.353155874546386
114.69999999999776, 11.665027298475163, 1.3306724020282632
114.79999999999775, 11.751206134986878, 1.3087865657143165
114.89999999999775, 11.838532890894353, 1.287484055967667
114.99999999999774, 11.927009919566725, 1.2667509567772766
115.09999999999773, 12.016639762200125, 1.2465737376852235
115.19999999999773, 12.10742514235044, 1.2269392458419746
115.29999999999772, 12.199368960593109, 1.2078346981957278
115.39999999999772, 12.292474289300202, 1.1892476738213051
115.49999999999771, 12.386744367525301, 1.1711661063935144
115.5999999999977, 12.482182595986968, 1.1535782768094192
115.6999999999977, 12.578792532141664, 1.13647280596347
115.7999999999977, 12.676577885337288, 1.1198386476790567
115.89999999999769, 12.775542512038582, 1.1036650817996398
115.99999999999768, 12.875690411115825, 1.0879417074422952
116.09999999999768, 12.977025719188344, 1.0726584364161753
116.19999999999767, 13.07955270601445, 1.0578054868081306
116.29999999999767, 13.183275769919552, 1.0433733767374818
116.39999999999766, 13.288199433254153, 1.0293529182817038
116.49999999999766, 13.394328337873588, 1.015735211574623
116.59999999999765, 13.501667240631306, 1.0025116390785254
116.69999999999764, 13.61022100887752, 0.9896738600314678
116.79999999999764, 13.719994615955095, 0.9772138050709559
116.89999999999763, 13.83099313668436, 0.9651236710350541
116.99999999999763, 13.943221742828692, 0.953395915941939
117.09999999999762, 14.056685698532416, 0.9420232541488434
117.19999999999762, 14.17139035572265, 0.9309986516913156
117.29999999999761, 14.287341149466549, 0.9203153218037128
117.3999999999976, 14.404543593275209, 0.909966720621847
117.4999999999976, 14.52300327434547, 0.8999465430687393
117.59999999999759, 14.64272584873055, 0.8902487189244797
117.69999999999759, 14.763717036430357, 0.8808674090812489
117.79999999999758, 14.885982616391999, 0.8717970019846513
117.89999999999758, 15.00952842141091, 0.8630321102625911
117.99999999999757, 15.134360332922576, 0.854567567543045
118.09999999999756, 15.260484275674722, 0.8463984254622205
118.19999999999756, 15.387906212269405, 0.838519950864725
118.29999999999755, 15.516632137564137, 0.8309276231975443
118.39999999999755, 15.646668072920804, 0.8236171320998085
118.49999999999754, 15.778020060290794, 0.8165843751905172
118.59999999999754, 15.910694156124212, 0.809825456056617
118.69999999999753, 16.044696425090738, 0.8033366824440543
118.79999999999752, 16.18003293359907, 0.7971145646546761
118.89999999999752, 16.316709743101487, 0.7911558141521243
118.99999999999751, 16.454732903169408, 0.7854573423801536
119.09999999999751, 16.594108444325325, 0.7800162597971131
119.1999999999975, 16.73484237061572, 0.7748298751306597
119.2999999999975, 16.876940651909095, 0.7698956948571177
119.39999999999749, 17.02040921590232, 0.7652114229102702
119.49999999999748, 17.165253939817884, 0.7607749606247667
119.59999999999748, 17.311480641773766, 0.7565844069197368
119.69999999999747, 17.459095071806832, 0.7526380587286536
119.79999999999747, 17.608102902529595, 0.7489344116819456
119.89999999999746, 17.758509719399427, 0.7454721610493633
119.99999999999746, 17.910321010578222, 0.7422502029496162
120.09999999999745, 18.063542156359166, 0.7392676358353583
120.19999999999744, 18.218178418136574, 0.7365237622621782
120.29999999999744, 18.374234926893063, 0.7340180909508689
120.39999999999743, 18.53171667117743, 0.7317503391529047
120.49999999999743, 18.690628484544952, 0.7297204353297352
120.59999999999742, 18.850975032430387, 0.7279285221572394
120.69999999999742, 19.012760798422754, 0.7263749598674465
120.79999999999741, 19.17599006990878, 0.7250603299404339
120.8999999999974, 19.340666923050712, 0.7239854391601769
120.9999999999974, 19.506795207062023, 0.7231513240490155
121.0999999999974, 19.674378527742757, 0.7225592556963614
121.19999999999739, 19.84342023023419, 0.7222107449982652
121.29999999999738, 20.013923380950338, 0.7221075483255281
121.39999999999738, 20.18589074864151, 0.7222516736391484
121.49999999999737, 20.359324784542746, 0.7226453870730805
121.59999999999737, 20.53422760155753, 0.7232912200055123
121.69999999999736, 20.71060095242407, 0.7241919766411817
121.79999999999735, 20.888446206809313, 0.7253507421286235
121.89999999999735, 21.067764327272037, 0.7267708912376905
121.99999999999734, 21.24855584403386, 0.7284560976242205
122.09999999999734, 21.430820828493275, 0.730410343710318
122.19999999999733, 21.61455886541448, 0.7326379312104221
122.29999999999733, 21.79976902371893, 0.7351434923350957
122.39999999999732, 21.986449825803735, 0.7379320017063473
122.49999999999731, 22.174599215306763, 0.7410087890202475
122.59999999999731, 22.364214523234164, 0.7443795524946679
122.6999999999973, 22.55529243236114, 0.7480503731421192
122.7999999999973, 22.74782893981231, 0.7520277299099287
122.89999999999729, 22.941819317722743, 0.7563185157323578
122.99999999999729, 23.13725807187538, 0.760930054541735
123.09999999999728, 23.334138898205197, 0.7658701192882597
123.19999999999727, 23.53245463705442, 0.771146951020818
123.29999999999727, 23.73219722505702, 0.776769279083963
123.39999999999726, 23.93335764452419, 0.78274634248911
123.49999999999726, 24.13592587019613, 0.7890879125210329
123.59999999999725, 24.33989081321792, 0.7958043166438619
123.69999999999725, 24.54524026219049, 0.8029064637740182
123.79999999999724, 24.75196082113957, 0.8104058709908513
123.89999999999723, 24.96003784423808, 0.818314691759144
123.99999999999723, 25.169455367108704, 0.826645745741167
124.09999999999722, 25.380196034525355, 0.8354125502795061
124.19999999999722, 25.59224102432299, 0.8446293536355044
124.29999999999721, 25.80556996731665, 0.8543111700718105
124.3999999999972, 26.020160863020767, 0.8644738168711662
124.4999999999972, 26.23598999095082, 0.875133953387207
124.5999999999972, 26.4530318172792, 0.8863091222266272
124.69999999999719, 26.67125889660759, 0.8980177926655472
124.79999999999718, 26.890641768608223, 0.9102794064062741
124.89999999999718, 27.111148849276077, 0.923114425783799
124.99999999999717, 27.332746316524485, 0.9365443845342728
125.09999999999717, 27.555397989846625, 0.9505919412402765
125.19999999999716, 27.779065203755618, 0.9652809355698442
125.29999999999715, 28.003706674707054, 0.9806364474278388
125.39999999999715, 28.229278361198478, 0.9966848591392865
125.49999999999714, 28.455733316732854, 1.0134539207845166
125.59999999999714, 28.683021535325064, 1.0309728188052973
125.69999999999713, 28.911089789224864, 1.04927224799941
125.79999999999713, 29.139881458524393, 1.0683844870180854
125.89999999999712, 29.369336352315237, 1.0883434774762217
125.99999999999712, 29.599390521058574, 1.1091849067790411
126.09999999999711, 29.829976059832795, 1.1309462947605613
126.1999999999971, 30.061020902126923, 1.1536670842186427
126.2999999999971, 30.292448603854726, 1.1773887354180395
126.39999999999709, 30.524178117275298, 1.202154824616464
126.49999999999709, 30.756123554521032, 1.2280111466487058
126.59999999999708, 30.98819394045379, 1.2550058215798165
126.69999999999708, 31.22029295459658, 1.2831894054097752
126.79999999999707, 31.452318661920437, 1.3126150047781975
126.89999999999706, 31.68416323230713, 1.3433383955779292
126.99999999999706, 31.915712648557367, 1.3754181453399947
127.09999999999705, 32.14684640287382, 1.4089157391985465
127.19999999999705, 32.37743718181873, 1.4438957091822484
127.29999999999704, 32.607350539829554, 1.4804257665070415
127.39999999999704, 32.83644456147373, 1.5185769364633055
127.49999999999703, 33.064569512737656, 1.5584236953970327
127.59999999999702, 33.291567481776774, 1.600044109178501
127.69999999999702, 33.517272009705245, 1.6435199724317804
127.79999999999701, 33.741507712177935, 1.6889369476629423
127.89999999999701, 33.964089892715215, 1.736384703272599
127.999999999997, 34.18482414894616, 1.7859570492680146
128.099999999997, 34.4035059732, 1.8377520692999694
128.199999999997, 34.619920349161426, 1.8918722474384626
128.299999999997, 34.833841346625945, 1.9484245878677575
128.399999999997, 35.045031716748575, 2.007520725423946
128.499999999997, 35.25324249057577, 2.0692770246159684
128.59999999999698, 35.45821258408966, 2.133814664462975
128.69999999999698, 35.659668413475224, 2.2012597061463977
128.79999999999697, 35.85732352484984, 2.2717431401139425
128.89999999999696, 36.05087824326946, 2.3454009088851975
128.99999999999696, 36.24001934644726, 2.4223739013956447
129.09999999999695, 36.424419769291234, 2.5028079142793573
129.19999999999695, 36.603738346080874, 2.5868535750333463
129.29999999999694, 36.77761959786202, 2.67466622153232
129.39999999999694, 36.94569357343443, 2.766405731877011
129.49999999999693, 37.10757575313565, 2.8622362980692033
129.59999999999692, 37.26286702547594, 2.9623261365211158
129.69999999999692, 37.4111537475433, 3.0668471279371907
129.7999999999969, 37.55200790095809, 3.1759743786659733
129.8999999999969, 37.68498735599826, 3.2898856952253084
129.9999999999969, 37.80963625731391, 3.4087609633746268
130.0999999999969, 37.92548554538035, 3.5327814228663112
130.1999999999969, 38.03205362846909, 3.6621288288798417
130.29999999999688, 38.12884722041269, 3.796984491156813
130.39999999999688, 38.21536235976016, 3.937528182044596
130.49999999999687, 38.29108562602015, 4.083936905057005
130.59999999999687, 38.355495568519515, 4.236383516210139
130.69999999999686, 38.408064362909826, 4.395035191330944
130.79999999999686, 38.448259709479444, 4.560051733806347
130.89999999999685, 38.47554698611002, 4.731583718883207
130.99999999999685, 38.48939166689938, 4.909770472683232
131.09999999999684, 38.48926201509525, 5.094737886597502
131.19999999999683, 38.474632055995585, 5.2865960707017186
131.29999999999683, 38.44498483182494, 5.485436853305123
131.39999999999682, 38.39981593625845, 5.691331137720724
131.49999999999682, 38.33863732121645, 5.904326131813143
131.5999999999968, 38.26098136279816, 6.124442470814677
131.6999999999968, 38.166405166785474, 6.351671259248044
131.7999999999968, 38.05449508708925, 6.585971063477174
131.8999999999968, 37.92487142291881, 6.827264892316324
131.9999999999968, 37.7771932524618, 7.075437209122166
132.09999999999678, 37.611163352637476, 7.330331024699321
132.19999999999678, 37.426533146242406, 7.591745125960859
132.29999999999677, 37.223107609799364, 7.859431500365071
132.39999999999677, 37.000750067938085, 8.133093020437462
132.49999999999676, 36.759386793503744, 8.412381455903104
132.59999999999675, 36.499011327150804, 8.696895882813237
132.69999999999675, 36.219688426290396, 8.986181559270346
132.79999999999674, 35.9215575512682, 9.279729335677228
132.89999999999674, 35.604835796878895, 9.57697566363542
132.99999999999673, 35.26982018005447, 9.877303261529105
133.09999999999673, 34.91688920000811, 10.180042486359222
133.19999999999672, 34.54650359540104, 10.484473450535344
133.29999999999671, 34.15920623424755, 10.789828909191607
133.3999999999967, 33.75562108618354, 11.095297928382067
133.4999999999967, 33.336451243167964, 11.400030327563401
133.5999999999967, 32.902475973299765, 11.703141871536443
133.6999999999967, 32.45454681272559, 12.003720168043897
133.7999999999967, 31.99358272197798, 12.300831208147219
133.89999999999668, 31.52056435482254, 12.593526468027452
133.99999999999667, 31.03652750904127, 12.880850473696192
134.09999999999667, 30.54255584875342, 13.16184871497733
134.19999999999666, 30.039773006096148, 13.435575782691553
134.29999999999666, 29.529334185640156, 13.701103593819301
134.39999999999665, 29.012417407175718, 13.957529563986032
134.49999999999665, 28.490214530983472, 14.203984585204894
134.59999999999664, 27.963922214072376, 14.439640669552167
134.69999999999663, 27.434732945973966, 14.663718126282363
134.79999999999663, 26.903826308566597, 14.875492150572793
134.89999999999662, 26.372360596284814, 15.074298716213413
134.99999999999662, 25.84146492133866, 15.259539681571733
135.0999999999966, 25.312231913756797, 15.430687037396106
135.1999999999966, 24.78571110881975, 15.58728624572914
135.2999999999966, 24.26290309547956, 15.728958640606528
135.3999999999966, 23.744754479418514, 15.85540288254253
135.4999999999966, 23.232153694220102, 15.966395479323525
135.59999999999658, 22.7259276744078, 16.06179040469661
135.69999999999658, 22.22683938547199, 16.14151786360604
135.79999999999657, 21.735586188976992, 16.205582267276128
135.89999999999657, 21.25279900582823, 16.25405949337449
135.99999999999656, 20.779042228074257, 16.287093515560365
136.09999999999656, 20.31481431938728, 16.304892492898535
136.19999999999655, 19.860549036663276, 16.307724412987273
136.29999999999654, 19.416617199961006, 16.295912383389858
136.39999999999654, 18.983328935122245, 16.269829664333127
136.49999999999653, 18.560936312681438, 16.229894531958287
136.59999999999653, 18.1496363078268, 16.176565056026096
136.69999999999652, 17.7495740089334, 16.110333869255463
136.79999999999652, 17.36084600625152, 16.03172299776995
136.8999999999965, 16.98350389740236, 15.941278813785152
136.9999999999965, 16.617557852120594, 15.839567163004379
137.0999999999965, 16.2629801849251, 15.727168710479734
137.1999999999965, 15.919708890858617, 15.604674540176172
137.2999999999965, 15.587651105910048, 15.47268203534167
137.39999999999648, 15.266686460050893, 15.331791059186838
137.49999999999648, 14.95667029684361, 15.182600448421852
137.59999999999647, 14.657436739212976, 15.025704825958758
137.69999999999646, 14.368801586139353, 14.861691733601575
137.79999999999646, 14.090565029689326, 14.691139080825264
137.89999999999645, 13.822514185923094, 14.51461290177396
137.99999999999645, 13.564425436805365, 14.332665409357212
138.09999999999644, 13.316066583310496, 14.14583333274479
138.19999999999644, 13.077198812476976, 13.954636522600264
138.29999999999643, 12.847578483264686, 13.759576806990182
138.39999999999642, 12.62695873773881, 13.561137079994417
138.49999999999642, 12.41509094538962, 13.359780604560097
138.5999999999964, 12.211725989340655, 13.155950511022853
138.6999999999964, 12.01661540384315, 12.950069472905323
138.7999999999964, 11.82951237284305, 12.74253954203781
138.8999999999964, 11.650172599579175, 12.533742125678948
138.9999999999964, 11.478355057163292, 12.324038089099437
139.09999999999638, 11.313822629938493, 12.113767967988656
139.19999999999638, 11.156342655141936, 11.903252276017689
139.29999999999637, 11.00568737403726, 11.692791893912691
139.39999999999637, 10.861634301254902, 11.482668527434278
139.49999999999636, 10.723966520604177, 11.27314522270137
139.59999999999636, 10.592472915116398, 11.06446692832447
139.69999999999635, 10.466948338557538, 10.85686109481038
139.79999999999634, 10.34719373512334, 10.650538302658104
139.89999999999634, 10.233016213508497, 10.445692911476169
139.99999999999633, 10.124229081032109, 10.242503723309875
