Time, InitialDerivativeIntegrator1_init_cond, InitialDerivativeIntegrator1_t_o, x1, x2
0, 0, 2, 0, 2
0.01, 0, 2, 0.009950166666666666, 1.99
0.02, 0, 2, 0.01980132751663889, 1.980149335
0.03, 0, 2, 0.029554467674293747, 1.9703966857585276
0.04, 0, 2, 0.03921056246185658, 1.9607410770024492
0.05, 0, 2, 0.04877057749693403, 1.951181543162762
0.060000000000000005, 0, 2, 0.05823546878907662, 1.9417171282780352
0.07, 0, 2, 0.06760618283538052, 1.9323468858988142
0.08, 0, 2, 0.076883656715138, 1.9230698789929732
0.09, 0, 2, 0.08606881818354625, 1.9138851798520133
0.09999999999999999, 0, 2, 0.09516258576448361, 1.9047918699982893
0.10999999999999999, 0, 2, 0.1041658688423627, 1.8957890400931612
0.11999999999999998, 0, 2, 0.11307956775306972, 1.8868757898460609
0.12999999999999998, 0, 2, 0.12190457387399872, 1.878051227924461
0.13999999999999999, 0, 2, 0.13064176971319014, 1.8693144718647412
0.15, 0, 2, 0.13929202899758228, 1.8606646479839417
0.16, 0, 2, 0.14785621676038482, 1.8521008912923935
0.17, 0, 2, 0.15633518942758287, 1.8436223454072191
0.18000000000000002, 0, 2, 0.1647297949035802, 1.835228162466693
0.19000000000000003, 0, 2, 0.1730408726559904, 1.8269175030454556
0.20000000000000004, 0, 2, 0.18126925379958453, 1.8186895360705695
0.21000000000000005, 0, 2, 0.18941576117940304, 1.8105434387384114
0.22000000000000006, 0, 2, 0.19748120945304112, 1.802478396432391
0.23000000000000007, 0, 2, 0.20546640517211512, 1.7944936026414893
0.24000000000000007, 0, 2, 0.2133721468629184, 1.786588258879606
0.25000000000000006, 0, 2, 0.22119922510627454, 1.7787615746057108
0.26000000000000006, 0, 2, 0.22894842261659626, 1.7710127671447882
0.2700000000000001, 0, 2, 0.23662051432015735, 1.7633410616095697
0.2800000000000001, 0, 2, 0.24421626743258606, 1.7557456908230442
0.2900000000000001, 0, 2, 0.2517364415355873, 1.7482258952417398
0.3000000000000001, 0, 2, 0.25918178865290126, 1.7407809228797686
0.3100000000000001, 0, 2, 0.2665530533255068, 1.7334100292336276
0.3200000000000001, 0, 2, 0.2738509726860758, 1.7261124772077483
0.3300000000000001, 0, 2, 0.2810762765326872, 1.718887537040785
0.34000000000000014, 0, 2, 0.28822968740180754, 1.7117344862326398
0.35000000000000014, 0, 2, 0.295311920640545, 1.7046526094722105
0.36000000000000015, 0, 2, 0.3023236844781848, 1.6976411985658606
0.37000000000000016, 0, 2, 0.3092656800970128, 1.690699552366597
0.38000000000000017, 0, 2, 0.31613860170243413, 1.6838269767039573
0.3900000000000002, 0, 2, 0.32294313659239465, 1.6770227843145902
0.4000000000000002, 0, 2, 0.32967996522611087, 1.6702862947735293
0.4100000000000002, 0, 2, 0.33634976129211686, 1.6636168344261502
0.4200000000000002, 0, 2, 0.34295319177563344, 1.6570137363208044
0.4300000000000002, 0, 2, 0.34949091702526724, 1.650476340142123
0.4400000000000002, 0, 2, 0.3559635908190463, 1.6440039921449854
0.45000000000000023, 0, 2, 0.36237186042979835, 1.6375960450891442
0.46000000000000024, 0, 2, 0.36871636668987845, 1.6312518581744997
0.47000000000000025, 0, 2, 0.37499774405525305, 1.6249707969770204
0.48000000000000026, 0, 2, 0.38121662066894596, 1.6187522333852995
0.49000000000000027, 0, 2, 0.38737361842385315, 1.6125955455377436
0.5000000000000002, 0, 2, 0.39346935302493274, 1.6065001177603855
0.5100000000000002, 0, 2, 0.39950443405077585, 1.6004653405053166
0.5200000000000002, 0, 2, 0.40547946501456494, 1.594490610289732
0.5300000000000002, 0, 2, 0.41139504342442584, 1.5885753296355807
0.5400000000000003, 0, 2, 0.4172517608431789, 1.5827189070098184
0.5500000000000003, 0, 2, 0.4230502029474958, 1.576920756765253
0.5600000000000003, 0, 2, 0.42879094958646774, 1.5711802990819792
0.5700000000000003, 0, 2, 0.4344745748395908, 1.565496959909397
0.5800000000000003, 0, 2, 0.4401016470741744, 1.5598701709088052
0.5900000000000003, 0, 2, 0.44567272900217847, 1.5542993693965674
0.6000000000000003, 0, 2, 0.4511883777364853, 1.5487839982878433
0.6100000000000003, 0, 2, 0.45664914484661095, 1.5433235060408796
0.6200000000000003, 0, 2, 0.462055576413863, 1.5379173466018552
0.6300000000000003, 0, 2, 0.46740821308594904, 1.5325649793502756
0.6400000000000003, 0, 2, 0.4727075901310417, 1.5272658690449106
0.6500000000000004, 0, 2, 0.4779542374913061, 1.5220194857702687
0.6600000000000004, 0, 2, 0.4831486798358947, 1.516825304883607
0.6700000000000004, 0, 2, 0.48829143661341423, 1.5116828069624644
0.6800000000000004, 0, 2, 0.4933830221038713, 1.5065914777527198
0.6900000000000004, 0, 2, 0.49842394547010077, 1.5015508081171673
0.7000000000000004, 0, 2, 0.5034147108086824, 1.4965602939846003
0.7100000000000004, 0, 2, 0.5083558172003508, 1.4916194362994044
0.7200000000000004, 0, 2, 0.5132477587599045, 1.4867277409716526
0.7300000000000004, 0, 2, 0.518091024685617, 1.4818847188276945
0.7400000000000004, 0, 2, 0.5228860993081577, 1.477089885561239
0.7500000000000004, 0, 2, 0.527633462139025, 1.4723427616849238
0.7600000000000005, 0, 2, 0.5323335879184979, 1.4676428724823651
0.7700000000000005, 0, 2, 0.5369869466631109, 1.462989747960687
0.7800000000000005, 0, 2, 0.5415940037126551, 1.45838292280352
0.7900000000000005, 0, 2, 0.5461552197767136, 1.4538219363244713
0.8000000000000005, 0, 2, 0.550671050980732, 1.4493063324210533
0.8100000000000005, 0, 2, 0.5551419489116318, 1.4448356595290752
0.8200000000000005, 0, 2, 0.5595683606629696, 1.4404094705774844
0.8300000000000005, 0, 2, 0.5639507288796463, 1.43602732294366
0.8400000000000005, 0, 2, 0.5682894918021723, 1.43168877840915
0.8500000000000005, 0, 2, 0.572585083310492, 1.4273934031158493
0.8600000000000005, 0, 2, 0.5768379329673721, 1.4231407675226126
0.8700000000000006, 0, 2, 0.5810484660613578, 1.4189304463623014
0.8800000000000006, 0, 2, 0.585217103649303, 1.4147620185992555
0.8900000000000006, 0, 2, 0.5893442625984752, 1.4106350673871897
0.9000000000000006, 0, 2, 0.5934303556282432, 1.4065491800275094
0.9100000000000006, 0, 2, 0.5974757913513495, 1.402503947928039
0.9200000000000006, 0, 2, 0.6014809743147718, 1.3984989665621637
0.9300000000000006, 0, 2, 0.6054463050401774, 1.3945338354283758
0.9400000000000006, 0, 2, 0.6093721800639768, 1.3906081580102243
0.9500000000000006, 0, 2, 0.6132589919769769, 1.3867215417366627
0.9600000000000006, 0, 2, 0.6171071294636407, 1.3828735979427926
0.9700000000000006, 0, 2, 0.6209169773409559, 1.3790639418309958
0.9800000000000006, 0, 2, 0.6246889165969172, 1.3752921924324535
0.9900000000000007, 0, 2, 0.628423324428625, 1.371557972569052
1.0000000000000007, 0, 2, 0.6321205742800061, 1.3678609088156612
1.0100000000000007, 0, 2, 0.6357810358791577, 1.364200631462794
1.0200000000000007, 0, 2, 0.6394050752753208, 1.3605767744796338
1.0300000000000007, 0, 2, 0.6429930548754854, 1.3569889754774325
1.0400000000000007, 0, 2, 0.6465453334806318, 1.3534368756732693
1.0500000000000007, 0, 2, 0.6500622663216106, 1.3499201198541744
1.0600000000000007, 0, 2, 0.6535442050946662, 1.3464383563416054
1.0700000000000007, 0, 2, 0.6569914979966067, 1.3429912369562804
1.0800000000000007, 0, 2, 0.6604044897596242, 1.339578416983359
1.0900000000000007, 0, 2, 0.6637835216857676, 1.3361995551379717
1.1000000000000008, 0, 2, 0.6671289316810739, 1.3328543135310897
1.1100000000000008, 0, 2, 0.6704410542893586, 1.3295423576357366
1.1200000000000008, 0, 2, 0.6737202207256705, 1.3262633562535346
1.1300000000000008, 0, 2, 0.6769667589094133, 1.3230169814815862
1.1400000000000008, 0, 2, 0.6801809934971381, 1.3198029086796808
1.1500000000000008, 0, 2, 0.6833632459150093, 1.3166208164378332
1.1600000000000008, 0, 2, 0.6865138343909473, 1.3134703865441406
1.1700000000000008, 0, 2, 0.6896330739864516, 1.310351303952962
1.1800000000000008, 0, 2, 0.6927212766281073, 1.3072632567534126
1.1900000000000008, 0, 2, 0.6957787511387782, 1.3042059361381735
1.2000000000000008, 0, 2, 0.6988058032684888, 1.3011790363726092
1.2100000000000009, 0, 2, 0.7018027357250002, 1.2981822547641957
1.2200000000000009, 0, 2, 0.7047698482040805, 1.2952152916322497
1.2300000000000009, 0, 2, 0.7077074374194752, 1.29227785027796
1.2400000000000009, 0, 2, 0.7106157971325785, 1.2893696369547194
1.2500000000000009, 0, 2, 0.7134952181818098, 1.286490360838747
1.260000000000001, 0, 2, 0.7163459885116978, 1.2836397340000079
1.270000000000001, 0, 2, 0.719168393201675, 1.2808174713734188
1.280000000000001, 0, 2, 0.7219627144945862, 1.2780232907303413
1.290000000000001, 0, 2, 0.7247292318249126, 1.2752569126503595
1.300000000000001, 0, 2, 0.727468221846716, 1.2725180604933362
1.310000000000001, 0, 2, 0.7301799584613042, 1.2698064603717507
1.320000000000001, 0, 2, 0.7328647128446212, 1.2671218411233083
1.330000000000001, 0, 2, 0.735522753474365, 1.2644639342838246
1.340000000000001, 0, 2, 0.7381543461568362, 1.2618324740603781
1.350000000000001, 0, 2, 0.7407597540535179, 1.2592271973047318
1.360000000000001, 0, 2, 0.7433392377073931, 1.2566478434870167
1.370000000000001, 0, 2, 0.7458930550689983, 1.2540941546696804
1.380000000000001, 0, 2, 0.7484214615222192, 1.2515658754816912
1.390000000000001, 0, 2, 0.7509247099098295, 1.2490627530930025
1.400000000000001, 0, 2, 0.7534030505587751, 1.246584537189268
1.410000000000001, 0, 2, 0.7558567313052068, 1.244130979946812
1.420000000000001, 0, 2, 0.7582859975192647, 1.2417018360078447
1.430000000000001, 0, 2, 0.7606910921296152, 1.2392968624559273
1.440000000000001, 0, 2, 0.7630722556477435, 1.2369158187916804
1.450000000000001, 0, 2, 0.7654297261920059, 1.2345584669087333
1.460000000000001, 0, 2, 0.7677637395114411, 1.2322245710699136
1.470000000000001, 0, 2, 0.7700745290093456, 1.229913897883673
1.480000000000001, 0, 2, 0.7723623257666145, 1.2276262162807474
1.490000000000001, 0, 2, 0.774627358564849, 1.2253612974910513
1.500000000000001, 0, 2, 0.7768698539092357, 1.223118915020799
1.5100000000000011, 0, 2, 0.7790900360511964, 1.2208988446298563
1.5200000000000011, 0, 2, 0.7812881270108143, 1.2187008643093151
1.5300000000000011, 0, 2, 0.7834643465990355, 1.2165247542592934
1.5400000000000011, 0, 2, 0.7856189124396507, 1.2143702968669543
1.5500000000000012, 0, 2, 0.7877520399910574, 1.2122372766847453
1.5600000000000012, 0, 2, 0.7898639425678063, 1.2101254804088528
1.5700000000000012, 0, 2, 0.7919548313619329, 1.2080346968578715
1.5800000000000012, 0, 2, 0.7940249154640764, 1.205964716951686
1.5900000000000012, 0, 2, 0.7960744018843896, 1.203915333690564
1.6000000000000012, 0, 2, 0.7981034955732396, 1.2018863421344539
1.6100000000000012, 0, 2, 0.8001123994417032, 1.1998775393824923
1.6200000000000012, 0, 2, 0.8021013143818584, 1.1978887245527132
1.6300000000000012, 0, 2, 0.8040704392868732, 1.1959196987619598
1.6400000000000012, 0, 2, 0.8060199710708955, 1.1939702651059951
1.6500000000000012, 0, 2, 0.807950104688745, 1.1920402286398128
1.6600000000000013, 0, 2, 0.8098610331554078, 1.190129396358142
1.6700000000000013, 0, 2, 0.8117529475653393, 1.1882375771761458
1.6800000000000013, 0, 2, 0.813626037111573, 1.1863645819103135
1.6900000000000013, 0, 2, 0.81548048910464, 1.1845102232595424
1.7000000000000013, 0, 2, 0.8173164889913006, 1.182674315786406
1.7100000000000013, 0, 2, 0.819134220373089, 1.1808566758986119
1.7200000000000013, 0, 2, 0.8209338650246734, 1.1790571218306414
1.7300000000000013, 0, 2, 0.8227156029120337, 1.1772754736255728
1.7400000000000013, 0, 2, 0.8244796122104585, 1.175511553117086
1.7500000000000013, 0, 2, 0.8262260693223624, 1.1737651839116454
1.7600000000000013, 0, 2, 0.8279551488949267, 1.1720361913708608
1.7700000000000014, 0, 2, 0.8296670238375641, 1.170324402594022
1.7800000000000014, 0, 2, 0.8313618653392096, 1.1686296464008112
1.7900000000000014, 0, 2, 0.8330398428854403, 1.166951753314182
1.8000000000000014, 0, 2, 0.834701124275423, 1.1652905555434137
1.8100000000000014, 0, 2, 0.8363458756386951, 1.1636458869673307
1.8200000000000014, 0, 2, 0.8379742614517774, 1.1620175831176913
1.8300000000000014, 0, 2, 0.8395864445546221, 1.1604054811627398
1.8400000000000014, 0, 2, 0.8411825861668961, 1.1588094198909236
1.8500000000000014, 0, 2, 0.8427628459041044, 1.1572292396947723
1.8600000000000014, 0, 2, 0.8443273817935509, 1.1556647825549362
1.8700000000000014, 0, 2, 0.8458763502901415, 1.1541158920243841
1.8800000000000014, 0, 2, 0.8474099062920296, 1.1525824132127593
1.8900000000000015, 0, 2, 0.8489282031561062, 1.1510641927708902
1.9000000000000015, 0, 2, 0.8504313927133357, 1.1495610788754544
1.9100000000000015, 0, 2, 0.8519196252839392, 1.1480729212137972
1.9200000000000015, 0, 2, 0.8533930496924265, 1.1465995709688999
1.9300000000000015, 0, 2, 0.8548518132824785, 1.1451408808044974
1.9400000000000015, 0, 2, 0.8562960619316823, 1.143696704850346
1.9500000000000015, 0, 2, 0.8577259400661184, 1.1422668986876343
1.9600000000000015, 0, 2, 0.8591415906748038, 1.1408513193345424
1.9700000000000015, 0, 2, 0.8605431553239911, 1.1394498252319438
1.9800000000000015, 0, 2, 0.8619307741713248, 1.1380622762292485
1.9900000000000015, 0, 2, 0.8633045859798577, 1.1366885335703882
2.0000000000000013, 0, 2, 0.8646647281319271, 1.1353284598799405
2.010000000000001, 0, 2, 0.8660113366428931, 1.1339819191493916
2.020000000000001, 0, 2, 0.8673445461747402, 1.1326487767235354
2.0300000000000007, 0, 2, 0.8686644900495438, 1.1313288992870068
2.0400000000000005, 0, 2, 0.8699713002628026, 1.130022154850951
2.0500000000000003, 0, 2, 0.8712651074966377, 1.1287284127398252
2.06, 0, 2, 0.8725460411328615, 1.1274475435783282
2.07, 0, 2, 0.873814229265916, 1.1261794192784667
2.0799999999999996, 0, 2, 0.8750697987156819, 1.1249239130267426
2.0899999999999994, 0, 2, 0.8763128750401611, 1.1236808992714744
2.099999999999999, 0, 2, 0.8775435825480323, 1.12245025371024
2.109999999999999, 0, 2, 0.8787620443110823, 1.1212318532774475
2.1199999999999988, 0, 2, 0.879968382176513, 1.120025576132028
2.1299999999999986, 0, 2, 0.8811627167791263, 1.1188313016452516
2.1399999999999983, 0, 2, 0.8823451675533879, 1.1176489103886644
2.149999999999998, 0, 2, 0.8835158527453704, 1.1164782841221457
2.159999999999998, 0, 2, 0.8846748894245785, 1.1153193057820827
2.1699999999999977, 0, 2, 0.8858223934956557, 1.1141718594696668
2.1799999999999975, 0, 2, 0.886958479709975, 1.1130358304393004
2.1899999999999973, 0, 2, 0.8880832616771142, 1.1119111050871242
2.199999999999997, 0, 2, 0.8891968518762166, 1.1107975709396565
2.209999999999997, 0, 2, 0.8902993616672396, 1.109695116642545
2.2199999999999966, 0, 2, 0.8913909013020902, 1.1086036319494323
2.2299999999999964, 0, 2, 0.8924715799356508, 1.1075230077109302
2.239999999999996, 0, 2, 0.8935415056366944, 1.106453135863705
2.249999999999996, 0, 2, 0.8946007853986917, 1.1053939094196719
2.259999999999996, 0, 2, 0.8956495251505104, 1.1043452224552945
2.2699999999999956, 0, 2, 0.8966878297670087, 1.103306970100994
2.2799999999999954, 0, 2, 0.8977158030795219, 1.1022790485306606
2.289999999999995, 0, 2, 0.8987335478862468, 1.1012613549512724
2.299999999999995, 0, 2, 0.8997411659625206, 1.1002537875926148
2.3099999999999947, 0, 2, 0.9007387580709992, 1.0992562456971036
2.3199999999999945, 0, 2, 0.9017264239717331, 1.0982686295097097
2.3299999999999943, 0, 2, 0.9027042624321436, 1.0972908402679833
2.339999999999994, 0, 2, 0.9036723712369, 1.0963227801921769
2.349999999999994, 0, 2, 0.9046308471976977, 1.095364352475468
2.3599999999999937, 0, 2, 0.9055797861629394, 1.0944154612742782
2.3699999999999934, 0, 2, 0.9065192830273205, 1.093476011698689
2.3799999999999932, 0, 2, 0.9074494317413182, 1.0925459098029515
2.389999999999993, 0, 2, 0.9083703253205868, 1.091625062576094
2.399999999999993, 0, 2, 0.9092820558552595, 1.0907133779326181
2.4099999999999926, 0, 2, 0.910184714519157, 1.0898107647032922
2.4199999999999924, 0, 2, 0.9110783915789056, 1.0889171326260336
2.429999999999992, 0, 2, 0.9119631764029635, 1.0880323923368826
2.439999999999992, 0, 2, 0.912839157470558, 1.087156455361065
2.4499999999999917, 0, 2, 0.913706422380533, 1.0862892341041466
2.4599999999999915, 0, 2, 0.9145650578601097, 1.0854306418432715
2.4699999999999913, 0, 2, 0.9154151497735586, 1.0845805927184906
2.479999999999991, 0, 2, 0.9162567831307867, 1.0837390017241761
2.489999999999991, 0, 2, 0.9170900420958382, 1.0829057847005203
2.4999999999999907, 0, 2, 0.917915009995311, 1.0820808583251194
2.5099999999999905, 0, 2, 0.9187317693266893, 1.0812641401046412
2.5199999999999902, 0, 2, 0.9195404017665939, 1.0804555483665768
2.52999999999999, 0, 2, 0.9203409881789494, 1.0796550022510711
2.53999999999999, 0, 2, 0.9211336086230708, 1.0788624217028393
2.5499999999999896, 0, 2, 0.9219183423616698, 1.0780777274631592
2.5599999999999894, 0, 2, 0.9226952678687808, 1.0773008410619462
2.569999999999989, 0, 2, 0.9234644628376084, 1.0765316848099062
2.579999999999989, 0, 2, 0.924226004188297, 1.075770181790767
2.5899999999999888, 0, 2, 0.9249799680756228, 1.0750162558535852
2.5999999999999885, 0, 2, 0.925726429896609, 1.074269831605133
2.6099999999999883, 0, 2, 0.9264654642980661, 1.0735308344023564
2.619999999999988, 0, 2, 0.9271971451840563, 1.0727991903449139
2.629999999999988, 0, 2, 0.927921545723284, 1.0720748262677837
2.6399999999999877, 0, 2, 0.9286387383564131, 1.0713576697339482
2.6499999999999875, 0, 2, 0.9293487948033103, 1.0706476490271504
2.6599999999999873, 0, 2, 0.9300517860702183, 1.069944693144722
2.669999999999987, 0, 2, 0.9307477824568553, 1.0692487317904833
2.679999999999987, 0, 2, 0.9314368535634459, 1.0685596953677126
2.6899999999999866, 0, 2, 0.9321190682976807, 1.067877514972188
2.6999999999999864, 0, 2, 0.9327944948816074, 1.0672021223852957
2.709999999999986, 0, 2, 0.9334632008584529, 1.0665334500672081
2.719999999999986, 0, 2, 0.9341252530993779, 1.0658714311501312
2.7299999999999858, 0, 2, 0.9347807178101636, 1.0652159994316155
2.7399999999999856, 0, 2, 0.9354296605378328, 1.0645670893679375
2.7499999999999853, 0, 2, 0.9360721461772047, 1.063924636067545
2.759999999999985, 0, 2, 0.9367082389773838, 1.0632885752845669
2.769999999999985, 0, 2, 0.9373380025481857, 1.0626588434123896
2.7799999999999847, 0, 2, 0.9379614998664975, 1.0620353774772957
2.7899999999999845, 0, 2, 0.9385787932825759, 1.061418115132167
2.7999999999999843, 0, 2, 0.939189944526282, 1.0608069946502494
2.809999999999984, 0, 2, 0.9397950147132548, 1.0602019549189803
2.819999999999984, 0, 2, 0.9403940643510221, 1.0596029354338774
2.8299999999999836, 0, 2, 0.9409871533450521, 1.0590098762924876
2.8399999999999834, 0, 2, 0.9415743410047432, 1.058422718188398
2.849999999999983, 0, 2, 0.9421556860493558, 1.0578414024053038
2.859999999999983, 0, 2, 0.9427312466138837, 1.0572658708111373
2.869999999999983, 0, 2, 0.9433010802548678, 1.0566960658522548
2.8799999999999826, 0, 2, 0.9438652439561518, 1.0561319305476804
2.8899999999999824, 0, 2, 0.9444237941345808, 1.0555734084834092
2.899999999999982, 0, 2, 0.9449767866456427, 1.0550204438067645
2.909999999999982, 0, 2, 0.945524276789054, 1.0544729812208133
2.9199999999999817, 0, 2, 0.9460663193142902, 1.053930965978836
2.9299999999999815, 0, 2, 0.9466029684260597, 1.0533943438788524
2.9399999999999813, 0, 2, 0.9471342777897257, 1.0528630612582004
2.949999999999981, 0, 2, 0.9476603005366716, 1.0523370649881711
2.959999999999981, 0, 2, 0.948181089269615, 1.0518163024686946
2.9699999999999807, 0, 2, 0.9486966960678674, 1.0513007216230807
2.9799999999999804, 0, 2, 0.9492071724925428, 1.050790270892811
2.9899999999999802, 0, 2, 0.9497125695917132, 1.0502848992323823
2.99999999999998, 0, 2, 0.9502129379055141, 1.0497845561042036
3.00999999999998, 0, 2, 0.9507083274711979, 1.049289191473541
3.0199999999999796, 0, 2, 0.9511987878281383, 1.048798755803514
3.0299999999999794, 0, 2, 0.9516843680227837, 1.048313200050143
3.039999999999979, 0, 2, 0.9521651166135623, 1.047832475657444
3.049999999999979, 0, 2, 0.9526410816757379, 1.047356534552573
3.0599999999999787, 0, 2, 0.9531123108062174, 1.0468853291410194
3.0699999999999785, 0, 2, 0.9535788511283104, 1.0464188123018445
3.0799999999999783, 0, 2, 0.9540407492964419, 1.0459569373829725
3.089999999999978, 0, 2, 0.9544980515008175, 1.0454996581965226
3.099999999999978, 0, 2, 0.9549508034720424, 1.0450469290141906
3.1099999999999777, 0, 2, 0.9553990504856951, 1.0445987045626781
3.1199999999999775, 0, 2, 0.9558428373668539, 1.0441549400191619
3.1299999999999772, 0, 2, 0.9562822084945809, 1.0437155910068148
3.139999999999977, 0, 2, 0.9567172078063584, 1.043280613590365
3.149999999999977, 0, 2, 0.9571478788024839, 1.0428499642717053
3.1599999999999766, 0, 2, 0.9575742645504194, 1.0424235999855411
3.1699999999999764, 0, 2, 0.9579964076890987, 1.042001478095085
3.179999999999976, 0, 2, 0.9584143504331909, 1.0415835563877924
3.189999999999976, 0, 2, 0.9588281345773222, 1.0411697930711412
3.1999999999999758, 0, 2, 0.9592378015002554, 1.0407601467684513
3.2099999999999755, 0, 2, 0.9596433921690276, 1.0403545765147473
3.2199999999999753, 0, 2, 0.9600449471430471, 1.0399530417526628
3.229999999999975, 0, 2, 0.9604425065781492, 1.0395555023283836
3.239999999999975, 0, 2, 0.9608361102306122, 1.0391619184876324
3.2499999999999747, 0, 2, 0.9612257974611326, 1.038772250871694
3.2599999999999745, 0, 2, 0.9616116072387614, 1.038386460513479
3.2699999999999743, 0, 2, 0.9619935781448011, 1.0380045088336263
3.279999999999974, 0, 2, 0.962371748376664, 1.037626357636647
3.289999999999974, 0, 2, 0.9627461557516914, 1.0372519691071027
3.2999999999999736, 0, 2, 0.9631168377109361, 1.0368813058058255
3.3099999999999734, 0, 2, 0.963483831322906, 1.0365143306661733
3.319999999999973, 0, 2, 0.9638471732872712, 1.036151006990323
3.329999999999973, 0, 2, 0.964206899938534, 1.0357912984456015
3.3399999999999728, 0, 2, 0.9645630472496622, 1.0354351690608512
3.3499999999999726, 0, 2, 0.9649156508356869, 1.0350825832228343
3.3599999999999723, 0, 2, 0.9652647459572633, 1.0347335056726699
3.369999999999972, 0, 2, 0.9656103675241975, 1.0343879015023092
3.379999999999972, 0, 2, 0.9659525500989371, 1.0340457361510444
3.3899999999999717, 0, 2, 0.9662913279000277, 1.033706975402052
3.3999999999999715, 0, 2, 0.9666267348055344, 1.0333715853789724
3.4099999999999713, 0, 2, 0.9669588043564302, 1.0330395325425208
3.419999999999971, 0, 2, 0.9672875697599497, 1.032710783687134
3.429999999999971, 0, 2, 0.9676130638929099, 1.0323853059376498
3.4399999999999706, 0, 2, 0.9679353193049981, 1.032063066746019
3.4499999999999704, 0, 2, 0.9682543682220268, 1.0317440338880517
3.45999999999997, 0, 2, 0.9685702425491562, 1.0314281754601935
3.46999999999997, 0, 2, 0.9688829738740851, 1.0311154598763352
3.47999999999997, 0, 2, 0.9691925934702089, 1.0308058558646556
3.4899999999999696, 0, 2, 0.969499132299748, 1.030499332464493
3.4999999999999694, 0, 2, 0.9698026210168436, 1.0301958590232492
3.509999999999969, 0, 2, 0.9701030899706224, 1.0298954051933247
3.519999999999969, 0, 2, 0.9704005692082331, 1.0295979409290834
3.5299999999999687, 0, 2, 0.9706950884778497, 1.0293034364838491
3.5399999999999685, 0, 2, 0.970986677231647, 1.0290118624069287
3.5499999999999683, 0, 2, 0.9712753646287459, 1.0287231895406692
3.559999999999968, 0, 2, 0.971561179538129, 1.0284373890175416
3.569999999999968, 0, 2, 0.9718441505415281, 1.028154432257252
3.5799999999999677, 0, 2, 0.9721243059362814, 1.027874290963887
3.5899999999999674, 0, 2, 0.9724016737381644, 1.0275969371230813
3.5999999999999672, 0, 2, 0.9726762816841907, 1.0273223429992169
3.609999999999967, 0, 2, 0.9729481572353861, 1.027050481132651
3.619999999999967, 0, 2, 0.9732173275795345, 1.0267813243369677
3.6299999999999666, 0, 2, 0.9734838196338969, 1.0265148456962607
3.6399999999999664, 0, 2, 0.9737476600479029, 1.026251018562442
3.649999999999966, 0, 2, 0.9740088752058162, 1.0259898165525758
3.659999999999966, 0, 2, 0.9742674912293725, 1.0257312135462417
3.6699999999999657, 0, 2, 0.9745235339803917, 1.025475183682921
3.6799999999999655, 0, 2, 0.9747770290633645, 1.025221701359412
3.6899999999999653, 0, 2, 0.9750280018280125, 1.024970741227269
3.699999999999965, 0, 2, 0.9752764773718235, 1.0247222781902674
3.709999999999965, 0, 2, 0.975522480542561, 1.0244762874018947
3.7199999999999647, 0, 2, 0.9757660359407491, 1.0242327442628645
3.7299999999999645, 0, 2, 0.9760071679221326, 1.0239916244186582
3.7399999999999642, 0, 2, 0.9762459006001127, 1.0237529037570887
3.749999999999964, 0, 2, 0.9764822578481582, 1.0235165584058883
3.759999999999964, 0, 2, 0.9767162633021927, 1.0232825647303234
3.7699999999999636, 0, 2, 0.9769479403629587, 1.0230508993308292
3.7799999999999634, 0, 2, 0.9771773121983572, 1.0228215390406707
3.789999999999963, 0, 2, 0.9774044017457649, 1.0225944609236264
3.799999999999963, 0, 2, 0.9776292317143276, 1.0223696422716928
3.8099999999999627, 0, 2, 0.9778518245872314, 1.0221470606028158
3.8199999999999625, 0, 2, 0.978072202623951, 1.0219266936586409
3.8299999999999623, 0, 2, 0.9782903878624756, 1.0217085194022886
3.839999999999962, 0, 2, 0.9785064021215126, 1.0214925160161492
3.849999999999962, 0, 2, 0.9787202670026699, 1.0212786618997025
3.8599999999999617, 0, 2, 0.9789320038926155, 1.0210669356673567
3.8699999999999615, 0, 2, 0.9791416339652166, 1.0208573161463108
3.8799999999999613, 0, 2, 0.979349178183657, 1.0206497823744356
3.889999999999961, 0, 2, 0.9795546573025332, 1.0204443135981796
3.899999999999961, 0, 2, 0.9797580918699301, 1.0202408892704922
3.9099999999999606, 0, 2, 0.9799595022294757, 1.0200394890487692
3.9199999999999604, 0, 2, 0.9801589085223754, 1.019840092792819
3.92999999999996, 0, 2, 0.9803563306894264, 1.0196426805628482
3.93999999999996, 0, 2, 0.9805517884730115, 1.019447232617468
3.9499999999999598, 0, 2, 0.9807453014190736, 1.0192537294117185
3.9599999999999596, 0, 2, 0.9809368888790703, 1.019062151595117
3.9699999999999593, 0, 2, 0.9811265700119087, 1.0188724800097204
3.979999999999959, 0, 2, 0.9813143637858619, 1.0186846956882103
3.989999999999959, 0, 2, 0.9815002889804653, 1.0184987798519967
3.9999999999999587, 0, 2, 0.9816843641883948, 1.0183147139093394
4.009999999999959, 0, 2, 0.9818666078173263, 1.0181324794534892
4.019999999999959, 0, 2, 0.9820470380917758, 1.017952058260847
4.0299999999999585, 0, 2, 0.982225673054923, 1.0177734322891419
4.039999999999958, 0, 2, 0.9824025305704144, 1.0175965836756262
4.049999999999958, 0, 2, 0.9825776283241503, 1.0174214947352898
4.059999999999958, 0, 2, 0.9827509838260536, 1.0172481479590911
4.069999999999958, 0, 2, 0.9829226144118204, 1.017076526012207
4.079999999999957, 0, 2, 0.9830925372446537, 1.0169066117322978
4.089999999999957, 0, 2, 0.9832607693169799, 1.0167383881277927
4.099999999999957, 0, 2, 0.9834273274521478, 1.01657183837619
4.109999999999957, 0, 2, 0.983592228306111, 1.0164069458223737
4.119999999999957, 0, 2, 0.9837554883690939, 1.0162436939769504
4.129999999999956, 0, 2, 0.98391712396724, 1.0160820665145973
4.139999999999956, 0, 2, 0.9840771512642452, 1.0159220472724326
4.149999999999956, 0, 2, 0.9842355862629741, 1.0157636202483973
4.159999999999956, 0, 2, 0.9843924448070598, 1.0156067695996558
4.1699999999999555, 0, 2, 0.9845477425824888, 1.015451479641011
4.179999999999955, 0, 2, 0.9847014951191693, 1.0152977348433363
4.189999999999955, 0, 2, 0.9848537177924843, 1.0151455198320225
4.199999999999955, 0, 2, 0.9850044258248295, 1.0149948193854406
4.209999999999955, 0, 2, 0.9851536342871348, 1.014845618433419
4.2199999999999545, 0, 2, 0.985301358100372, 1.0146979020557367
4.229999999999954, 0, 2, 0.985447612037047, 1.0145516554806318
4.239999999999954, 0, 2, 0.9855924107226763, 1.0144068640833237
4.249999999999954, 0, 2, 0.9857357686372505, 1.0142635133845506
4.259999999999954, 0, 2, 0.9858777001166817, 1.014121589049122
4.269999999999953, 0, 2, 0.9860182193542374, 1.013981076884485
4.279999999999953, 0, 2, 0.9861573404019595, 1.013841962839305
4.289999999999953, 0, 2, 0.9862950771720699, 1.01370423300206
4.299999999999953, 0, 2, 0.9864314434383615, 1.0135678735996507
4.3099999999999525, 0, 2, 0.9865664528375759, 1.0134328709960219
4.319999999999952, 0, 2, 0.9867001188707666, 1.0132992116907997
4.329999999999952, 0, 2, 0.9868324549046493, 1.013166882317941
4.339999999999952, 0, 2, 0.986963474172939, 1.013035869644397
4.349999999999952, 0, 2, 0.9870931897776725, 1.0129061605687903
4.3599999999999515, 0, 2, 0.9872216146905196, 1.012777742120104
4.369999999999951, 0, 2, 0.9873487617540798, 1.0126506014563854
4.379999999999951, 0, 2, 0.9874746436831664, 1.0125247258634607
4.389999999999951, 0, 2, 0.9875992730660783, 1.0124001027536649
4.399999999999951, 0, 2, 0.9877226623658587, 1.012276719664582
4.40999999999995, 0, 2, 0.9878448239215414, 1.0121545642577996
4.41999999999995, 0, 2, 0.9879657699493847, 1.0120336243176737
4.42999999999995, 0, 2, 0.9880855125440933, 1.0119138877501088
4.43999999999995, 0, 2, 0.9882040636800274, 1.0117953425813473
4.4499999999999496, 0, 2, 0.9883214352124006, 1.0116779769567725
4.459999999999949, 0, 2, 0.9884376388784647, 1.011561779139723
4.469999999999949, 0, 2, 0.9885526862986842, 1.0114467375103195
4.479999999999949, 0, 2, 0.9886665889778979, 1.0113328405643023
4.489999999999949, 0, 2, 0.9887793583064697, 1.0112200769118806
4.4999999999999485, 0, 2, 0.9888910055614273, 1.0111084352765949
4.509999999999948, 0, 2, 0.9890015419075902, 1.0109979044941868
4.519999999999948, 0, 2, 0.989110978398686, 1.0108884735114856
4.529999999999948, 0, 2, 0.989219325978456, 1.0107801313853009
4.539999999999948, 0, 2, 0.9893265954817493, 1.0106728672813285
4.549999999999947, 0, 2, 0.9894327976356067, 1.010566670473068
4.559999999999947, 0, 2, 0.9895379430603327, 1.0104615303407494
4.569999999999947, 0, 2, 0.9896420422705585, 1.0103574363702705
4.579999999999947, 0, 2, 0.9897451056762927, 1.0102543781521467
4.589999999999947, 0, 2, 0.9898471435839626, 1.01015234538047
4.599999999999946, 0, 2, 0.989948166197445, 1.0100513278518766
4.609999999999946, 0, 2, 0.990048183619086, 1.0099513154645292
4.619999999999946, 0, 2, 0.9901472058507121, 1.0098522982171045
4.629999999999946, 0, 2, 0.9902452427946299, 1.0097542662077945
4.6399999999999455, 0, 2, 0.9903423042546162, 1.009657209633316
4.649999999999945, 0, 2, 0.9904383999368988, 1.0095611187879296
4.659999999999945, 0, 2, 0.9905335394511267, 1.0094659840624698
4.669999999999945, 0, 2, 0.9906277323113314, 1.0093717959433843
4.679999999999945, 0, 2, 0.9907209879368782, 1.0092785450117816
4.689999999999944, 0, 2, 0.9908133156534084, 1.0091862219424903
4.699999999999944, 0, 2, 0.990904724693771, 1.0090948175031256
4.709999999999944, 0, 2, 0.9909952241989471, 1.0090043225531664
4.719999999999944, 0, 2, 0.9910848232189636, 1.0089147280430422
4.729999999999944, 0, 2, 0.9911735307137978, 1.0088260250132257
4.739999999999943, 0, 2, 0.9912613555542737, 1.0087382045933402
4.749999999999943, 0, 2, 0.9913483065229495, 1.0086512580012688
4.759999999999943, 0, 2, 0.9914343923149951, 1.0085651765422798
4.769999999999943, 0, 2, 0.9915196215390621, 1.0084799516081548
4.7799999999999425, 0, 2, 0.9916040027181449, 1.0083955746763285
4.789999999999942, 0, 2, 0.9916875442904322, 1.0083120373090364
4.799999999999942, 0, 2, 0.9917702546101517, 1.0082293311524722
4.809999999999942, 0, 2, 0.9918521419484049, 1.0081474479359498
4.819999999999942, 0, 2, 0.9919332144939946, 1.0080663794710791
4.8299999999999415, 0, 2, 0.9920134803542436, 1.0079861176509453
4.839999999999941, 0, 2, 0.9920929475558056, 1.007906654449299
4.849999999999941, 0, 2, 0.9921716240454673, 1.0078279819197524
4.859999999999941, 0, 2, 0.9922495176909443, 1.0077500921949873
4.869999999999941, 0, 2, 0.9923266362816664, 1.0076729774859652
4.87999999999994, 0, 2, 0.9924029875295578, 1.0075966300811503
4.88999999999994, 0, 2, 0.9924785790698074, 1.0075210423457377
4.89999999999994, 0, 2, 0.992553418461633, 1.0074462067208907
4.90999999999994, 0, 2, 0.9926275131890367, 1.0073721157229834
4.9199999999999395, 0, 2, 0.9927008706615537, 1.0072987619428537
4.929999999999939, 0, 2, 0.9927734982149927, 1.007226138045062
4.939999999999939, 0, 2, 0.9928454031121705, 1.0071542367671573
4.949999999999939, 0, 2, 0.9929165925436372, 1.0070830509189515
4.959999999999939, 0, 2, 0.9929870736283959, 1.0070125733817994
4.9699999999999385, 0, 2, 0.9930568534146144, 1.0069427971078881
4.979999999999938, 0, 2, 0.9931259388803301, 1.0068737151195317
4.989999999999938, 0, 2, 0.9931943369341476, 1.0068053205084733
4.999999999999938, 0, 2, 0.99326205441593, 1.0067376064351938
5.009999999999938, 0, 2, 0.9933290980974824, 1.0066705661282294
5.019999999999937, 0, 2, 0.9933954746832294, 1.0066041928834923
5.029999999999937, 0, 2, 0.9934611908108855, 1.0065384800636028
5.039999999999937, 0, 2, 0.9935262530521187, 1.0064734210972233
5.049999999999937, 0, 2, 0.9935906679132079, 1.0064090094784024
5.0599999999999365, 0, 2, 0.9936544418356935, 1.006345238765924
5.069999999999936, 0, 2, 0.9937175811970214, 1.0062821025826634
5.079999999999936, 0, 2, 0.9937800923111808, 1.0062195946149488
5.089999999999936, 0, 2, 0.9938419814293359, 1.0061577086119309
5.099999999999936, 0, 2, 0.9939032547404504, 1.0060964383849575
5.1099999999999355, 0, 2, 0.9939639183719071, 1.0060357778069542
5.119999999999935, 0, 2, 0.9940239783901202, 1.005975720811812
5.129999999999935, 0, 2, 0.9940834408011422, 1.005916261393781
5.139999999999935, 0, 2, 0.994142311551264, 1.0058573936068695
5.149999999999935, 0, 2, 0.9942005965276103, 1.0057991115642488
5.159999999999934, 0, 2, 0.9942583015587279, 1.005741409437666
5.169999999999934, 0, 2, 0.9943154324151683, 1.0056842814568596
5.179999999999934, 0, 2, 0.9943719948100653, 1.0056277219089838
5.189999999999934, 0, 2, 0.9944279943997061, 1.0055717251380356
5.199999999999934, 0, 2, 0.9944834367840966, 1.0055162855442914
5.209999999999933, 0, 2, 0.994538327507522, 1.0054613975837445
5.219999999999933, 0, 2, 0.994592672059101, 1.0054070557675534
5.229999999999933, 0, 2, 0.9946464758733342, 1.0053532546614903
5.239999999999933, 0, 2, 0.9946997443306486, 1.0052999888853993
5.2499999999999325, 0, 2, 0.9947524827579346, 1.0052472531126582
5.259999999999932, 0, 2, 0.9948046964290793, 1.005195042069645
5.269999999999932, 0, 2, 0.9948563905654939, 1.0051433505352116
5.279999999999932, 0, 2, 0.9949075703366355, 1.0050921733401612
5.289999999999932, 0, 2, 0.9949582408605242, 1.005041505366731
5.299999999999931, 0, 2, 0.9950084072042552, 1.0049913415480813
5.309999999999931, 0, 2, 0.995058074384505, 1.0049416768677877
5.319999999999931, 0, 2, 0.9951072473680335, 1.0048925063593401
5.329999999999931, 0, 2, 0.9951559310721803, 1.004843825105647
5.339999999999931, 0, 2, 0.9952041303653569, 1.0047956282385417
5.34999999999993, 0, 2, 0.9952518500675333, 1.0047479109382969
5.35999999999993, 0, 2, 0.9952990949507197, 1.0047006684331423
5.36999999999993, 0, 2, 0.9953458697394442, 1.0046538959987878
5.37999999999993, 0, 2, 0.9953921791112251, 1.0046075889579504
5.3899999999999295, 0, 2, 0.9954380276970386, 1.0045617426798874
5.399999999999929, 0, 2, 0.9954834200817818, 1.004516352579932
5.409999999999929, 0, 2, 0.9955283608047314, 1.0044714141190365
5.419999999999929, 0, 2, 0.9955728543599975, 1.0044269228033162
5.429999999999929, 0, 2, 0.9956169051969732, 1.004382874183603
5.4399999999999284, 0, 2, 0.9956605177207791, 1.0043392638549968
5.449999999999928, 0, 2, 0.9957036962927044, 1.004296087456429
5.459999999999928, 0, 2, 0.9957464452306426, 1.004253340670223
5.469999999999928, 0, 2, 0.9957887688095235, 1.004211019221664
5.479999999999928, 0, 2, 0.9958306712617406, 1.004169118878572
5.489999999999927, 0, 2, 0.9958721567775745, 1.004127635450877
5.499999999999927, 0, 2, 0.9959132295056115, 1.0040865647902015
5.509999999999927, 0, 2, 0.995953893553159, 1.004045902789445
5.519999999999927, 0, 2, 0.9959941529866562, 1.0040056453823727
5.5299999999999265, 0, 2, 0.9960340118320801, 1.0039657885432107
5.539999999999926, 0, 2, 0.9960734740753489, 1.003926328286241
5.549999999999926, 0, 2, 0.9961125436627202, 1.0038872606654048
5.559999999999926, 0, 2, 0.9961512245011855, 1.0038485817739073
5.569999999999926, 0, 2, 0.9961895204588613, 1.0038102877438266
5.5799999999999255, 0, 2, 0.9962274353653756, 1.0037723747457274
5.589999999999925, 0, 2, 0.9962649730122509, 1.0037348389882783
5.599999999999925, 0, 2, 0.9963021371532835, 1.0036976767178718
5.609999999999925, 0, 2, 0.9963389315049188, 1.0036608842182495
5.619999999999925, 0, 2, 0.996375359746623, 1.0036244578101305
5.629999999999924, 0, 2, 0.9964114255212507, 1.0035883938508434
5.639999999999924, 0, 2, 0.99644713243541, 1.0035526887339619
5.649999999999924, 0, 2, 0.9964824840598223, 1.003517338888944
5.659999999999924, 0, 2, 0.9965174839296798, 1.003482340780776
5.6699999999999235, 0, 2, 0.9965521355449988, 1.003447690909617
5.679999999999923, 0, 2, 0.9965864423709702, 1.0034133858104513
5.689999999999923, 0, 2, 0.9966204078383053, 1.0033794220527397
5.699999999999923, 0, 2, 0.9966540353435795, 1.003345796240078
5.709999999999923, 0, 2, 0.9966873282495717, 1.0033125050098566
5.7199999999999225, 0, 2, 0.9967202898856005, 1.0032795450329244
5.729999999999922, 0, 2, 0.996752923547857, 1.003246913013256
5.739999999999922, 0, 2, 0.9967852324997353, 1.0032146056876219
5.749999999999922, 0, 2, 0.9968172199721574, 1.0031826198252625
5.759999999999922, 0, 2, 0.9968488891638978, 1.0031509522275646
5.769999999999921, 0, 2, 0.9968802432419022, 1.0031195997277416
5.779999999999921, 0, 2, 0.9969112853416047, 1.003088559190517
5.789999999999921, 0, 2, 0.9969420185672415, 1.0030578275118116
5.799999999999921, 0, 2, 0.9969724459921611, 1.0030274016184313
5.809999999999921, 0, 2, 0.9970025706591313, 1.002997278467761
5.81999999999992, 0, 2, 0.9970323955806445, 1.00296745504746
5.82999999999992, 0, 2, 0.9970619237392179, 1.0029379283751623
5.83999999999992, 0, 2, 0.997091158087692, 1.0029086954981745
5.84999999999992, 0, 2, 0.9971201015495265, 1.0028797534931853
5.8599999999999195, 0, 2, 0.9971487570190918, 1.002851099465969
5.869999999999919, 0, 2, 0.997177127361959, 1.0028227305510993
5.879999999999919, 0, 2, 0.9972052154151863, 1.0027946439116608
5.889999999999919, 0, 2, 0.9972330239876026, 1.002766836738966
5.899999999999919, 0, 2, 0.9972605558600887, 1.0027393062522738
5.909999999999918, 0, 2, 0.9972878137858548, 1.0027120496985127
5.919999999999918, 0, 2, 0.9973148004907166, 1.0026850643520042
5.929999999999918, 0, 2, 0.9973415186733673, 1.002658347514191
5.939999999999918, 0, 2, 0.9973679710056476, 1.0026318965133667
5.949999999999918, 0, 2, 0.9973941601328129, 1.0026057087044093
5.959999999999917, 0, 2, 0.997420088673798, 1.0025797814685156
5.969999999999917, 0, 2, 0.9974457592214789, 1.0025541122129402
5.979999999999917, 0, 2, 0.997471174342932, 1.0025286983707362
5.989999999999917, 0, 2, 0.9974963365796907, 1.0025035374004978
5.9999999999999165, 0, 2, 0.997521248448, 1.0024786267861066
6.009999999999916, 0, 2, 0.9975459124390678, 1.0024539640364805
6.019999999999916, 0, 2, 0.9975703310193136, 1.0024295466853235
6.029999999999916, 0, 2, 0.9975945066306162, 1.00240537229088
6.039999999999916, 0, 2, 0.9976184416905571, 1.0023814384356902
6.0499999999999154, 0, 2, 0.9976421385926625, 1.0023577427263488
6.059999999999915, 0, 2, 0.9976655997066424, 1.0023342827932644
6.069999999999915, 0, 2, 0.997688827378628, 1.0023110562904243
6.079999999999915, 0, 2, 0.997711823931406, 1.0022880608951585
6.089999999999915, 0, 2, 0.9977345916646512, 1.0022652943079082
6.099999999999914, 0, 2, 0.997757132855156, 1.0022427542519954
6.109999999999914, 0, 2, 0.9977794497570583, 1.0022204384733957
6.119999999999914, 0, 2, 0.9978015446020673, 1.0021983447405125
6.129999999999914, 0, 2, 0.9978234195996859, 1.0021764708439536
6.1399999999999135, 0, 2, 0.9978450769374324, 1.002154814596311
6.149999999999913, 0, 2, 0.9978665187810588, 1.002133373831942
6.159999999999913, 0, 2, 0.9978877472747675, 1.002112146406752
6.169999999999913, 0, 2, 0.9979087645414256, 1.0020911301979802
6.179999999999913, 0, 2, 0.9979295726827777, 1.0020703231039887
6.1899999999999125, 0, 2, 0.9979501737796553, 1.0020497230440502
6.199999999999912, 0, 2, 0.9979705698921855, 1.0020293279581414
6.209999999999912, 0, 2, 0.9979907630599966, 1.0020091358067367
6.219999999999912, 0, 2, 0.9980107553024224, 1.0019891445706035
6.229999999999912, 0, 2, 0.9980305486187041, 1.001969352250602
6.239999999999911, 0, 2, 0.9980501449881899, 1.001949756867483
6.249999999999911, 0, 2, 0.9980695463705332, 1.0019303564616922
6.259999999999911, 0, 2, 0.9980887547058888, 1.0019111490931722
6.269999999999911, 0, 2, 0.998107771915106, 1.0018921328411703
6.2799999999999105, 0, 2, 0.998126599899922, 1.0018733058040452
6.28999999999991, 0, 2, 0.9981452405431511, 1.0018546660990775
6.29999999999991, 0, 2, 0.9981636957088733, 1.0018362118622806
6.30999999999991, 0, 2, 0.9981819672426208, 1.0018179412482155
6.31999999999991, 0, 2, 0.9982000569715621, 1.0017998524298055
6.3299999999999095, 0, 2, 0.9982179667046855, 1.0017819435981536
6.339999999999909, 0, 2, 0.9982356982329794, 1.0017642129623614
6.349999999999909, 0, 2, 0.9982532533296116, 1.0017466587493504
6.359999999999909, 0, 2, 0.9982706337501064, 1.0017292792036847
6.369999999999909, 0, 2, 0.9982878412325206, 1.0017120725873947
6.379999999999908, 0, 2, 0.9983048774976168, 1.0016950371798048
6.389999999999908, 0, 2, 0.9983217442490359, 1.0016781712773595
6.399999999999908, 0, 2, 0.9983384431734672, 1.0016614731934546
6.409999999999908, 0, 2, 0.9983549759408173, 1.0016449412582675
6.419999999999908, 0, 2, 0.9983713442043769, 1.001628573818591
6.429999999999907, 0, 2, 0.998387549600986, 1.0016123692376668
6.439999999999907, 0, 2, 0.9984035937511979, 1.001596325895024
6.449999999999907, 0, 2, 0.9984194782594412, 1.0015804421863141
6.459999999999907, 0, 2, 0.99843520471418, 1.0015647165231534
6.4699999999999065, 0, 2, 0.9984507746880731, 1.0015491473329619
6.479999999999906, 0, 2, 0.998466189738131, 1.0015337330588077
6.489999999999906, 0, 2, 0.9984814514058716, 1.0015184721592503
6.499999999999906, 0, 2, 0.9984965612174747, 1.001503363108187
6.509999999999906, 0, 2, 0.9985115206839339, 1.0014884043947
6.519999999999905, 0, 2, 0.9985263313012086, 1.0014735945229054
6.529999999999905, 0, 2, 0.998540994550373, 1.0014589320118032
6.539999999999905, 0, 2, 0.9985555118977644, 1.0014444153951305
6.549999999999905, 0, 2, 0.9985698847951296, 1.0014300432212133
6.559999999999905, 0, 2, 0.9985841146797706, 1.0014158140528218
6.569999999999904, 0, 2, 0.9985982029746877, 1.001401726467027
6.579999999999904, 0, 2, 0.9986121510887224, 1.001387779055059
6.589999999999904, 0, 2, 0.9986259604166977, 1.0013739704221647
6.599999999999904, 0, 2, 0.9986396323395582, 1.001360299187469
6.6099999999999035, 0, 2, 0.9986531682245076, 1.0013467639838372
6.619999999999903, 0, 2, 0.9986665694251456, 1.0013333634577373
6.629999999999903, 0, 2, 0.9986798372816039, 1.0013200962691056
6.639999999999903, 0, 2, 0.9986929731206791, 1.001306961091212
6.649999999999903, 0, 2, 0.9987059782559661, 1.0012939566105274
6.659999999999902, 0, 2, 0.9987188539879895, 1.0012810815265931
6.669999999999902, 0, 2, 0.9987316016043334, 1.00126833455189
6.679999999999902, 0, 2, 0.99874422237977, 1.0012557144117096
6.689999999999902, 0, 2, 0.9987567175763876, 1.0012432198440273
6.699999999999902, 0, 2, 0.9987690884437163, 1.0012308495993758
6.709999999999901, 0, 2, 0.9987813362188532, 1.0012186024407206
6.719999999999901, 0, 2, 0.9987934621265863, 1.0012064771433349
6.729999999999901, 0, 2, 0.9988054673795164, 1.0011944724946793
6.739999999999901, 0, 2, 0.998817353178179, 1.0011825872942783
6.7499999999999005, 0, 2, 0.9988291207111639, 1.0011708203536025
6.7599999999999, 0, 2, 0.9988407711552344, 1.0011591704959473
6.7699999999999, 0, 2, 0.9988523056754446, 1.0011476365563174
6.7799999999999, 0, 2, 0.9988637254252563, 1.0011362173813094
6.7899999999999, 0, 2, 0.998875031546654, 1.0011249118289958
6.7999999999998995, 0, 2, 0.9988862251702596, 1.0011137187688122
6.809999999999899, 0, 2, 0.9988973074154447, 1.0011026370814426
6.819999999999899, 0, 2, 0.9989082793904431, 1.0010916656587092
6.829999999999899, 0, 2, 0.9989191421924617, 1.0010808034034608
6.839999999999899, 0, 2, 0.9989298969077897, 1.0010700492294626
6.849999999999898, 0, 2, 0.9989405446119076, 1.001059402061288
6.859999999999898, 0, 2, 0.9989510863695951, 1.001048860834211
6.869999999999898, 0, 2, 0.9989615232350365, 1.0010384244941006
6.879999999999898, 0, 2, 0.9989718562519273, 1.0010280919973136
6.8899999999998975, 0, 2, 0.9989820864535779, 1.0010178623105914
6.899999999999897, 0, 2, 0.998992214863017, 1.0010077344109574
6.909999999999897, 0, 2, 0.9990022424930942, 1.0009977072856127
6.919999999999897, 0, 2, 0.9990121703465809, 1.0009877799318363
6.929999999999897, 0, 2, 0.9990219994162707, 1.0009779513568846
6.9399999999998965, 0, 2, 0.9990317306850789, 1.0009682205778916
6.949999999999896, 0, 2, 0.9990413651261406, 1.0009585866217714
6.959999999999896, 0, 2, 0.9990509037029079, 1.0009490485251205
6.969999999999896, 0, 2, 0.9990603473692468, 1.0009396053341209
6.979999999999896, 0, 2, 0.9990696970695315, 1.0009302561044453
6.989999999999895, 0, 2, 0.9990789537387402, 1.0009209999011635
6.999999999999895, 0, 2, 0.9990881183025475, 1.0009118357986466
7.009999999999895, 0, 2, 0.9990971916774174, 1.0009027628804774
7.019999999999895, 0, 2, 0.9991061747706952, 1.0008937802393563
7.0299999999998946, 0, 2, 0.9991150684806976, 1.0008848869770113
7.039999999999894, 0, 2, 0.9991238736968033, 1.0008760822041087
7.049999999999894, 0, 2, 0.9991325912995412, 1.0008673650401643
7.059999999999894, 0, 2, 0.9991412221606789, 1.0008587346134536
7.069999999999894, 0, 2, 0.9991497671433098, 1.0008501900609275
7.0799999999998935, 0, 2, 0.9991582271019394, 1.0008417305281228
7.089999999999893, 0, 2, 0.9991666028825705, 1.0008333551690796
7.099999999999893, 0, 2, 0.9991748953227885, 1.0008250631462547
7.109999999999893, 0, 2, 0.9991831052518442, 1.0008168536304392
7.119999999999893, 0, 2, 0.9991912334907375, 1.000808725800674
7.129999999999892, 0, 2, 0.999199280852299, 1.0008006788441697
7.139999999999892, 0, 2, 0.9992072481412718, 1.0007927119562239
7.149999999999892, 0, 2, 0.9992151361543915, 1.0007848243401407
7.159999999999892, 0, 2, 0.999222945680466, 1.0007770152071522
7.169999999999892, 0, 2, 0.9992306775004544, 1.0007692837763384
7.179999999999891, 0, 2, 0.9992383323875452, 1.00076162927455
7.189999999999891, 0, 2, 0.9992459111072337, 1.00075405093633
7.199999999999891, 0, 2, 0.9992534144173982, 1.0007465480038384
7.209999999999891, 0, 2, 0.999260843068376, 1.0007391197267754
7.2199999999998905, 0, 2, 0.9992681978030385, 1.0007317653623073
7.22999999999989, 0, 2, 0.9992754793568653, 1.0007244841749916
7.23999999999989, 0, 2, 0.9992826884580179, 1.000717275436703
7.24999999999989, 0, 2, 0.9992898258274125, 1.000710138426562
7.25999999999989, 0, 2, 0.9992968921787921, 1.0007030724308614
7.269999999999889, 0, 2, 0.9993038882187978, 1.0006960767429955
7.279999999999889, 0, 2, 0.9993108146470394, 1.00068915066339
7.289999999999889, 0, 2, 0.9993176721561656, 1.0006822934994308
7.299999999999889, 0, 2, 0.9993244614319331, 1.000675504565396
7.309999999999889, 0, 2, 0.9993311831532751, 1.000668783182386
7.319999999999888, 0, 2, 0.9993378379923694, 1.0006621286782573
7.329999999999888, 0, 2, 0.9993444266147057, 1.0006555403875539
7.339999999999888, 0, 2, 0.9993509496791516, 1.0006490176514409
7.349999999999888, 0, 2, 0.9993574078380191, 1.0006425598176394
7.3599999999998875, 0, 2, 0.9993638017371295, 1.0006361662403607
7.369999999999887, 0, 2, 0.9993701320158781, 1.0006298362802415
7.379999999999887, 0, 2, 0.9993763993072982, 1.0006235693042802
7.389999999999887, 0, 2, 0.999382604238124, 1.0006173646857746
7.399999999999887, 0, 2, 0.999388747428854, 1.0006112218042569
7.4099999999998865, 0, 2, 0.9993948294938123, 1.0006051400454343
7.419999999999886, 0, 2, 0.9994008510412107, 1.0005991188011256
7.429999999999886, 0, 2, 0.9994068126732087, 1.0005931574692013
7.439999999999886, 0, 2, 0.9994127149859748, 1.0005872554535231
7.449999999999886, 0, 2, 0.9994185585697453, 1.0005814121638847
7.459999999999885, 0, 2, 0.9994243440088832, 1.000575627015952
7.469999999999885, 0, 2, 0.9994300718819376, 1.0005698994312053
7.479999999999885, 0, 2, 0.9994357427617003, 1.0005642288368817
7.489999999999885, 0, 2, 0.9994413572152643, 1.0005586146659164
7.4999999999998845, 0, 2, 0.9994469158040795, 1.000553056356888
7.509999999999884, 0, 2, 0.9994524190840096, 1.000547553353961
7.519999999999884, 0, 2, 0.9994578676053872, 1.0005421051068302
7.529999999999884, 0, 2, 0.999463261913069, 1.0005367110706664
7.539999999999884, 0, 2, 0.9994686025464903, 1.0005313707060615
7.5499999999998835, 0, 2, 0.999473890039719, 1.0005260834789742
7.559999999999883, 0, 2, 0.9994791249215088, 1.000520848860678
7.569999999999883, 0, 2, 0.9994843077153523, 1.000515666327706
7.579999999999883, 0, 2, 0.9994894389395333, 1.000510535361801
7.589999999999883, 0, 2, 0.9994945191071785, 1.0005054554498618
7.599999999999882, 0, 2, 0.9994995487263089, 1.0005004260838932
7.609999999999882, 0, 2, 0.9995045282998907, 1.0004954467609541
7.619999999999882, 0, 2, 0.9995094583258853, 1.0004905169831082
7.629999999999882, 0, 2, 0.9995143392972997, 1.0004856362573733
7.6399999999998816, 0, 2, 0.999519171702235, 1.0004808040956732
7.649999999999881, 0, 2, 0.9995239560239358, 1.000476020014787
7.659999999999881, 0, 2, 0.9995286927408383, 1.0004712835363034
7.669999999999881, 0, 2, 0.9995333823266181, 1.00046659418657
7.679999999999881, 0, 2, 0.9995380252502379, 1.0004619514966477
7.6899999999998805, 0, 2, 0.9995426219759939, 1.0004573550022644
7.69999999999988, 0, 2, 0.9995471729635624, 1.000452804243766
7.70999999999988, 0, 2, 0.9995516786680462, 1.0004482987660732
7.71999999999988, 0, 2, 0.9995561395400193, 1.0004438381186342
7.72999999999988, 0, 2, 0.9995605560255729, 1.000439421855381
7.739999999999879, 0, 2, 0.9995649285663591, 1.0004350495346828
7.749999999999879, 0, 2, 0.9995692575996358, 1.0004307207193044
7.759999999999879, 0, 2, 0.9995735435583099, 1.0004264349763605
7.769999999999879, 0, 2, 0.9995777868709808, 1.000422191877273
7.779999999999879, 0, 2, 0.9995819879619834, 1.0004179909977289
7.789999999999878, 0, 2, 0.9995861472514304, 1.0004138319176366
7.799999999999878, 0, 2, 0.9995902651552541, 1.000409714221084
7.809999999999878, 0, 2, 0.9995943420852484, 1.0004056374962984
7.819999999999878, 0, 2, 0.9995983784491099, 1.000401601335604
7.8299999999998775, 0, 2, 0.9996023746504782, 1.0003976053353811
7.839999999999877, 0, 2, 0.9996063310889768, 1.0003936490960266
7.849999999999877, 0, 2, 0.9996102481602529, 1.000389732221913
7.859999999999877, 0, 2, 0.999614126256017, 1.0003858543213495
7.869999999999877, 0, 2, 0.9996179657640819, 1.000382015006543
7.879999999999876, 0, 2, 0.9996217670684017, 1.0003782138935589
7.889999999999876, 0, 2, 0.9996255305491099, 1.000374450602282
7.899999999999876, 0, 2, 0.9996292565825577, 1.000370724756381
7.909999999999876, 0, 2, 0.9996329455413518, 1.0003670359832677
7.919999999999876, 0, 2, 0.9996365977943912, 1.0003633839140615
7.929999999999875, 0, 2, 0.999640213706904, 1.0003597681835525
7.939999999999875, 0, 2, 0.9996437936404847, 1.0003561884301648
7.949999999999875, 0, 2, 0.9996473379531297, 1.00035264429592
7.959999999999875, 0, 2, 0.999650846999273, 1.0003491354264016
7.9699999999998745, 0, 2, 0.9996543211298223, 1.0003456614707196
7.979999999999874, 0, 2, 0.9996577606921937, 1.0003422220814757
7.989999999999874, 0, 2, 0.9996611660303463, 1.000338816914728
7.999999999999874, 0, 2, 0.9996645374848167, 1.0003354456299571
8.009999999999874, 0, 2, 0.9996678753927531, 1.0003321078900314
8.019999999999873, 0, 2, 0.9996711800879493, 1.0003288033611741
8.029999999999873, 0, 2, 0.9996744519008776, 1.00032553171293
8.039999999999873, 0, 2, 0.9996776911587218, 1.0003222926181312
8.049999999999873, 0, 2, 0.9996808981854107, 1.0003190857528652
8.059999999999873, 0, 2, 0.9996840733016495, 1.0003159107964432
8.069999999999872, 0, 2, 0.9996872168249525, 1.0003127674313668
8.079999999999872, 0, 2, 0.9996903290696748, 1.0003096553432966
8.089999999999872, 0, 2, 0.9996934103470434, 1.0003065742210218
8.099999999999872, 0, 2, 0.9996964609651886, 1.0003035237564268
8.109999999999872, 0, 2, 0.9996994812291748, 1.0003005036444632
8.119999999999871, 0, 2, 0.999702471441031, 1.0002975135831167
8.129999999999871, 0, 2, 0.9997054318997808, 1.0002945532733793
8.139999999999871, 0, 2, 0.9997083629014727, 1.0002916224192169
8.14999999999987, 0, 2, 0.9997112647392092, 1.000288720727542
8.15999999999987, 0, 2, 0.9997141377031766, 1.0002858479081826
8.16999999999987, 0, 2, 0.9997169820806737, 1.000283003673855
8.17999999999987, 0, 2, 0.9997197981561406, 1.0002801877401328
8.18999999999987, 0, 2, 0.9997225862111874, 1.0002773998254206
8.19999999999987, 0, 2, 0.9997253465246216, 1.0002746396509243
8.20999999999987, 0, 2, 0.9997280793724772, 1.0002719069406245
8.21999999999987, 0, 2, 0.9997307850280411, 1.0002692014212475
8.229999999999869, 0, 2, 0.9997334637618813, 1.0002665228222392
8.239999999999869, 0, 2, 0.9997361158418733, 1.0002638708757374
8.249999999999869, 0, 2, 0.9997387415332273, 1.0002612453165454
8.259999999999868, 0, 2, 0.9997413410985148, 1.0002586458821048
8.269999999999868, 0, 2, 0.9997439147976943, 1.0002560723124703
8.279999999999868, 0, 2, 0.9997464628881381, 1.0002535243502826
8.289999999999868, 0, 2, 0.9997489856246573, 1.000251001740743
8.299999999999867, 0, 2, 0.9997514832595277, 1.000248504231589
8.309999999999867, 0, 2, 0.9997539560425148, 1.0002460315730675
8.319999999999867, 0, 2, 0.9997564042208992, 1.0002435835179102
8.329999999999867, 0, 2, 0.9997588280395006, 1.0002411598213097
8.339999999999867, 0, 2, 0.9997612277407029, 1.0002387602408942
8.349999999999866, 0, 2, 0.9997636035644782, 1.000236384536704
8.359999999999866, 0, 2, 0.9997659557484111, 1.0002340324711665
8.369999999999866, 0, 2, 0.9997682845277218, 1.000231703809073
8.379999999999866, 0, 2, 0.9997705901352902, 1.0002293983175554
8.389999999999866, 0, 2, 0.999772872801679, 1.0002271157660627
8.399999999999865, 0, 2, 0.9997751327551568, 1.0002248559263376
8.409999999999865, 0, 2, 0.9997773702217209, 1.0002226185723946
8.419999999999865, 0, 2, 0.9997795854251197, 1.0002204034804962
8.429999999999865, 0, 2, 0.9997817785868756, 1.0002182104291313
8.439999999999864, 0, 2, 0.9997839499263064, 1.0002160391989932
8.449999999999864, 0, 2, 0.999786099660548, 1.0002138895729566
8.459999999999864, 0, 2, 0.9997882280045756, 1.0002117613360575
8.469999999999864, 0, 2, 0.9997903351712254, 1.0002096542754702
8.479999999999864, 0, 2, 0.9997924213712158, 1.0002075681804867
8.489999999999863, 0, 2, 0.9997944868131686, 1.0002055028424963
8.499999999999863, 0, 2, 0.9997965317036298, 1.000203458054963
8.509999999999863, 0, 2, 0.9997985562470901, 1.0002014336134066
8.519999999999863, 0, 2, 0.9998005606460055, 1.0001994293153809
8.529999999999863, 0, 2, 0.9998025451008177, 1.0001974449604547
8.539999999999862, 0, 2, 0.9998045098099737, 1.0001954803501905
8.549999999999862, 0, 2, 0.9998064549699461, 1.0001935352881262
8.559999999999862, 0, 2, 0.9998083807752527, 1.0001916095797534
8.569999999999862, 0, 2, 0.9998102874184754, 1.0001897030325
8.579999999999862, 0, 2, 0.9998121750902804, 1.0001878154557093
8.589999999999861, 0, 2, 0.9998140439794363, 1.0001859466606224
8.599999999999861, 0, 2, 0.9998158942728336, 1.000184096460358
8.60999999999986, 0, 2, 0.9998177261555031, 1.0001822646698948
8.61999999999986, 0, 2, 0.9998195398106349, 1.000180451106052
8.62999999999986, 0, 2, 0.9998213354195957, 1.0001786555874714
8.63999999999986, 0, 2, 0.9998231131619482, 1.0001768779346003
8.64999999999986, 0, 2, 0.9998248732154679, 1.0001751179696714
8.65999999999986, 0, 2, 0.9998266157561617, 1.0001733755166868
8.66999999999986, 0, 2, 0.9998283409582853, 1.0001716504013998
8.67999999999986, 0, 2, 0.9998300489943602, 1.0001699424512975
8.68999999999986, 0, 2, 0.9998317400351915, 1.0001682514955834
8.699999999999859, 0, 2, 0.9998334142498847, 1.0001665773651605
8.709999999999859, 0, 2, 0.9998350718058626, 1.0001649198926144
8.719999999999859, 0, 2, 0.9998367128688823, 1.0001632789121961
8.729999999999858, 0, 2, 0.9998383376030514, 1.0001616542598066
8.739999999999858, 0, 2, 0.9998399461708448, 1.0001600457729793
8.749999999999858, 0, 2, 0.9998415387331205, 1.0001584532908638
8.759999999999858, 0, 2, 0.9998431154491362, 1.0001568766542108
8.769999999999857, 0, 2, 0.9998446764765647, 1.0001553157053553
8.779999999999857, 0, 2, 0.9998462219715102, 1.000153770288201
8.789999999999857, 0, 2, 0.9998477520885233, 1.000152240248205
8.799999999999857, 0, 2, 0.9998492669806172, 1.000150725432362
8.809999999999857, 0, 2, 0.9998507667992822, 1.000149225689189
8.819999999999856, 0, 2, 0.9998522516945015, 1.000147740868711
8.829999999999856, 0, 2, 0.999853721814766, 1.0001462708224436
8.839999999999856, 0, 2, 0.9998551773070887, 1.0001448154033818
8.849999999999856, 0, 2, 0.9998566183170203, 1.0001433744659822
8.859999999999856, 0, 2, 0.9998580449886629, 1.0001419478661502
8.869999999999855, 0, 2, 0.9998594574646849, 1.0001405354612238
8.879999999999855, 0, 2, 0.999860855886335, 1.0001391371099622
8.889999999999855, 0, 2, 0.9998622403934566, 1.0001377526725284
8.899999999999855, 0, 2, 0.9998636111245016, 1.000136382010478
8.909999999999854, 0, 2, 0.9998649682165444, 1.0001350249867436
8.919999999999854, 0, 2, 0.9998663118052951, 1.0001336814656212
8.929999999999854, 0, 2, 0.9998676420251137, 1.000132351312758
8.939999999999854, 0, 2, 0.9998689590090235, 1.0001310343951375
8.949999999999854, 0, 2, 0.9998702628887239, 1.0001297305810668
8.959999999999853, 0, 2, 0.999871553794604, 1.0001284397401635
8.969999999999853, 0, 2, 0.9998728318557554, 1.0001271617433423
8.979999999999853, 0, 2, 0.9998740971999853, 1.0001258964628024
8.989999999999853, 0, 2, 0.9998753499538293, 1.0001246437720146
8.999999999999853, 0, 2, 0.9998765902425637, 1.0001234035457092
9.009999999999852, 0, 2, 0.9998778181902185, 1.000122175659862
9.019999999999852, 0, 2, 0.9998790339195894, 1.0001209599916838
9.029999999999852, 0, 2, 0.9998802375522505, 1.0001197564196065
9.039999999999852, 0, 2, 0.999881429208566, 1.000118564823272
9.049999999999851, 0, 2, 0.9998826090077026, 1.0001173850835197
9.059999999999851, 0, 2, 0.9998837770676412, 1.0001162170823745
9.069999999999851, 0, 2, 0.9998849335051887, 1.0001150607030351
9.07999999999985, 0, 2, 0.9998860784359899, 1.0001139158298633
9.08999999999985, 0, 2, 0.9998872119745387, 1.0001127823483702
9.09999999999985, 0, 2, 0.99988833423419, 1.000111660145207
9.10999999999985, 0, 2, 0.9998894453271707, 1.0001105491081521
9.11999999999985, 0, 2, 0.9998905453645911, 1.000109449126101
9.12999999999985, 0, 2, 0.9998916344564559, 1.0001083600890548
9.13999999999985, 0, 2, 0.9998927127116751, 1.0001072818881087
9.14999999999985, 0, 2, 0.9998937802380752, 1.0001062144154416
9.15999999999985, 0, 2, 0.9998948371424097, 1.0001051575643056
9.169999999999849, 0, 2, 0.9998958835303698, 1.0001041112290145
9.179999999999849, 0, 2, 0.9998969195065954, 1.000103075304934
9.189999999999849, 0, 2, 0.9998979451746849, 1.0001020496884707
9.199999999999848, 0, 2, 0.999898960637206, 1.0001010342770622
9.209999999999848, 0, 2, 0.9998999659957056, 1.0001000289691664
9.219999999999848, 0, 2, 0.9999009613507207, 1.0000990336642517
9.229999999999848, 0, 2, 0.9999019468017875, 1.0000980482627868
9.239999999999847, 0, 2, 0.9999029224474518, 1.0000970726662306
9.249999999999847, 0, 2, 0.9999038883852793, 1.0000961067770229
9.259999999999847, 0, 2, 0.9999048447118644, 1.0000951504985738
9.269999999999847, 0, 2, 0.9999057915228405, 1.0000942037352547
9.279999999999847, 0, 2, 0.9999067289128897, 1.0000932663923883
9.289999999999846, 0, 2, 0.9999076569757516, 1.0000923383762395
9.299999999999846, 0, 2, 0.9999085758042333, 1.000091419594006
9.309999999999846, 0, 2, 0.9999094854902185, 1.000090509953809
9.319999999999846, 0, 2, 0.9999103861246766, 1.0000896093646838
9.329999999999846, 0, 2, 0.9999112777976717, 1.0000887177365705
9.339999999999845, 0, 2, 0.999912160598372, 1.000087834980305
9.349999999999845, 0, 2, 0.9999130346150581, 1.000086961007612
9.359999999999845, 0, 2, 0.9999138999351325, 1.0000860957310929
9.369999999999845, 0, 2, 0.9999147566451279, 1.000085239064219
9.379999999999844, 0, 2, 0.9999156048307161, 1.0000843909213235
9.389999999999844, 0, 2, 0.9999164445767164, 1.0000835512175912
9.399999999999844, 0, 2, 0.9999172759671039, 1.000082719869051
9.409999999999844, 0, 2, 0.9999180990850185, 1.0000818967925673
9.419999999999844, 0, 2, 0.9999189140127727, 1.0000810819058317
9.429999999999843, 0, 2, 0.9999197208318599, 1.0000802751273552
9.439999999999843, 0, 2, 0.9999205196229627, 1.0000794763764587
9.449999999999843, 0, 2, 0.9999213104659609, 1.0000786855732668
9.459999999999843, 0, 2, 0.9999220934399395, 1.0000779026386986
9.469999999999843, 0, 2, 0.9999228686231966, 1.0000771274944598
9.479999999999842, 0, 2, 0.999923636093251, 1.0000763600630354
9.489999999999842, 0, 2, 0.9999243959268505, 1.0000756002676816
9.499999999999842, 0, 2, 0.999925148199979, 1.000074848032418
9.509999999999842, 0, 2, 0.9999258929878645, 1.0000741032820208
9.519999999999841, 0, 2, 0.9999266303649864, 1.000073365942014
9.529999999999841, 0, 2, 0.9999273604050831, 1.0000726359386634
9.539999999999841, 0, 2, 0.9999280831811591, 1.0000719131989677
9.54999999999984, 0, 2, 0.9999287987654927, 1.0000711976506524
9.55999999999984, 0, 2, 0.9999295072296429, 1.0000704892221624
9.56999999999984, 0, 2, 0.9999302086444568, 1.0000697878426537
9.57999999999984, 0, 2, 0.9999309030800764, 1.0000690934419878
9.58999999999984, 0, 2, 0.9999315906059457, 1.0000684059507243
9.59999999999984, 0, 2, 0.9999322712908181, 1.0000677253001138
9.60999999999984, 0, 2, 0.9999329452027625, 1.0000670514220902
9.61999999999984, 0, 2, 0.9999336124091709, 1.0000663842492652
9.62999999999984, 0, 2, 0.9999342729767643, 1.0000657237149209
9.639999999999839, 0, 2, 0.9999349269716, 1.0000650697530036
9.649999999999839, 0, 2, 0.9999355744590781, 1.000064422298116
9.659999999999838, 0, 2, 0.9999362155039478, 1.0000637812855127
9.669999999999838, 0, 2, 0.9999368501703143, 1.0000631466510916
9.679999999999838, 0, 2, 0.9999374785216446, 1.000062518331389
9.689999999999838, 0, 2, 0.9999381006207745, 1.000061896263572
9.699999999999838, 0, 2, 0.9999387165299144, 1.0000612803854332
9.709999999999837, 0, 2, 0.9999393263106556, 1.000060670635385
9.719999999999837, 0, 2, 0.9999399300239769, 1.000060066952451
9.729999999999837, 0, 2, 0.99994052773025, 1.000059469276263
9.739999999999837, 0, 2, 0.999941119489246, 1.0000588775470525
9.749999999999837, 0, 2, 0.9999417053601415, 1.0000582917056464
9.759999999999836, 0, 2, 0.9999422854015239, 1.00005771169346
9.769999999999836, 0, 2, 0.9999428596713978, 1.0000571374524914
9.779999999999836, 0, 2, 0.9999434282271908, 1.000056568925316
9.789999999999836, 0, 2, 0.9999439911257589, 1.0000560060550812
9.799999999999836, 0, 2, 0.9999445484233924, 1.0000554487854987
9.809999999999835, 0, 2, 0.9999451001758216, 1.0000548970608416
9.819999999999835, 0, 2, 0.9999456464382221, 1.0000543508259367
9.829999999999835, 0, 2, 0.9999461872652208, 1.0000538100261602
9.839999999999835, 0, 2, 0.9999467227109006, 1.0000532746074315
9.849999999999834, 0, 2, 0.9999472528288067, 1.0000527445162084
9.859999999999834, 0, 2, 0.9999477776719513, 1.0000522196994814
9.869999999999834, 0, 2, 0.9999482972928191, 1.0000517001047684
9.879999999999834, 0, 2, 0.9999488117433727, 1.000051185680109
9.889999999999834, 0, 2, 0.9999493210750575, 1.000050676374061
9.899999999999833, 0, 2, 0.9999498253388072, 1.0000501721356931
9.909999999999833, 0, 2, 0.9999503245850485, 1.0000496729145811
9.919999999999833, 0, 2, 0.9999508188637065, 1.0000491786608023
9.929999999999833, 0, 2, 0.9999513082242095, 1.000048689324931
9.939999999999833, 0, 2, 0.999951792715494, 1.0000482048580328
9.949999999999832, 0, 2, 0.9999522723860094, 1.0000477252116613
9.959999999999832, 0, 2, 0.9999527472837232, 1.000047250337851
9.969999999999832, 0, 2, 0.9999532174561256, 1.0000467801891144
9.979999999999832, 0, 2, 0.9999536829502342, 1.000046314718436
9.989999999999831, 0, 2, 0.999954143812599, 1.0000458538792683
9.999999999999831, 0, 2, 0.9999546000893063, 1.0000453976255272
