Time, I1.Io, Voltmeter1_Voltmeter
0, 2.7755575615628914E-17, -3.55271367904018E-15
0.01, 9.94966875, 0.0994966874999957
0.02, 19.797366690557368, 0.19797366690557083
0.03, 29.54116893471584, 0.2954116893471559
0.04, 39.17920076107251, 0.39179200761072136
0.05, 48.70963767422211, 0.4870963767422176
0.060000000000000005, 58.13070544960701, 0.581307054496064
0.07, 67.44068016291567, 0.6744068016291553
0.08, 76.6378882041746, 0.7663788820417432
0.09, 85.7207062766796, 0.8572070627667949
0.09999999999999999, 94.68756138092152, 0.946875613809213
0.10999999999999999, 103.53693078365637, 1.0353693078365624
0.11999999999999998, 112.26734197228058, 1.122673419722803
0.12999999999999998, 120.87737259466797, 1.2087737259466758
0.13999999999999999, 129.36565038463334, 1.2936565038463326
0.15, 137.73085307318775, 1.377308530731876
0.16, 145.97170828575122, 1.459717082857512
0.17, 154.0869934254963, 1.5408699342549623
0.18000000000000002, 162.07553554299307, 1.6207553554299285
0.19000000000000003, 169.93621119233183, 1.6993621119233195
0.20000000000000004, 177.66794627390095, 1.7766794627390063
0.21000000000000005, 185.26971586399816, 1.8526971586399819
0.22000000000000006, 192.74054403146044, 1.9274054403146055
0.23000000000000007, 200.07950364149292, 2.000795036414929
0.24000000000000007, 207.28571614688326, 2.0728571614688316
0.25000000000000006, 214.35835136679225, 2.1435835136679224
0.26000000000000006, 221.29662725330763, 2.2129662725330776
0.2700000000000001, 228.09980964595206, 2.2809980964595185
0.2800000000000001, 234.76721201434032, 2.347672120143404
0.2900000000000001, 241.29819518917952, 2.4129819518917976
0.3000000000000001, 247.69216708181034, 2.476921670818103
0.3100000000000001, 253.94858239248106, 2.5394858239248093
0.3200000000000001, 260.06694230756375, 2.600669423075637
0.3300000000000001, 266.0467941859017, 2.6604679418590185
0.34000000000000014, 271.88773123450005, 2.718877312345003
0.35000000000000014, 277.58939217375405, 2.775893921737541
0.36000000000000015, 283.15146089242535, 2.8315146089242536
0.37000000000000016, 288.573666092567, 2.885736660925671
0.38000000000000017, 293.8557809246056, 2.93855780924606
0.3900000000000002, 298.99762261278784, 2.9899762261278817
0.4000000000000002, 303.99905207119536, 3.0399905207119535
0.4100000000000002, 308.8599735105397, 3.088599735105398
0.4200000000000002, 313.5803340359487, 3.135803340359489
0.4300000000000002, 318.16012323594873, 3.1816012323594873
0.4400000000000002, 322.5993727628529, 3.225993727628528
0.45000000000000023, 326.8981559047736, 3.2689815590477367
0.46000000000000024, 331.05658714946344, 3.310565871494639
0.47000000000000025, 335.07482174019674, 3.350748217401969
0.48000000000000026, 338.9530552239046, 3.3895305522390435
0.49000000000000027, 342.69152299177745, 3.4269152299177796
0.5000000000000002, 346.2904998125466, 3.462904998125466
0.5100000000000002, 349.7502993586486, 3.4975029935864876
0.5200000000000002, 353.071273725501, 3.530712737255011
0.5300000000000002, 356.2538129440843, 3.562538129440847
0.5400000000000003, 359.29834448705697, 3.592983444870571
0.5500000000000003, 362.2053327686008, 3.622053327686012
0.5600000000000003, 364.9752786382239, 3.6497527863822423
0.5700000000000003, 367.6087188687193, 3.6760871886871955
0.5800000000000003, 370.10622563849574, 3.7010622563849607
0.5900000000000003, 372.4684060084944, 3.724684060084949
0.6000000000000003, 374.69590139389425, 3.7469590139389424
0.6100000000000003, 376.78938703082054, 3.7678938703082068
0.6200000000000003, 378.74957143826555, 3.787495714382658
0.6300000000000003, 380.57719587542715, 3.805771958754275
0.6400000000000003, 382.27303379467367, 3.822730337946744
0.6500000000000004, 383.837890290343, 3.838378902903436
0.6600000000000004, 385.2726015435819, 3.852726015435823
0.6700000000000004, 386.578034263428, 3.865780342634279
0.6800000000000004, 387.75508512434135, 3.877550851243418
0.6900000000000004, 388.80468020039143, 3.8880468020039145
0.7000000000000004, 389.72777439629044, 3.8972777439629085
0.7100000000000004, 390.525350875492, 3.905253508754921
0.7200000000000004, 391.19842048553573, 3.91198420485536
0.7300000000000004, 391.74802118085404, 3.91748021180854
0.7400000000000004, 392.17521744322426, 3.9217521744322457
0.7500000000000004, 392.4810997000736, 3.924810997000743
0.7600000000000005, 392.66678374082744, 3.9266678374082784
0.7700000000000005, 392.7334101314882, 3.9273341013148846
0.7800000000000005, 392.6821436276523, 3.926821436276524
0.7900000000000005, 392.51417258614106, 3.925141725861411
0.8000000000000005, 392.23070837544356, 3.922307083754437
0.8100000000000005, 391.8329847851569, 3.91832984785157
0.8200000000000005, 391.3222574346073, 3.913222574346078
0.8300000000000005, 390.6998031808446, 3.906998031808446
0.8400000000000005, 389.9669195261804, 3.8996691952618088
0.8500000000000005, 389.1249240254672, 3.891249240254674
0.8600000000000005, 388.17515369328316, 3.881751536932838
0.8700000000000006, 387.1189644112103, 3.871189644112106
0.8800000000000006, 385.9577303353749, 3.8595773033537495
0.8900000000000006, 384.69284330443384, 3.8469284330443396
0.9000000000000006, 383.32571224816775, 3.8332571224816836
0.9100000000000006, 381.857762596861, 3.818577625968613
0.9200000000000006, 380.29043569163014, 3.802904356916302
0.9300000000000006, 378.6251881958724, 3.7862518819587248
0.9400000000000006, 376.86349150799606, 3.768634915079961
0.9500000000000006, 375.0068311755956, 3.7500683117559594
0.9600000000000006, 373.0567063112335, 3.730567063112336
0.9700000000000006, 371.014629009984, 3.7101462900998405
0.9800000000000006, 368.88212376889805, 3.6888212376889844
0.9900000000000007, 366.66072690854526, 3.666607269085457
1.0000000000000007, 364.35198599677756, 3.6435198599677814
1.0100000000000007, 361.95745927487314, 3.6195745927487377
1.0200000000000007, 359.4787150862021, 3.594787150862028
1.0300000000000007, 356.91733130756256, 3.5691733130756313
1.0400000000000007, 354.27489478332996, 3.542748947833301
1.0500000000000007, 351.5530007625571, 3.5155300076255767
1.0600000000000007, 348.753252339171, 3.487532523391717
1.0700000000000007, 345.877259895394, 3.458772598953942
1.0800000000000007, 342.92664054852753, 3.429266405485278
1.0900000000000007, 339.9030176012336, 3.399030176012344
1.1000000000000008, 336.8080199954393, 3.368080199954392
1.1100000000000008, 333.6432817699831, 3.3364328176998352
1.1200000000000008, 330.4104415221516, 3.3041044152215227
1.1300000000000008, 327.1111418731996, 3.271111418732002
1.1400000000000008, 323.7470289379946, 3.237470289379948
1.1500000000000008, 320.3197517988922, 3.2031975179889227
1.1600000000000008, 316.83096198396333, 3.1683096198396385
1.1700000000000008, 313.28231294968236, 3.1328231294968294
1.1800000000000008, 309.67545956818526, 3.0967545956818565
1.1900000000000008, 306.012057619208, 3.0601205761920847
1.2000000000000008, 302.2937632868113, 3.0229376328681155
1.2100000000000009, 298.5222326609892, 2.985222326609895
1.2200000000000009, 294.6991212442674, 2.946991212442676
1.2300000000000009, 290.8260834633836, 2.908260834633842
1.2400000000000009, 286.9047721861523, 2.8690477218615267
1.2500000000000009, 282.93683824359596, 2.8293683824359652
1.260000000000001, 278.9239299574456, 2.7892392995744584
1.270000000000001, 274.86769267308546, 2.7486769267308597
1.280000000000001, 270.76976829804084, 2.707697682980412
1.290000000000001, 266.6317948460753, 2.6663179484607546
1.300000000000001, 262.4554059869947, 2.62455405986995
1.310000000000001, 258.2422306022231, 2.582422306022232
1.320000000000001, 253.99389234622936, 2.539938923462294
1.330000000000001, 249.7120092138814, 2.497120092138814
1.340000000000001, 245.39819311379063, 2.453981931137911
1.350000000000001, 241.05404944772397, 2.41054049447724
1.360000000000001, 236.68117669613457, 2.3668117669613493
1.370000000000001, 232.28116600989222, 2.322811660098922
1.380000000000001, 227.85560080825644, 2.278556008082564
1.390000000000001, 223.40605638316197, 2.234060563831619
1.400000000000001, 218.93409950986552, 2.189340995098655
1.410000000000001, 214.44128806400977, 2.144412880640098
1.420000000000001, 209.9291706451546, 2.0992917064515453
1.430000000000001, 205.39928620682076, 2.0539928620682093
1.440000000000001, 200.85316369309942, 2.0085316369309956
1.450000000000001, 196.29232168185672, 1.962923216818565
1.460000000000001, 191.71826803459112, 1.9171826803459115
1.470000000000001, 187.13249955296953, 1.8713249955296956
1.480000000000001, 182.53650164208227, 1.8253650164208228
1.490000000000001, 177.93174798045118, 1.779317479804511
1.500000000000001, 173.31970019682183, 1.7331970019682177
1.5100000000000011, 168.7018075537685, 1.6870180755376905
1.5200000000000011, 164.0795066381378, 1.64079506638138
1.5300000000000011, 159.45422105835678, 1.594542210583572
1.5400000000000011, 154.827361148627, 1.5482736114862725
1.5500000000000012, 150.20032368002398, 1.5020032368002412
1.5600000000000012, 145.57449157851943, 1.4557449157851954
1.5700000000000012, 140.95123364994288, 1.4095123364994306
1.5800000000000012, 136.33190431189416, 1.3633190431189435
1.5900000000000012, 131.71784333261792, 1.3171784333261831
1.6000000000000012, 127.11037557685063, 1.271103755768509
1.6100000000000012, 122.51081075864295, 1.2251081075864318
1.6200000000000012, 117.920443201166, 1.1792044320116617
1.6300000000000012, 113.34055160350039, 1.1334055160350067
1.6400000000000012, 108.7723988144109, 1.0877239881441096
1.6500000000000012, 104.21723161310086, 1.0421723161310104
1.6600000000000013, 99.67628049694815, 0.9967628049694843
1.6700000000000013, 95.15075947621114, 0.951507594762113
1.6800000000000013, 90.64186587569844, 0.9064186587569867
1.6900000000000013, 86.15078014339451, 0.8615078014339467
1.7000000000000013, 81.67866566602521, 0.8167866566602536
1.7100000000000013, 77.22666859155271, 0.7722666859155269
1.7200000000000013, 72.79591765858135, 0.7279591765858119
1.7300000000000013, 68.38752403265795, 0.6838752403265786
1.7400000000000013, 64.00258114944694, 0.6400258114944686
1.7500000000000013, 59.64216456475725, 0.5964216456475717
1.7600000000000013, 55.30733181139934, 0.553073318113993
1.7700000000000014, 50.999122262846186, 0.5099912226284602
1.7800000000000014, 46.718557003671066, 0.4671855700367098
1.7900000000000014, 42.466638706734244, 0.4246663870673421
1.8000000000000014, 38.24435151708681, 0.38244351517086644
1.8100000000000014, 34.05266094256106, 0.3405266094256108
1.8200000000000014, 29.892513751011847, 0.29892513751011757
1.8300000000000014, 25.764837874174702, 0.25764837874174645
1.8400000000000014, 21.670542318103273, 0.21670542318103272
1.8500000000000014, 17.610517080146494, 0.17610517080146465
1.8600000000000014, 13.585633072426816, 0.13585633072426787
1.8700000000000014, 9.596742051775948, 0.09596742051775903
1.8800000000000014, 5.644676556086015, 0.056446765560859355
1.8900000000000015, 1.7302498470306817, 0.017302498470306276
1.9000000000000015, -2.1457441408898728, -0.021457441408898843
1.9100000000000015, -5.982530845027849, -0.05982530845027843
1.9200000000000015, -9.77935511303972, -0.09779355113039827
1.9300000000000015, -13.535481235161534, -0.1353548123516156
1.9400000000000015, -17.250192970359635, -0.17250192970359732
1.9500000000000015, -20.922793566409737, -0.20922793566409856
1.9600000000000015, -24.552605773958703, -0.24552605773958722
1.9700000000000015, -28.138971854625126, -0.28138971854625167
1.9800000000000015, -31.68125358319523, -0.31681253583195257
1.9900000000000015, -35.178832243972124, -0.3517883224397219
2.0000000000000013, -38.631108621338086, -0.386311086213381
2.010000000000001, -42.037502984589764, -0.4203750298458977
2.020000000000001, -45.39745506710844, -0.4539745506710852
2.0300000000000007, -48.71042403992715, -0.48710424039927214
2.0400000000000005, -51.97588847975908, -0.5197588847975908
2.0500000000000003, -55.19334633155108, -0.5519334633155111
2.06, -58.362314865629315, -0.5836231486562932
2.07, -61.48233062950143, -0.614823306295014
2.0799999999999996, -64.55294939438528, -0.6455294939438532
2.0899999999999994, -67.57374609653095, -0.6757374609653093
2.099999999999999, -70.54431477340574, -0.7054431477340573
2.109999999999999, -73.46426849481298, -0.7346426849481299
2.1199999999999988, -76.33323928901467, -0.7633323928901469
2.1299999999999986, -79.15087806393024, -0.7915087806393021
2.1399999999999983, -81.91685452348423, -0.8191685452348433
2.149999999999998, -84.63085707917509, -0.8463085707917515
2.159999999999998, -87.29259275694051, -0.8729259275694055
2.1699999999999977, -89.9017870993925, -0.8990178709939248
2.1799999999999975, -92.45818406349804, -0.9245818406349801
2.1899999999999973, -94.9615459137816, -0.9496154591378154
2.199999999999997, -97.41165311112547, -0.974116531111256
2.209999999999997, -99.80830419724515, -0.9980830419724507
2.2199999999999966, -102.15131567491562, -1.0215131567491553
2.2299999999999964, -104.44052188403055, -1.0444052188403057
2.239999999999996, -106.6757748735688, -1.0667577487356878
2.249999999999996, -108.85694426954888, -1.0885694426954873
2.259999999999996, -110.9839171390505, -1.1098391713905051
2.2699999999999956, -113.05659785038449, -1.1305659785038453
2.2799999999999954, -115.07490792948721, -1.1507490792948718
2.289999999999995, -117.0387859126239, -1.1703878591262389
2.299999999999995, -118.94818719548084, -1.189481871954808
2.3099999999999947, -120.80308387872401, -1.2080308387872392
2.3199999999999945, -122.60346461011113, -1.2260346461011113
2.3299999999999943, -124.34933442323302, -1.24349334423233
2.339999999999994, -126.04071457296959, -1.2604071457296964
2.349999999999994, -127.67764236774093, -1.2767764236774086
2.3599999999999937, -129.26017099863532, -1.2926017099863527
2.3699999999999934, -130.78836936549624, -1.3078836936549643
2.3799999999999932, -132.26232190005248, -1.322623219000524
2.389999999999993, -133.68212838616887, -1.336821283861688
2.399999999999993, -135.04790377730603, -1.3504790377730596
2.4099999999999926, -136.35977801126683, -1.3635977801126695
2.4199999999999924, -137.61789582231302, -1.3761789582231292
2.429999999999992, -138.82241655073574, -1.388224165507359
2.439999999999992, -139.97351394996042, -1.3997351394996074
2.4499999999999917, -141.07137599126838, -1.410713759912685
2.4599999999999915, -142.11620466621798, -1.421162046662179
2.4699999999999913, -143.1082157868467, -1.4310821578684658
2.479999999999991, -144.04763878373524, -1.4404763878373552
2.489999999999991, -144.93471650201752, -1.4493471650201746
2.4999999999999907, -145.76970499541312, -1.457697049954131
2.5099999999999905, -146.55287331836973, -1.4655287331836955
2.5199999999999902, -147.28450331639124, -1.4728450331639111
2.52999999999999, -147.96488941463417, -1.479648894146341
2.53999999999999, -148.59433840485315, -1.4859433840485319
2.5499999999999896, -149.17316923077442, -1.4917316923077433
2.5599999999999894, -149.7017127719779, -1.4970171277197792
2.569999999999989, -150.18031162636692, -1.501803116263671
2.579999999999989, -150.6093198913037, -1.506093198913037
2.5899999999999888, -150.98910294349162, -1.5098910294349155
2.5999999999999885, -151.32003721767853, -1.5132003721767855
2.6099999999999883, -151.6025099842642, -1.5160250998426432
2.619999999999988, -151.83691912588267, -1.5183691912588289
2.629999999999988, -152.02367291304347, -1.5202367291304328
2.6399999999999877, -152.1631897789017, -1.5216318977890158
2.6499999999999875, -152.25589809323696, -1.5225589809323712
2.6599999999999873, -152.30223593571566, -1.5230223593571575
2.669999999999987, -152.3026508685091, -1.523026508685092
2.679999999999987, -152.257599708346, -1.5225759970834596
2.6899999999999866, -152.16754829806848, -1.5216754829806844
2.6999999999999864, -152.03297127776887, -1.5203297127776874
2.709999999999986, -151.85435185557503, -1.5185435185557508
2.719999999999986, -151.63218157816254, -1.516321815781625
2.7299999999999858, -151.366960101058, -1.5136696010105768
2.7399999999999856, -151.0591949588087, -1.5105919495880873
2.7499999999999853, -150.70940133508805, -1.5070940133508794
2.759999999999985, -150.31810183280368, -1.5031810183280376
2.769999999999985, -149.88582624427954, -1.4988582624427955
2.7799999999999847, -149.4131113215784, -1.494131113215784
2.7899999999999845, -148.90050054703136, -1.4890050054703137
2.7999999999999843, -148.3485439040436, -1.4834854390404353
2.809999999999984, -147.7577976482379, -1.4775779764823787
2.819999999999984, -147.12882407900486, -1.4712882407900512
2.8299999999999836, -146.46219131152122, -1.4646219131152127
2.8399999999999834, -145.75847304930028, -1.4575847304930023
2.849999999999983, -145.01824835733885, -1.4501824835733885
2.859999999999983, -144.24210143591938, -1.4424210143591942
2.869999999999983, -143.43062139513086, -1.4343062139513105
2.8799999999999826, -142.58440203016846, -1.4258440203016858
2.8899999999999824, -141.7040415974675, -1.417040415974675
2.899999999999982, -140.79014259173778, -1.4079014259173759
2.909999999999982, -139.84331152394657, -1.3984331152394631
2.9199999999999817, -138.86415870031567, -1.3886415870031565
2.9299999999999815, -137.85329800238299, -1.3785329800238315
2.9399999999999813, -136.81134666818457, -1.3681134666818475
2.949999999999981, -135.73892507461358, -1.357389250746136
2.959999999999981, -134.63665652100678, -1.3463665652100658
2.9699999999999807, -133.50516701401295, -1.3350516701401303
2.9799999999999804, -132.34508505379245, -1.3234508505379254
2.9899999999999802, -131.15704142160166, -1.3115704142160176
2.99999999999998, -129.94166896880824, -1.2994166896880819
3.00999999999998, -128.6996024073885, -1.2869960240738856
3.0199999999999796, -127.43147810195507, -1.27431478101955
3.0299999999999794, -126.13793386335851, -1.2613793386335852
3.039999999999979, -124.81960874391251, -1.2481960874391247
3.049999999999979, -123.47714283428621, -1.2347714283428592
3.0599999999999787, -122.11117706210536, -1.2211117706210548
3.0699999999999785, -120.7223529923109, -1.20722352992311
3.0799999999999783, -119.31131262931103, -1.193113126293113
3.089999999999978, -117.87869822097167, -1.1787869822097166
3.099999999999978, -116.42515206448508, -1.1642515206448503
3.1099999999999777, -114.95131631415455, -1.1495131631415472
3.1199999999999775, -113.45783279113482, -1.1345783279113506
3.1299999999999772, -111.94534279516529, -1.1194534279516541
3.139999999999977, -110.41448691833108, -1.1041448691833111
3.149999999999977, -108.86590486088994, -1.0886590486088992
3.1599999999999766, -107.30023524919636, -1.0730023524919627
3.1699999999999764, -105.71811545575935, -1.0571811545575935
3.179999999999976, -104.12018142146411, -1.041201814214642
3.189999999999976, -102.50706747998976, -1.0250706747998968
3.1999999999999758, -100.87940618445487, -1.0087940618445488
3.2099999999999755, -99.23782813631846, -0.9923782813631872
3.2199999999999753, -97.58296181656647, -0.9758296181656638
3.229999999999975, -95.91543341921044, -0.9591543341921028
3.239999999999975, -94.23586668712653, -0.9423586668712657
3.2499999999999747, -92.5448827502587, -0.9254488275025861
3.2599999999999745, -90.84309996621192, -0.9084309996621204
3.2699999999999743, -89.13113376325958, -0.8913113376325983
3.279999999999974, -87.40959648578661, -0.8740959648578656
3.289999999999974, -85.67909724219163, -0.8567909724219172
3.2999999999999736, -83.94024175526823, -0.8394024175526821
3.3099999999999734, -82.1936322150853, -0.8219363221508519
3.319999999999973, -80.43986713438642, -0.8043986713438629
3.329999999999973, -78.6795412065245, -0.7867954120652435
3.3399999999999728, -76.91324516595199, -0.7691324516595205
3.3499999999999726, -75.14156565127905, -0.7514156565127899
3.3599999999999723, -73.36508507091747, -0.7336508507091761
3.369999999999972, -71.58438147132506, -0.7158438147132511
3.379999999999972, -69.80002840786221, -0.6980002840786219
3.3899999999999717, -68.01259481827367, -0.6801259481827371
3.3999999999999715, -66.22264489880888, -0.6622264489880901
3.4099999999999713, -64.43073798298877, -0.6443073798298881
3.419999999999971, -62.63742842303148, -0.626374284230314
3.429999999999971, -60.843265473944314, -0.608432654739442
3.4399999999999706, -59.04879318029029, -0.590487931802901
3.4499999999999704, -57.25455026563708, -0.5725455026563709
3.45999999999997, -55.46107002469469, -0.554610700246947
3.46999999999997, -53.66888021814563, -0.5366888021814548
3.47999999999997, -51.87850297017428, -0.5187850297017418
3.4899999999999696, -50.0904546686985, -0.500904546686983
3.4999999999999694, -48.30524586830583, -0.4830524586830576
3.509999999999969, -46.52338119589672, -0.4652338119589652
3.519999999999969, -44.74535925903609, -0.4474535925903599
3.5299999999999687, -42.971672557013704, -0.42971672557013524
3.5399999999999685, -41.202807394612506, -0.4120280739461252
3.5499999999999683, -39.43924379858467, -0.3943924379858462
3.559999999999968, -37.6814554368317, -0.37681455436831696
3.569999999999968, -35.92990954028778, -0.3592990954028763
3.5799999999999677, -34.185066827501004, -0.34185066827500943
3.5899999999999674, -32.44738143190972, -0.32447381431909594
3.5999999999999672, -30.717300831807776, -0.3071730083180786
3.609999999999967, -28.99526578299256, -0.28995265782992546
3.619999999999967, -27.281710254091294, -0.2728171025409108
3.6299999999999666, -25.577061364555178, -0.2557706136455532
3.6399999999999664, -23.881739325316303, -0.23881739325316179
3.649999999999966, -22.19615738209629, -0.22196157382096243
3.659999999999966, -20.520721761358644, -0.2052072176135872
3.6699999999999657, -18.855831618893845, -0.18855831618893729
3.6799999999999655, -17.201878991026746, -0.1720187899102667
3.6899999999999653, -15.559248748434605, -0.15559248748434665
3.699999999999965, -13.92831855256349, -0.13928318552563376
3.709999999999965, -12.309458814630226, -0.12309458814630182
3.7199999999999647, -10.703032657196744, -0.10703032657196677
3.7299999999999645, -9.109395878302088, -0.09109395878302133
3.7399999999999642, -7.528896918137807, -0.07528896918137755
3.749999999999964, -5.961876828251285, -0.0596187682825123
3.759999999999964, -4.408669243260881, -0.04408669243260804
3.7699999999999636, -2.8696003550665363, -0.02869600355066471
3.7799999999999634, -1.34498888953856, -0.01344988889538516
3.789999999999963, 0.16485391433300933, 0.0016485391433307469
3.799999999999963, 1.659624322846767, 0.016596243228469126
3.8099999999999627, 3.13902612357483, 0.03139026123574903
3.8199999999999625, 4.602770638943607, 0.046027706389436464
3.8299999999999623, 6.050576737430255, 0.06050576737430343
3.839999999999962, 7.48217084239532, 0.074821708423954
3.849999999999962, 8.897286938572307, 0.08897286938572353
3.8599999999999617, 10.29566657623571, 0.1029566657623569
3.8699999999999615, 11.677058873069157, 0.11677058873069189
3.8799999999999613, 13.041220513756222, 0.13041220513756305
3.889999999999961, 14.387915747316569, 0.14387915747316535
3.899999999999961, 15.716916382210563, 0.1571691638221064
3.9099999999999606, 17.02800177923625, 0.17028001779236285
3.9199999999999604, 18.320958842242504, 0.18320958842242574
3.92999999999996, 19.59558200668326, 0.1959558200668325
3.93999999999996, 20.851673226037164, 0.2085167322603724
3.9499999999999598, 22.089041956118322, 0.22089041956118446
3.9599999999999596, 23.307505137304005, 0.23307505137304027
3.9699999999999593, 24.50688717470463, 0.24506887174704628
3.979999999999959, 25.68701991630313, 0.2568701991630326
3.989999999999959, 26.847742629090163, 0.26847742629090204
3.9999999999999587, 27.988901973222056, 0.27988901973221914
4.009999999999959, 29.110351974229232, 0.2911035197422935
4.019999999999959, 30.21195399330253, 0.30211953993302615
4.0299999999999585, 31.293576695685317, 0.31293576695685305
4.039999999999958, 32.35509601720031, 0.32355096017200397
4.049999999999958, 33.39639512893885, 0.333963951289389
4.059999999999958, 34.41736440014182, 0.34417364400141987
4.069999999999958, 35.417901359301624, 0.3541790135930167
4.079999999999957, 36.397910653513605, 0.3639791065351358
4.089999999999957, 37.35730400610757, 0.3735730400610741
4.099999999999957, 38.296000172588464, 0.3829600017258849
4.109999999999957, 39.213924894916204, 0.3921392489491616
4.119999999999957, 40.11101085415538, 0.4011101085415538
4.129999999999956, 40.987197621524246, 0.40987197621524224
4.139999999999956, 41.84243160787449, 0.41842431607874414
4.149999999999956, 42.676666011632136, 0.4267666601163212
4.159999999999956, 43.489860765229935, 0.43489860765230004
4.1699999999999555, 44.28198248006325, 0.44281982480063264
4.179999999999955, 45.05300438999939, 0.45053004389999224
4.189999999999955, 45.80290629347272, 0.45802906293472795
4.199999999999955, 46.531674494196125, 0.4653167449419624
4.209999999999955, 47.23930174052089, 0.47239301740520906
4.2199999999999545, 47.925787163475945, 0.479257871634758
4.229999999999954, 48.591136213518496, 0.4859113621351852
4.239999999999954, 49.2353605960279, 0.4923536059602784
4.249999999999954, 49.85847820557396, 0.4985847820557398
4.259999999999954, 50.46051305899198, 0.5046051305899194
4.269999999999953, 51.04149522729634, 0.5104149522729634
4.279999999999953, 51.60146076646424, 0.5160146076646436
4.289999999999953, 52.14045164712164, 0.5214045164712169
4.299999999999953, 52.65851568316347, 0.5265851568316352
4.3099999999999525, 53.15570645933968, 0.5315570645933971
4.319999999999952, 53.63208325783978, 0.5363208325783985
4.329999999999952, 54.087710983905964, 0.5408771098390592
4.339999999999952, 54.5226600905097, 0.5452266009050966
4.349999999999952, 54.93700650212, 0.5493700650212
4.3599999999999515, 55.3308315375987, 0.5533083153759861
4.369999999999951, 55.70422183225102, 0.5570422183225097
4.379999999999951, 56.0572692590662, 0.5605726925906612
4.389999999999951, 56.39007084917779, 0.5639007084917782
4.399999999999951, 56.70272871157533, 0.5670272871157537
4.40999999999995, 56.99534995210004, 0.5699534995210005
4.41999999999995, 57.26804659175406, 0.5726804659175415
4.42999999999995, 57.5209354843561, 0.575209354843561
4.43999999999995, 57.75413823357337, 0.5775413823357328
4.4499999999999496, 57.967781109361425, 0.5796778110936148
4.459999999999949, 58.16199496384269, 0.5816199496384273
4.469999999999949, 58.33691514665384, 0.5833691514665383
4.479999999999949, 58.4926814197936, 0.5849268141979364
4.489999999999949, 58.629437871999954, 0.5862943787199985
4.4999999999999485, 58.747332832688585, 0.5874733283268861
4.509999999999948, 58.84651878548158, 0.5884651878548146
4.519999999999948, 58.9271522813558, 0.5892715228135575
4.529999999999948, 58.989393851442685, 0.5898939385144263
4.539999999999948, 59.03340791950632, 0.5903340791950634
4.549999999999947, 59.05936271413134, 0.5905936271413145
4.559999999999947, 59.06743018064856, 0.5906743018064857
4.569999999999947, 59.057785892826956, 0.5905778589282705
4.579999999999947, 59.03060896436253, 0.5903060896436249
4.589999999999947, 58.98608196018992, 0.5898608196018988
4.599999999999946, 58.92439080764686, 0.589243908076468
4.609999999999946, 58.845724707519196, 0.5884572470751922
4.619999999999946, 58.750276044993285, 0.587502760449933
4.629999999999946, 58.638240300544055, 0.5863824030054403
4.6399999999999455, 58.509815960786256, 0.5850981596078625
4.649999999999945, 58.36520442931496, 0.5836520442931503
4.659999999999945, 58.204609937562765, 0.582046099375627
4.669999999999945, 58.02823945569935, 0.5802823945569937
4.679999999999945, 57.83630260360107, 0.5783630260360102
4.689999999999944, 57.62901156191458, 0.5762901156191468
4.699999999999944, 57.40658098324124, 0.5740658098324135
4.709999999999944, 57.169227903468084, 0.5716922790346813
4.719999999999944, 56.917171653268156, 0.5691717165326812
4.729999999999944, 56.65063376979805, 0.5665063376979798
4.739999999999943, 56.3698379086145, 0.5636983790861441
4.749999999999943, 56.07500975583545, 0.5607500975583539
4.759999999999943, 55.76637694056848, 0.5576637694056846
4.769999999999943, 55.44416894763165, 0.5544416894763169
4.7799999999999425, 55.10861703058757, 0.551086170305875
4.789999999999942, 54.75995412511577, 0.5475995412511591
4.799999999999942, 54.398414762745006, 0.5439841476274503
4.809999999999942, 54.02423498496648, 0.5402423498496645
4.819999999999942, 53.63765225775208, 0.5363765225775211
4.8299999999999415, 53.23890538649769, 0.5323890538649768
4.839999999999941, 52.8282344314126, 0.5282823443141261
4.849999999999941, 52.40588062337645, 0.5240588062337656
4.859999999999941, 51.97208628028454, 0.519720862802846
4.869999999999941, 51.52709472390009, 0.5152709472390016
4.87999999999994, 51.07115019723474, 0.5107115019723474
4.88999999999994, 50.60449778247602, 0.5060449778247598
4.89999999999994, 50.12738331948114, 0.5012738331948123
4.90999999999994, 49.64005332485547, 0.4964005332485552
4.9199999999999395, 49.14275491163389, 0.4914275491163385
4.929999999999939, 48.635735709583855, 0.4863573570958381
4.939999999999939, 48.11924378614697, 0.48119243786147
4.949999999999939, 47.59352756803628, 0.47593527568036215
4.959999999999939, 47.058835763507034, 0.470588357635071
4.9699999999999385, 46.51541728531623, 0.4651541728531627
4.979999999999938, 45.963521174388006, 0.45963521174388144
4.989999999999938, 45.403396524200474, 0.45403396524200507
4.999999999999938, 44.83529240590863, 0.448352924059087
5.009999999999938, 44.25945779421974, 0.44259457794219653
5.019999999999937, 43.67614149403428, 0.4367614149403426
5.029999999999937, 43.085592067868305, 0.430855920678683
5.039999999999937, 42.48805776406962, 0.42488057764069587
5.049999999999937, 41.88378644584233, 0.4188378644584233
5.0599999999999365, 41.27302552109279, 0.4127302552109278
5.069999999999936, 40.6560218731089, 0.4065602187310899
5.079999999999936, 40.033021792086146, 0.40033021792086126
5.089999999999936, 39.404270907512256, 0.394042709075123
5.099999999999936, 38.7700141214213, 0.38770014121421276
5.1099999999999355, 38.13049554252933, 0.3813049554252933
5.119999999999935, 37.48595842126207, 0.37485958421262106
5.129999999999935, 36.836645085685916, 0.3683664508568587
5.139999999999935, 36.18279687835047, 0.3618279687835044
5.149999999999935, 35.52465409405522, 0.355246540940553
5.159999999999934, 34.86245591854674, 0.34862455918546753
5.169999999999934, 34.196440368158164, 0.34196440368158215
5.179999999999934, 33.52684423039722, 0.33526844230397257
5.189999999999934, 32.853903005493294, 0.3285390300549337
5.199999999999934, 32.1778508489094, 0.3217785084890947
5.209999999999933, 31.4989205148283, 0.314989205148284
5.219999999999933, 30.817343300618745, 0.30817343300618744
5.229999999999933, 30.133348992289413, 0.3013334899228939
5.239999999999933, 29.44716581093654, 0.2944716581093661
5.2499999999999325, 28.759020360191855, 0.28759020360191845
5.259999999999932, 28.069137574675693, 0.2806913757467571
5.269999999999932, 27.377740669461673, 0.27377740669461637
5.279999999999932, 26.685051090557394, 0.2668505109055749
5.289999999999932, 25.991288466405663, 0.2599128846640577
5.299999999999931, 25.296670560411258, 0.25296670560411283
5.309999999999931, 24.601413224496227, 0.2460141322449632
5.319999999999931, 23.90573035368847, 0.2390573035368847
5.329999999999931, 23.20983384174589, 0.23209833841745942
5.339999999999931, 22.513933537819682, 0.22513933537819664
5.34999999999993, 21.818237204158862, 0.2181823720415889
5.35999999999993, 21.122950474859053, 0.21122950474859062
5.36999999999993, 20.428276815656545, 0.20428276815656557
5.37999999999993, 19.734417484769708, 0.19734417484769717
5.3899999999999295, 19.041571494789324, 0.1904157149478928
5.399999999999929, 18.34993557561799, 0.18349935575618054
5.409999999999929, 17.65970413846, 0.17659704138459995
5.419999999999929, 16.971069240861326, 0.16971069240861414
5.429999999999929, 16.284220552800434, 0.1628422055280048
5.4399999999999284, 15.599345323828864, 0.15599345323828936
5.449999999999928, 14.91662835126121, 0.14916628351261227
5.459999999999928, 14.23625194941399, 0.14236251949413942
5.469999999999928, 13.558395919891375, 0.13558395919891397
5.479999999999928, 12.88323752291678, 0.12883237522916757
5.489999999999927, 12.210951449708261, 0.12210951449708288
5.499999999999927, 11.54170979589572, 0.11541709795895758
5.509999999999927, 10.875682035977299, 0.10875682035977335
5.519999999999927, 10.213034998812269, 0.10213034998812366
5.5299999999999265, 9.553932844147717, 0.0955393284414764
5.539999999999926, 8.898537040175285, 0.08898537040175335
5.549999999999926, 8.247006342114723, 0.08247006342114789
5.559999999999926, 7.599496771820473, 0.07599496771820505
5.569999999999926, 6.956161598406851, 0.06956161598406893
5.5799999999999255, 6.317151319887902, 0.06317151319887908
5.589999999999925, 5.682613645826969, 0.05682613645827096
5.599999999999925, 5.052693480991362, 0.05052693480991309
5.609999999999925, 4.427532910006764, 0.04427532910006801
5.619999999999925, 3.8072711830062413, 0.038072711830062715
5.629999999999924, 3.1920447022680847, 0.03192044702268139
5.639999999999924, 2.5819870098366984, 0.025819870098367736
5.649999999999924, 1.9772287761204348, 0.01977228776120461
5.659999999999924, 1.3778977894600413, 0.01377897789460028
5.6699999999999235, 0.7841189466612328, 0.007841189466612605
5.679999999999923, 0.19601424448453586, 0.001960142444846436
5.689999999999923, -0.38629722791449406, -0.003862972279144567
5.699999999999923, -0.962699295601944, -0.009626992956018942
5.709999999999923, -1.5330787035464883, -0.0153307870354645
5.7199999999999225, -2.0973251213722115, -0.02097325121372119
5.729999999999922, -2.655331147191143, -0.026553311471910437
5.739999999999922, -3.2069923105235354, -0.032069923105235223
5.749999999999922, -3.752207074314006, -0.03752207074313962
5.759999999999922, -4.290876836052075, -0.042908768360520266
5.769999999999921, -4.822905928005543, -0.04822905928005525
5.779999999999921, -5.348201616575533, -0.05348201616575522
5.789999999999921, -5.8666741007821415, -0.05866674100782153
5.799999999999921, -6.378236509889746, -0.06378236509889657
5.809999999999921, -6.882804900181316, -0.06882804900181226
5.81999999999992, -7.380298250891048, -0.07380298250891035
5.82999999999992, -7.8706384593050345, -0.07870638459305035
5.83999999999992, -8.353750335039628, -0.08353750335039652
5.84999999999992, -8.829561593507407, -0.08829561593507448
5.8599999999999195, -9.298002848580786, -0.09298002848580779
5.869999999999919, -9.759007604463477, -0.09759007604463356
5.879999999999919, -10.212512246779966, -0.10212512246779983
5.889999999999919, -10.658456032893767, -0.10658456032893697
5.899999999999919, -11.096781081464513, -0.1109678108146451
5.909999999999918, -11.527432361255144, -0.11527432361255321
5.919999999999918, -11.950357679199513, -0.11950357679199523
5.929999999999918, -12.365507667741646, -0.12365507667741633
5.939999999999918, -12.772835771457558, -0.12772835771457516
5.949999999999918, -13.172298232970704, -0.13172298232970614
5.959999999999917, -13.563854078172454, -0.1356385407817255
5.969999999999917, -13.947465100758805, -0.13947465100758694
5.979999999999917, -14.32309584609461, -0.1432309584609454
5.989999999999917, -14.690713594417367, -0.1469071359441733
5.9999999999999165, -15.050288343391337, -0.1505028834339132
6.009999999999916, -15.401792790024452, -0.15401792790024452
6.019999999999916, -15.745202311959218, -0.157452023119592
6.029999999999916, -16.080494948149635, -0.16080494948149573
6.039999999999916, -16.407651378936137, -0.16407651378936103
6.0499999999999154, -16.72665490553011, -0.16726654905530086
6.059999999999915, -17.03749142892036, -0.17037491428920323
6.069999999999915, -17.340149428213536, -0.17340149428213533
6.079999999999915, -17.634619938420173, -0.1763461993842024
6.089999999999915, -17.92089652769927, -0.17920896527699184
6.099999999999914, -18.198975274072723, -0.18198975274072754
6.109999999999914, -18.468854741622692, -0.18468854741622703
6.119999999999914, -18.730535956183303, -0.18730535956183283
6.129999999999914, -18.984022380539727, -0.1898402238053967
6.1399999999999135, -19.229319889146424, -0.19229319889146324
6.149999999999913, -19.466436742377198, -0.19466436742377163
6.159999999999913, -19.695383560319, -0.19695383560318985
6.169999999999913, -19.916173296122622, -0.19916173296122727
6.179999999999913, -20.128821208921593, -0.20128821208921568
6.1899999999999125, -20.333344836332543, -0.20333344836332448
6.199999999999912, -20.529763966549012, -0.20529763966548967
6.209999999999912, -20.718100610041063, -0.20718100610041157
6.219999999999912, -20.89837897087321, -0.2089837897087325
6.229999999999912, -21.070625417652906, -0.2107062541765292
6.239999999999911, -21.234868454122065, -0.21234868454122047
6.249999999999911, -21.391138689403775, -0.21391138689403869
6.259999999999911, -21.539468807916734, -0.21539468807916737
6.269999999999911, -21.679893538969353, -0.216798935389694
6.2799999999999105, -21.81244962604636, -0.21812449626046318
6.28999999999991, -21.937175795799376, -0.21937175795799416
6.29999999999991, -22.054112726754312, -0.22054112726754213
6.30999999999991, -22.163303017747552, -0.22163303017747527
6.31999999999991, -22.264791156102802, -0.2226479115610276
6.3299999999999095, -22.35862348556104, -0.22358623485560986
6.339999999999909, -22.444848173975217, -0.22444848173975138
6.349999999999909, -22.523515180782297, -0.22523515180782283
6.359999999999909, -22.594676224263708, -0.2259467622426377
6.369999999999909, -22.658384748606878, -0.22658384748606838
6.379999999999908, -22.714695890779197, -0.22714695890779266
6.389999999999908, -22.763666447226385, -0.22763666447226336
6.399999999999908, -22.805354840406608, -0.2280535484040673
6.409999999999908, -22.839821085172787, -0.2283982108517272
6.419999999999908, -22.86712675501333, -0.22867126755013256
6.429999999999907, -22.887334948164153, -0.22887334948164148
6.439999999999907, -22.900510253602505, -0.22900510253602496
6.449999999999907, -22.90671871693405, -0.22906718716933963
6.459999999999907, -22.906027806184923, -0.22906027806184823
6.4699999999999065, -22.898506377509193, -0.22898506377509106
6.479999999999906, -22.884224640823504, -0.22884224640823453
6.489999999999906, -22.863254125379314, -0.22863254125379273
6.499999999999906, -22.835667645284076, -0.22835667645284105
6.509999999999906, -22.80153926498187, -0.22801539264981896
6.519999999999905, -22.760944264704165, -0.227609442647042
6.529999999999905, -22.71395910590178, -0.2271395910590167
6.539999999999905, -22.660661396667834, -0.226606613966678
6.549999999999905, -22.601129857162704, -0.22601129857162666
6.559999999999905, -22.535444285051, -0.22535444285051012
6.569999999999904, -22.46368552096081, -0.2246368552096084
6.579999999999904, -22.385935413975304, -0.22385935413975205
6.589999999999904, -22.302276787166676, -0.22302276787166608
6.599999999999904, -22.21279340318239, -0.2221279340318246
6.6099999999999035, -22.117569929893122, -0.2211756992989313
6.619999999999903, -22.016691906112726, -0.22016691906112665
6.629999999999903, -21.910245707398957, -0.2191024570739895
6.639999999999903, -21.79831851194473, -0.21798318511944728
6.649999999999903, -21.680998266569574, -0.2168099826656958
6.659999999999902, -21.558373652819483, -0.2155837365281944
6.669999999999902, -21.430534053185198, -0.21430534053185107
6.679999999999902, -21.297569517447158, -0.21297569517447168
6.689999999999902, -21.15957072915637, -0.2115957072915648
6.699999999999902, -21.016628972259227, -0.2101662897225919
6.709999999999901, -20.86883609787563, -0.20868836097875654
6.719999999999901, -20.71628449123817, -0.20716284491238152
6.729999999999901, -20.559067038800748, -0.20559067038800688
6.739999999999901, -20.397277095525084, -0.20397277095524996
6.7499999999999005, -20.23100845235271, -0.2023100845235267
6.7599999999999, -20.060355303870466, -0.200603553038705
6.7699999999999, -19.885412216177457, -0.1988541221617738
6.7799999999999, -19.70627409496055, -0.19706274094960505
6.7899999999999, -19.52303615378645, -0.19523036153786438
6.7999999999998995, -19.335793882617097, -0.19335793882617078
6.809999999999899, -19.144643016556074, -0.19144643016555965
6.819999999999899, -18.949679504832588, -0.18949679504832692
6.829999999999899, -18.750999480030472, -0.1875099948003057
6.839999999999899, -18.54869922756822, -0.1854869922756817
6.849999999999898, -18.34287515543751, -0.18342875155437477
6.859999999999898, -18.133623764205822, -0.1813362376420572
6.869999999999898, -17.921041617290285, -0.1792104161729025
6.879999999999898, -17.705225311508272, -0.17705225311508319
6.8899999999998975, -17.486271447911193, -0.17486271447911192
6.899999999999897, -17.264276602907202, -0.17264276602907302
6.909999999999897, -17.039337299678508, -0.17039337299678511
6.919999999999897, -16.81154997989917, -0.16811549979899115
6.929999999999897, -16.58101097575836, -0.1658101097575839
6.9399999999998965, -16.347816482295045, -0.16347816482295
6.949999999999896, -16.112062530048462, -0.16112062530048457
6.959999999999896, -15.873844958030148, -0.1587384495803016
6.969999999999896, -15.633259387021994, -0.1563325938702199
6.979999999999896, -15.390401193204994, -0.15390401193204964
6.989999999999895, -15.145365482123623, -0.1514536548212357
6.999999999999895, -14.898247062989846, -0.148982470629898
7.009999999999895, -14.649140423331424, -0.14649140423331436
7.019999999999895, -14.398139703988441, -0.14398139703988466
7.0299999999998946, -14.145338674462046, -0.1414533867446206
7.039999999999894, -13.890830708619397, -0.1389083070861937
7.049999999999894, -13.63470876075845, -0.13634708760758432
7.059999999999894, -13.377065342036005, -0.13377065342035885
7.069999999999894, -13.117992497262854, -0.13117992497262873
7.0799999999998935, -12.857581782068742, -0.12857581782068783
7.089999999999893, -12.59592424044061, -0.12595924240440726
7.099999999999893, -12.33311038263728, -0.12333110382637237
7.109999999999893, -12.069230163482942, -0.12069230163482952
7.119999999999893, -11.804372961042567, -0.11804372961042461
7.129999999999892, -11.538627555681593, -0.1153862755568155
7.139999999999892, -11.272082109512468, -0.11272082109512492
7.149999999999892, -11.004824146230128, -0.1100482414623013
7.159999999999892, -10.736940531338838, -0.10736940531338879
7.169999999999892, -10.468517452772069, -0.10468517452771975
7.179999999999891, -10.19964040190765, -0.10199640401907543
7.189999999999891, -9.93039415497951, -0.09930394154979497
7.199999999999891, -9.660862754888178, -0.09660862754888193
7.209999999999891, -9.39112949341078, -0.09391129493410645
7.2199999999998905, -9.121276893812599, -0.09121276893812484
7.22999999999989, -8.851386693860796, -0.08851386693860708
7.23999999999989, -8.581539829241798, -0.08581539829241858
7.24999999999989, -8.311816417383021, -0.0831181641738304
7.25999999999989, -8.042295741679794, -0.08042295741679677
7.269999999999889, -7.7730562361282445, -0.07773056236128124
7.279999999999889, -7.504175470364636, -0.07504175470364578
7.289999999999889, -7.235730135111474, -0.07235730135111432
7.299999999999889, -6.967796028030929, -0.0696779602803088
7.309999999999889, -6.700448039985478, -0.06700448039985375
7.319999999999888, -6.43376014170601, -0.06433760141705945
7.329999999999888, -6.1678053708671285, -0.06167805370867102
7.339999999999888, -5.902655819569759, -0.0590265581956958
7.349999999999888, -5.638382622230388, -0.05638382622230312
7.3599999999998875, -5.375055943876728, -0.05375055943876627
7.369999999999887, -5.112744968849253, -0.05112744968849182
7.379999999999887, -4.851517889907797, -0.04851517889907652
7.389999999999887, -4.5914418977426195, -0.04591441897742617
7.399999999999887, -4.332583170888881, -0.04332583170888849
7.4099999999998865, -4.07500686604363, -0.040750068660435707
7.419999999999886, -3.8187771087841575, -0.03818777108784191
7.429999999999886, -3.56395698468649, -0.035639569846863485
7.439999999999886, -3.31060853084265, -0.033106085308425716
7.449999999999886, -3.0587927277753764, -0.03058792727775388
7.459999999999885, -2.8085694917486013, -0.028085694917485107
7.469999999999885, -2.559997667472153, -0.02559997667472081
7.479999999999885, -2.313135021198894, -0.023131350211988578
7.489999999999885, -2.0680382342124624, -0.02068038234212359
7.4999999999998845, -1.8247628967036773, -0.018247628967036418
7.509999999999884, -1.5833635020335617, -0.015833635020334934
7.519999999999884, -1.3438934413808434, -0.013438934413807982
7.529999999999884, -1.1064049987717137, -0.011064049987716425
7.539999999999884, -0.8709493464895317, -0.008709493464894736
7.5499999999998835, -0.6375765408620562, -0.006375765408619665
7.559999999999883, -0.4063355184236901, -0.004063355184235902
7.569999999999883, -0.17727409245017633, -0.0017727409245014215
7.579999999999883, 0.04956105013693127, 0.0004956105013699721
7.589999999999883, 0.27412435149878944, 0.0027412435149890457
7.599999999999882, 0.4963713852436056, 0.004963713852436225
7.609999999999882, 0.7162588584297254, 0.0071625885842971195
7.619999999999882, 0.9337446132104397, 0.009337446132104781
7.629999999999882, 1.1487876281236264, 0.011487876281236648
7.6399999999998816, 1.361348019029334, 0.013613480190293702
7.649999999999881, 1.5713870396985525, 0.01571387039698614
7.659999999999881, 1.7788670820564656, 0.017788670820565494
7.669999999999881, 1.9837516760835445, 0.01983751676083668
7.679999999999881, 2.186005489377928, 0.021860054893779297
7.6899999999998805, 2.3855943263825488, 0.02385594326382578
7.69999999999988, 2.5824851272806573, 0.025824851272806846
7.70999999999988, 2.7766459665632617, 0.027766459665633167
7.71999999999988, 2.968046051272289, 0.02968046051272336
7.72999999999988, 3.1566557189231155, 0.03156655718923155
7.739999999999879, 3.3424464351103627, 0.033424464351104174
7.749999999999879, 3.525390790800751, 0.03525390790800739
7.759999999999879, 3.705462499317022, 0.037054624993171074
7.769999999999879, 3.882636393016776, 0.03882636393016769
7.779999999999879, 4.05688841967039, 0.040568884196703445
7.789999999999878, 4.228195638542033, 0.04228195638542136
7.799999999999878, 4.396536216177797, 0.043965362161778265
7.809999999999878, 4.561889421905381, 0.045618894219054386
7.819999999999878, 4.7242356230492, 0.04724235623049248
7.8299999999998775, 4.8835562798655126, 0.0488355627986556
7.839999999999877, 5.039833940201575, 0.05039833940201555
7.849999999999877, 5.193052233883414, 0.05193052233883455
7.859999999999877, 5.343195866836336, 0.05343195866836364
7.869999999999877, 5.490250614942912, 0.05490250614942989
7.879999999999876, 5.634203317642466, 0.056342033176424146
7.889999999999876, 5.775041871276997, 0.05775041871277038
7.899999999999876, 5.912755222187702, 0.05912755222187863
7.909999999999876, 6.047333359566778, 0.06047333359566868
7.919999999999876, 6.178767308069119, 0.061787673080691295
7.929999999999875, 6.307049120188395, 0.06307049120188389
7.939999999999875, 6.4321718684021825, 0.06432171868402235
7.949999999999875, 6.554129637090803, 0.06554129637090898
7.959999999999875, 6.672917514234573, 0.06672917514234554
7.9699999999998745, 6.7885315828939525, 0.06788531582894025
7.979999999999874, 6.900968912477623, 0.06900968912477651
7.989999999999874, 7.010227549802831, 0.07010227549802847
7.999999999999874, 7.116306509953148, 0.0711630650995321
8.009999999999874, 7.219205766937961, 0.0721920576693802
8.019999999999873, 7.318926244158785, 0.07318926244158715
8.029999999999873, 7.415469804687071, 0.07415469804687136
8.039999999999873, 7.508839241358114, 0.07508839241358063
8.049999999999873, 7.599038266686183, 0.0759903826668619
8.059999999999873, 7.686071502605337, 0.07686071502605347
8.069999999999872, 7.76994447004094, 0.07769944470041028
8.079999999999872, 7.850663578316524, 0.07850663578316487
8.089999999999872, 7.9282361144009705, 0.07928236114401006
8.099999999999872, 8.002670232000611, 0.0800267023200074
8.109999999999872, 8.07397494050118, 0.08073974940501227
8.119999999999871, 8.142160093764396, 0.08142160093764467
8.129999999999871, 8.207236378783968, 0.08207236378783948
8.139999999999871, 8.269215304205673, 0.08269215304205707
8.14999999999987, 8.328109188716539, 0.08328109188716527
8.15999999999987, 8.383931149307692, 0.08383931149307652
8.16999999999987, 8.4366950894157, 0.0843669508941571
8.17999999999987, 8.486415686947147, 0.08486415686947231
8.18999999999987, 8.533108382191294, 0.08533108382191325
8.19999999999987, 8.576789365625217, 0.08576789365625186
8.20999999999987, 8.617475565616644, 0.08617475565616564
8.21999999999987, 8.655184636028615, 0.08655184636028643
8.229999999999869, 8.689934943731174, 0.08689934943731213
8.239999999999869, 8.721745556024239, 0.08721745556024246
8.249999999999869, 8.750636227976763, 0.08750636227976846
8.259999999999868, 8.776627389686439, 0.0877662738968647
8.269999999999868, 8.799740133464702, 0.08799740133464808
8.279999999999868, 8.819996200951643, 0.08819996200951694
8.289999999999868, 8.837417970165184, 0.08837417970165305
8.299999999999867, 8.852028442489306, 0.08852028442489371
8.309999999999867, 8.863851229605551, 0.08863851229605538
8.319999999999867, 8.87291054037241, 0.08872910540372488
8.329999999999867, 8.879231167657075, 0.08879231167657178
8.339999999999867, 8.882838475123862, 0.08882838475123832
8.349999999999866, 8.883758383983604, 0.08883758383983652
8.359999999999866, 8.882017359708634, 0.08882017359708692
8.369999999999866, 8.877642398717427, 0.08877642398717431
8.379999999999866, 8.870661015033129, 0.08870661015033164
8.389999999999866, 8.861101226920546, 0.08861101226920579
8.399999999999865, 8.848991543505427, 0.08848991543505488
8.409999999999865, 8.834360951380425, 0.08834360951380486
8.419999999999865, 8.817238901201762, 0.08817238901201827
8.429999999999865, 8.79765529428083, 0.08797655294280923
8.439999999999864, 8.775640469174562, 0.08775640469174566
8.449999999999864, 8.751225188278845, 0.08751225188278881
8.459999999999864, 8.724440624428716, 0.08724440624428667
8.469999999999864, 8.695318347509406, 0.08695318347509491
8.479999999999864, 8.663890311082135, 0.08663890311082141
8.489999999999863, 8.630188839028364, 0.08630188839028442
8.499999999999863, 8.594246612216452, 0.08594246612216383
8.509999999999863, 8.55609665519448, 0.08556096655194544
8.519999999999863, 8.515772322912724, 0.08515772322912804
8.529999999999863, 8.473307287479855, 0.08473307287479888
8.539999999999862, 8.428735524956032, 0.08428735524956137
8.549999999999862, 8.382091302186787, 0.08382091302186788
8.559999999999862, 8.333409163681111, 0.0833340916368106
8.569999999999862, 8.282723918537158, 0.08282723918537199
8.579999999999862, 8.230070627419181, 0.0823007062741917
8.589999999999861, 8.175484589588827, 0.08175484589588883
8.599999999999861, 8.119001329994354, 0.08119001329994412
8.60999999999986, 8.060656586420826, 0.08060656586420961
8.61999999999986, 8.000486296704853, 0.08000486296704887
8.62999999999986, 7.938526586016511, 0.07938526586016498
8.63999999999986, 7.874813754212212, 0.07874813754212276
8.64999999999986, 7.809384263261059, 0.07809384263261045
8.65999999999986, 7.742274724748043, 0.07742274724747994
8.66999999999986, 7.6735218874567614, 0.07673521887456787
8.67999999999986, 7.6031626250350115, 0.07603162625035112
8.68999999999986, 7.531233923745528, 0.07531233923745573
8.699999999999859, 7.457772870305234, 0.07457772870305275
8.709999999999859, 7.382816639815346, 0.07382816639815351
8.719999999999859, 7.3064024837853445, 0.0730640248378532
8.729999999999858, 7.228567718253121, 0.07228567718253175
8.739999999999858, 7.149349712004199, 0.07149349712004227
8.749999999999858, 7.068785874892459, 0.07068785874892564
8.759999999999858, 6.986913646264643, 0.06986913646264684
8.769999999999857, 6.903770483491428, 0.06903770483491536
8.779999999999857, 6.819393850607106, 0.06819393850607133
8.789999999999857, 6.733821207060394, 0.06733821207060407
8.799999999999857, 6.647089996578472, 0.06647089996578441
8.809999999999857, 6.559237636146584, 0.06559237636146685
8.819999999999856, 6.470301505105251, 0.06470301505105193
8.829999999999856, 6.380318934367125, 0.06380318934367239
8.839999999999856, 6.289327195755817, 0.06289327195755895
8.849999999999856, 6.197363491468156, 0.06197363491468197
8.859999999999856, 6.104464943662272, 0.06104464943662293
8.869999999999855, 6.010668584173171, 0.06010668584173235
8.879999999999855, 5.916011344357468, 0.05916011344357572
8.889999999999855, 5.820530045069312, 0.05820530045069373
8.899999999999855, 5.724261386768916, 0.05724261386768968
8.909999999999854, 5.627241939765579, 0.056272419397655975
8.919999999999854, 5.529508134596469, 0.05529508134596462
8.929999999999854, 5.431096252543007, 0.05431096252543017
8.939999999999854, 5.332042416286132, 0.05332042416286157
8.949999999999854, 5.2323825807018025, 0.05232382580701842
8.959999999999853, 5.132152523798311, 0.05132152523798272
8.969999999999853, 5.031387837796466, 0.050313878377965277
8.979999999999853, 4.930123920354017, 0.04930123920354037
8.989999999999853, 4.828395965935506, 0.048283959659355336
8.999999999999853, 4.726238957328565, 0.04726238957328619
9.009999999999852, 4.6236876573079115, 0.04623687657307881
9.019999999999852, 4.520776600447871, 0.04520776600447944
9.029999999999852, 4.417540085084532, 0.04417540085084607
9.039999999999852, 4.314012165428423, 0.04314012165428427
9.049999999999851, 4.2102266438284595, 0.042102266438284734
9.059999999999851, 4.106217063188115, 0.041062170631881334
9.069999999999851, 4.002016699534451, 0.04002016699534406
9.07999999999985, 3.8976585547408042, 0.03897658554740795
9.08999999999985, 3.7931753494036577, 0.03793175349403721
9.09999999999985, 3.6885995158743903, 0.03688599515874422
9.10999999999985, 3.5839631914463634, 0.03583963191446343
9.11999999999985, 3.479298211697934, 0.034792982116980446
9.12999999999985, 3.3746361039916852, 0.03374636103991728
9.13999999999985, 3.2700080811304186, 0.032700080811304315
9.14999999999985, 3.1654450351701033, 0.03165445035170179
9.15999999999985, 3.060977531390183, 0.03060977531390168
9.169999999999849, 2.9566358024213812, 0.029566358024214333
9.179999999999849, 2.8524497425312525, 0.028524497425313915
9.189999999999849, 2.748448902067592, 0.027484489020675743
9.199999999999848, 2.6446624820597666, 0.026446624820598428
9.209999999999848, 2.5411193289780787, 0.0254111932897812
9.219999999999848, 2.4378479296510864, 0.02437847929651184
9.229999999999848, 2.3348764063408414, 0.02334876406340827
9.239999999999847, 2.2322325119759636, 0.02232232511975923
9.249999999999847, 2.1299436255423903, 0.021299436255424242
9.259999999999847, 2.02803674763161, 0.020280367476316636
9.269999999999847, 1.9265384961461365, 0.019265384961462188
9.279999999999847, 1.8254751021619589, 0.01825475102162098
9.289999999999846, 1.7248724059476048, 0.017248724059476844
9.299999999999846, 1.624755853139499, 0.016247558531395694
9.309999999999846, 1.525150491073143, 0.015251504910732464
9.319999999999846, 1.4260809652697173, 0.01426080965269777
9.329999999999846, 1.3275715160775743, 0.013275715160776446
9.339999999999845, 1.2296459754680864, 0.012296459754681494
9.349999999999845, 1.1323277639852858, 0.01132327763985343
9.359999999999845, 1.035639887848653, 0.010356398878487038
9.369999999999845, 0.9396049362084216, 0.009396049362084257
9.379999999999844, 0.8442450785526785, 0.008442450785527392
9.389999999999844, 0.7495820622655431, 0.0074958206226559704
9.399999999999844, 0.6556372103356094, 0.00655637210335648
9.409999999999844, 0.562431419213921, 0.0056243141921398
9.419999999999844, 0.4699851568205333, 0.004699851568205442
9.429999999999843, 0.37831846069884967, 0.003783184606988761
9.439999999999843, 0.28745093631678253, 0.002874509363168618
9.449999999999843, 0.1974017555137909, 0.001974017555137877
9.459999999999843, 0.10818965509281853, 0.0010818965509278476
9.469999999999843, 0.019832935556077798, 0.00019832935556122168
9.479999999999842, -0.0676505400163343, -0.0006765054001626651
9.489999999999842, -0.15424334694609676, -0.0015424334694602933
9.499999999999842, -0.2399284997957204, -0.002399284997956655
9.509999999999842, -0.32468945306813746, -0.0032468945306811372
9.519999999999841, -0.4085101017680166, -0.00408510101767874
9.529999999999841, -0.49137478182599126, -0.00491374781825912
9.539999999999841, -0.5732682703870622, -0.005732682703869846
9.54999999999984, -0.6541757859644268, -0.006541757859643614
9.55999999999984, -0.734082988460028, -0.007340829884600145
9.56999999999984, -0.8129759790531468, -0.008129759790530945
9.57999999999984, -0.8908412999583861, -0.008908412999583745
9.58999999999984, -0.9676659340544016, -0.009676659340543995
9.59999999999984, -1.043437304384815, -0.010434373043848344
9.60999999999984, -1.1181432735326755, -0.01118143273532563
9.61999999999984, -1.1917721428699668, -0.011917721428699485
9.62999999999984, -1.2643126516835963, -0.012643126516835038
9.639999999999839, -1.335753976179352, -0.01335753976179308
9.649999999999839, -1.406085728365385, -0.01406085728365443
9.659999999999838, -1.4752979548166678, -0.014752979548166248
9.669999999999838, -1.5433811353220728, -0.015433811353219227
9.679999999999838, -1.6103261814155783, -0.016103261814155643
9.689999999999838, -1.67612443479321, -0.01676124434793165
9.699999999999838, -1.7407676656173479, -0.017407676656172613
9.709999999999837, -1.8042480707099946, -0.018042480707099576
9.719999999999837, -1.8665582716366744, -0.0186655827163656
9.729999999999837, -1.927691312682608, -0.019276913126825466
9.739999999999837, -1.9876406587228512, -0.019876406587227648
9.749999999999837, -2.046400192988056, -0.020464001929880196
9.759999999999836, -2.1039642147276325, -0.02103964214727566
9.769999999999836, -2.1603274367719205, -0.021603274367719166
9.779999999999836, -2.215484982995223, -0.02215484982995227
9.789999999999836, -2.269432385681352, -0.02269432385681227
9.799999999999836, -2.322165582793488, -0.02322165582793431
9.809999999999835, -2.373680915150109, -0.02373680915149993
9.819999999999835, -2.42397512350877, -0.024239751235086444
9.829999999999835, -2.4730453455595303, -0.024730453455594697
9.839999999999835, -2.520889112829787, -0.025208891128297845
9.849999999999834, -2.5675043475023624, -0.025675043475023803
9.859999999999834, -2.6128893591486495, -0.02612889359148572
9.869999999999834, -2.6570428413786153, -0.026570428413785187
9.879999999999834, -2.699963868409501, -0.02699963868409451
9.889999999999834, -2.7416518915550743, -0.02741651891555029
9.899999999999833, -2.782106735637228, -0.027821067356372166
9.909999999999833, -2.8213285953218055, -0.028213285953217208
9.919999999999833, -2.8593180313804787, -0.028593180313804433
9.929999999999833, -2.896075966880554, -0.028960759668805486
9.939999999999833, -2.9316036833045285, -0.029316036833045116
9.949999999999832, -2.965902816601295, -0.029659028166012204
9.959999999999832, -2.9989753531707866, -0.029989753531706968
9.969999999999832, -3.0308236257840395, -0.030308236257839544
9.979999999999832, -3.061450309440369, -0.030614503094403556
9.989999999999831, -3.090858417163693, -0.03090858417163657
9.999999999999831, -3.1190512957397374, -0.031190512957396704
