Time, aircraft.y(0), aircraft.y(1)
0, 0.1, 0
0.01, 0.0998591004892751, 0.000141149295330475
0.02, 0.09942834527173812, 0.0003985163160953033
0.03, 0.09871240820961638, 0.0006416812597911322
0.04, 0.09772635054899276, 0.0008180030292191495
0.05, 0.09648931866337017, 0.0009100429629026159
0.060000000000000005, 0.09502167493450768, 0.0009160360693172917
0.07, 0.09334370501079867, 0.0008409487550559676
0.08, 0.09147504855536527, 0.0006923984143271584
0.09, 0.08943446172696767, 0.00047880508000254073
0.09999999999999999, 0.08723973145321459, 0.00020856711612154592
0.10999999999999999, 0.08490765885036625, -0.00011029391902439345
0.11999999999999998, 0.08245407383423124, -0.0004702740699851998
0.12999999999999998, 0.0798938634933896, -0.0008644304454901383
0.13999999999999999, 0.07724100622350422, -0.0012863810383130518
0.15, 0.07450860795088293, -0.0017302855188265805
0.16, 0.07170893876132642, -0.002190818262491027
0.17, 0.06885346916288893, -0.0026631387395155376
0.18000000000000002, 0.065952905630117, -0.0031428615806230404
0.19000000000000003, 0.06301722526975276, -0.0036260273423409095
0.20000000000000004, 0.060055709536463484, -0.004109074404486865
0.21000000000000005, 0.05707697696819709, -0.004588812163010382
0.22000000000000006, 0.054089014930089795, -0.005062395559230745
0.23000000000000007, 0.05109921036529944, -0.005527300931944388
0.24000000000000007, 0.04811437955610848, -0.005981303155202375
0.25000000000000006, 0.04514079690159164, -0.006422454014965361
0.26000000000000006, 0.04218422272018278, -0.0068490617746197295
0.2700000000000001, 0.03924993008709321, -0.0072596718789584205
0.2800000000000001, 0.036342730717942195, -0.0076530487470861585
0.2900000000000001, 0.03346699991124492, -0.008028158606073806
0.3000000000000001, 0.03062670056359439, -0.008384153318735077
0.3100000000000001, 0.027825406272480493, -0.00872035516048893
0.3200000000000001, 0.0250663235427094, -0.009036242501843521
0.3300000000000001, 0.022352313113318013, -0.009331436354570385
0.34000000000000014, 0.019685910422717057, -0.009605687741124481
0.35000000000000014, 0.017069345230541592, -0.00985886584830719
0.36000000000000015, 0.014504560415338697, -0.010090946927568033
0.37000000000000016, 0.011993229967779854, -0.010302003905699988
0.38000000000000017, 0.009536776199552382, -0.010492196671005831
0.3900000000000002, 0.007136386188463333, -0.010661763001301434
0.4000000000000002, 0.0047930274805843935, -0.0108110101013783
0.4100000000000002, 0.002507463070482021, -0.010940306718773475
0.4200000000000002, 0.0002802656807180397, -0.01105007580789126
0.4300000000000002, -0.0018881686381227677, -0.011140787713688672
0.4400000000000002, -0.0039976075656147775, -0.011212953847275988
0.45000000000000023, -0.006047970206672729, -0.011267120826894992
0.46000000000000024, -0.008039315402628453, -0.0113038650588211
0.47000000000000025, -0.009971830637256063, -0.011323787733791429
0.48000000000000026, -0.011845821516999767, -0.01132751021558885
0.49000000000000027, -0.01366170180489979, -0.011315669799412488
0.5000000000000002, -0.015419983987989076, -0.01128891581863756
0.5100000000000002, -0.017121270358242364, -0.011247906079512178
0.5200000000000002, -0.01876624458749604, -0.011193303604255581
0.5300000000000002, -0.02035566377711836, -0.011125773663911343
0.5400000000000003, -0.021890350963591786, -0.011045981083170422
0.5500000000000003, -0.02337118806156935, -0.010954587800212709
0.5600000000000003, -0.024799109226382097, -0.010852250665422008
0.5700000000000003, -0.026175094618402384, -0.010739619463608562
0.5800000000000003, -0.027500164552105584, -0.01061733514512534
0.5900000000000003, -0.028775374013118374, -0.010486028251989897
0.6000000000000003, -0.030001807526993347, -0.010346317525822851
0.6100000000000003, -0.031180574363905318, -0.010198808685087385
0.6200000000000003, -0.03231280406392271, -0.010044093359762129
0.6300000000000003, -0.03339964226796642, -0.009882748172202692
0.6400000000000003, -0.03444224684002712, -0.009715333953545539
0.6500000000000004, -0.03544178426666885, -0.009542395085582384
0.6600000000000004, -0.03639942632030105, -0.009364458958584282
0.6700000000000004, -0.03731634697315163, -0.009182035536082805
0.6800000000000004, -0.03819371954931971, -0.00899561701812146
0.6900000000000004, -0.03903271410272724, -0.008805677594974802
0.7000000000000004, -0.03983449500922337, -0.008612673283795629
0.7100000000000004, -0.04060021876152338, -0.008417041841093311
0.7200000000000004, -0.0413310319560848, -0.008219202744368923
0.7300000000000004, -0.04202806946143666, -0.008019557236636284
0.7400000000000004, -0.042692452757882846, -0.007818488427942766
0.7500000000000004, -0.04332528843889743, -0.007616361448370388
0.7600000000000005, -0.04392766686491811, -0.007413523647346994
0.7700000000000005, -0.044500660960623016, -0.007210304834429703
0.7800000000000005, -0.04504532514714635, -0.0070070175570389704
0.7900000000000005, -0.04556269440104944, -0.006803957410922062
0.8000000000000005, -0.046053783432215036, -0.006601403379410174
0.8100000000000005, -0.04651958597317502, -0.0063996181978042375
0.8200000000000005, -0.04696107417271413, -0.006198848739481402
0.8300000000000005, -0.047379198086915375, -0.005999326420557599
0.8400000000000005, -0.047774885261126186, -0.005801267620172204
0.8500000000000005, -0.04814904039662841, -0.005604874113678982
0.8600000000000005, -0.048502545096089505, -0.005410333516233842
0.8700000000000006, -0.04883625768215742, -0.005217819734464863
0.8800000000000006, -0.04915101308383717, -0.005027493424094126
0.8900000000000006, -0.0494476227855535, -0.004839502451554482
0.9000000000000006, -0.04972687483406134, -0.004653982357808064
0.9100000000000006, -0.04998953389861363, -0.0044710568227274376
0.9200000000000006, -0.05023634138003579, -0.004290838128545302
0.9300000000000006, -0.05046801556458611, -0.00411342762101493
0.9400000000000006, -0.05068525181870369, -0.003938916167051573
0.9500000000000006, -0.05088872282095863, -0.0037673846077451146
0.9600000000000006, -0.05107907882772461, -0.0035989042057468228
0.9700000000000006, -0.051256947969290825, -0.0034335370861384128
0.9800000000000006, -0.051422936573319596, -0.0032713366699901776
0.9900000000000007, -0.05157762951273711, -0.003112348099906969
1.0000000000000007, -0.05172159057531883, -0.002956608656946689
1.0100000000000007, -0.05185536285239734, -0.0028041481683759445
1.0200000000000007, -0.05197946914427983, -0.0026549894058019432
1.0300000000000007, -0.052094412380114676, -0.0025091484732888817
1.0400000000000007, -0.05220067605009207, -0.002366635185131208
1.0500000000000007, -0.05229872464800266, -0.0022274534330155677
1.0600000000000007, -0.05238900412231057, -0.0020916015423581703
1.0700000000000007, -0.052471942334023615, -0.0019590726176549984
1.0800000000000007, -0.0525479495197639, -0.0018298548767289812
1.0900000000000007, -0.05261741875855633, -0.00170393197380114
1.1000000000000008, -0.05268072644096161, -0.0015812833113520704
1.1100000000000008, -0.05273823273928388, -0.001461884340776086
1.1200000000000008, -0.05279028207768102, -0.0013457068518631695
1.1300000000000008, -0.052837203601099336, -0.0012327192511736994
1.1400000000000008, -0.052879311642042105, -0.0011228868293979629
1.1500000000000008, -0.05291690618426557, -0.0010161720178168607
1.1600000000000008, -0.05295027332257469, -0.0009125346340021542
1.1700000000000008, -0.05297968571796587, -0.0008119321169142296
1.1800000000000008, -0.05300540304743452, -0.0007143197515728229
1.1900000000000008, -0.053027672447831624, -0.0006196508834915902
1.2000000000000008, -0.05304672895321652, -0.0005278771230809679
1.2100000000000009, -0.05306279592521189, -0.00043894854023556146
1.2200000000000009, -0.05307608547592247, -0.0003528138493324592
1.2300000000000009, -0.05308679888303124, -0.00026942058487549865
1.2400000000000009, -0.05309512699673556, -0.00018871526802773225
1.2500000000000009, -0.05310125063823159, -0.00011064356428023992
1.260000000000001, -0.05310534098949805, -3.5150432510128136E-05
1.270000000000001, -0.05310755997417056, 3.7819734315878176E-05
1.280000000000001, -0.05310806062933485, 0.00010832297653331215
1.290000000000001, -0.05310698746810201, 0.00017641564300678966
1.300000000000001, -0.05310447683286137, 0.00024215427393055433
1.310000000000001, -0.053100657239136206, 0.0003055954909416082
1.320000000000001, -0.05309564970999569, 0.00036679589428511607
1.330000000000001, -0.05308956810100172, 0.0004258119667732602
1.340000000000001, -0.05308251941569334, 0.00048269998428081387
1.350000000000001, -0.05307460411163293, 0.0005375159325233401
1.360000000000001, -0.05306591639705848, 0.0005903154298670506
1.370000000000001, -0.05305654451820463, 0.000641153655922929
1.380000000000001, -0.05304657103737162, 0.0006900852856816874
1.390000000000001, -0.053036073101836806, 0.0007371644289504313
1.400000000000001, -0.0530251227037168, 0.0007824445748565281
1.410000000000001, -0.05301378693090101, 0.0008259785411890575
1.420000000000001, -0.053002128209188266, 0.0008678184283533345
1.430000000000001, -0.0529902045357683, 0.000908015577719311
1.440000000000001, -0.05297806970419858, 0.0009466205341501371
1.450000000000001, -0.052965773521034876, 0.000983683012502778
1.460000000000001, -0.05295336201428055, 0.0010192518678983045
1.470000000000001, -0.05294087763382559, 0.0010533750695652828
1.480000000000001, -0.05292835944405125, 0.0010860996780655576
1.490000000000001, -0.0529158433087805, 0.0011174718257176341
1.500000000000001, -0.052903362068757724, 0.0011475367000387839
1.5100000000000011, -0.052890945711843995, 0.0011763385300329406
1.5200000000000011, -0.05287862153611623, 0.0012039205751573606
1.5300000000000011, -0.052866414306060046, 0.0012303251168069148
1.5400000000000011, -0.052854346402047066, 0.0012555934521607194
1.5500000000000012, -0.05284243796328771, 0.0012797658902416057
1.5600000000000012, -0.052830707024450585, 0.0013028817500446484
1.5700000000000012, -0.05281916964613887, 0.0013249793605966194
1.5800000000000012, -0.0528078400394134, 0.0013460960628137958
1.5900000000000012, -0.052796730684550555, 0.0013662682130310172
1.6000000000000012, -0.0527858524442218, 0.0013855311880802555
1.6100000000000012, -0.05277521467127937, 0.0014039193918022194
1.6200000000000012, -0.05276482531133082, 0.001421466262879666
1.6300000000000012, -0.05275469100028222, 0.0014382042838861245
1.6400000000000012, -0.05274481715702759, 0.0014541649914486426
1.6500000000000012, -0.05273520807145888, 0.001469378987427965
1.6600000000000013, -0.05272586698796788, 0.0014838759510242025
1.6700000000000013, -0.05271679618460834, 0.0014976846517205905
1.6800000000000013, -0.05270799704808307, 0.0015108329629823381
1.6900000000000013, -0.05269947014471734, 0.001523347876631837
1.7000000000000013, -0.0526912152875764, 0.0015352555178256419
1.7100000000000013, -0.05268323159988127, 0.0015465811605626413
1.7200000000000013, -0.05267551757487315, 0.0015573492436567141
1.7300000000000013, -0.052668071132273106, 0.0015675833871109093
1.7400000000000013, -0.05266088967147989, 0.001577306408833804
1.7500000000000013, -0.052653970121644765, 0.0015865403416421753
1.7600000000000013, -0.052647308988758565, 0.0015953064504974801
1.7700000000000014, -0.052640902399882124, 0.001603625249926866
1.7800000000000014, -0.052634746144647526, 0.0016115165215825386
1.7900000000000014, -0.052628835714153645, 0.001618999331896297
1.8000000000000014, -0.05262316633737568, 0.001626092049788903
1.8100000000000014, -0.05261773301520459, 0.0016328123643966983
1.8200000000000014, -0.052612530552228434, 0.0016391773027805052
1.8300000000000014, -0.05260755358636418, 0.001645203247584361
1.8400000000000014, -0.05260279661644444, 0.0016509059546140365
1.8500000000000014, -0.052598254027860315, 0.001656300570307581
1.8600000000000014, -0.05259392011635783, 0.0016614016490723237
1.8700000000000014, -0.05258978911008178, 0.0016662231704648465
1.8800000000000014, -0.05258585518995762, 0.0016707785561924243
1.8900000000000015, -0.05258211250849833, 0.001675080686916317
1.9000000000000015, -0.05257855520712014, 0.0016791419188390928
1.9100000000000015, -0.05257517743204758, 0.0016829741000598559
1.9200000000000015, -0.0525719733488851, 0.0016865885866828715
1.9300000000000015, -0.052568937155929606, 0.001689996258666603
1.9400000000000015, -0.05256606309629497, 0.0016932075354016212
1.9500000000000015, -0.052563345468916806, 0.001696232391007211
1.9600000000000015, -0.05256077863850285, 0.0016990803693377834
1.9700000000000015, -0.05255835704449143, 0.0017017605986914184
1.9800000000000015, -0.05255607520907793, 0.0017042818062140014
1.9900000000000015, -0.05255392774436632, 0.001706652331993489
2.0000000000000013, -0.0525519093587005, 0.0017088801428398468
2.010000000000001, -0.052550014862227434, 0.001710972845747142
2.020000000000001, -0.05254823917174189, 0.001712937701035159
2.0300000000000007, -0.0525465773148601, 0.0017147816351687237
2.0400000000000005, -0.05254502443356755, 0.0017165112532536964
2.0500000000000003, -0.05254357578718373, 0.0017181328512093016
2.06, -0.05254222675478475, 0.0017196524276171272
2.07, -0.05254097283712267, 0.0017210756952477405
2.0799999999999996, -0.05253980965807823, 0.0017224080922664381
2.0899999999999994, -0.052538732965682185, 0.0017236547931201642
2.099999999999999, -0.0525377386327381, 0.0017248207191081087
2.109999999999999, -0.05253682265707822, 0.0017259105486389667
2.1199999999999988, -0.052535981161482025, 0.0017269287271781952
2.1299999999999986, -0.05253521039328552, 0.0017278794768890114
2.1399999999999983, -0.05253450672370791, 0.0017287668059711872
2.149999999999998, -0.052533866646920585, 0.001729594517701998
2.159999999999998, -0.052533286778882124, 0.0017303662191839638
2.1699999999999977, -0.05253276385596152, 0.0017310853298042363
2.1799999999999975, -0.05253229473337055, 0.0017317550894107227
2.1899999999999973, -0.05253187638342503, 0.0017323785662102145
2.199999999999997, -0.05253150589365341, 0.0017329586643939378
2.209999999999997, -0.05253118046476998, 0.001733498131496106
2.2199999999999966, -0.05253089740852912, 0.0017339995654911515
2.2299999999999964, -0.05253065414547552, 0.0017344654216354188
2.239999999999996, -0.05253044820260483, 0.0017348980190591862
2.249999999999996, -0.05253027721094788, 0.001735299547114928
2.259999999999996, -0.05253013890309077, 0.0017356720714877887
2.2699999999999956, -0.052530031110642465, 0.0017360175400742593
2.2799999999999954, -0.05252995176166042, 0.001736337788635067
2.289999999999995, -0.05252989887804428, 0.001736634546228285
2.299999999999995, -0.052529870572906714, 0.0017369094404286584
2.3099999999999947, -0.05252986504792988, 0.0017371640023391307
2.3199999999999945, -0.05252988059071536, 0.0017373996714005007
2.3299999999999943, -0.05252991557213471, 0.0017376178000051183
2.339999999999994, -0.0525299684436872, 0.0017378196579204653
2.349999999999994, -0.052530037734870805, 0.0017380064365284096
2.3599999999999937, -0.05253012205057193, 0.0017381792528858512
2.3699999999999934, -0.05253022006847885, 0.0017383391536124142
2.3799999999999932, -0.05253033053652344, 0.0017384871186107477
2.389999999999993, -0.052530452270355195, 0.0017386240646249211
2.399999999999993, -0.05253058415085132, 0.0017387508486423082
2.4099999999999926, -0.05253072512166608, 0.0017388682711442576
2.4199999999999924, -0.052530874186822334, 0.001738977079210752
2.429999999999992, -0.05253103040834788, 0.0017390779694841558
2.439999999999992, -0.05253119290395877, 0.0017391715909970498
2.4499999999999917, -0.052531360844791604, 0.0017392585478690386
2.4599999999999915, -0.05253153345318641, 0.0017393394018773174
2.4699999999999913, -0.05253171000052157, 0.0017394146749056664
2.479999999999991, -0.05253188980510189, 0.0017394848512764336
2.489999999999991, -0.0525320722301008, 0.0017395503799699566
2.4999999999999907, -0.05253225668155729, 0.0017396116767357571
2.5099999999999905, -0.05253244260642829, 0.001739669126099729
2.5199999999999902, -0.052532629490696627, 0.0017397230832714328
2.52999999999999, -0.05253281685753491, 0.00173977387595549
2.53999999999999, -0.052533004265525214, 0.0017398218060709599
2.5499999999999896, -0.052533191306934617, 0.0017398671513824732
2.5599999999999894, -0.05253337760604613, 0.0017399101670467789
2.569999999999989, -0.05253356281754486, 0.0017399510870782554
2.579999999999989, -0.052533746624958785, 0.0017399901257368273
2.5899999999999888, -0.05253392873915368, 0.0017400274788416162
2.5999999999999885, -0.05253410889688145, 0.0017400633250135558
2.6099999999999883, -0.05253428685938113, 0.0017400978268500872
2.619999999999988, -0.0525344624110319, 0.001740131132034954
2.629999999999988, -0.05253463535805702, 0.0017401633743860106
2.6399999999999877, -0.0525348055272779, 0.0017401946748438603
2.6499999999999875, -0.05253497276491732, 0.001740225142404037
2.6599999999999873, -0.05253513693545076, 0.001740254874995354
2.669999999999987, -0.052535297920504744, 0.0017402839603069427
2.679999999999987, -0.052535455617801215, 0.0017403124765664193
2.6899999999999866, -0.052535609940146756, 0.0017403404932715186
2.6999999999999864, -0.052535760814465524, 0.0017403680718774534
2.709999999999986, -0.052535908180874814, 0.0017403952664421676
2.719999999999986, -0.05253605199180203, 0.00174042212423157
2.7299999999999858, -0.052536192211141905, 0.0017404486862867509
2.7399999999999856, -0.052536328813452854, 0.0017404749879551071
2.7499999999999853, -0.05253646178319123, 0.0017405010593872239
2.759999999999985, -0.05253659111398229, 0.0017405269260012818
2.769999999999985, -0.05253671680792682, 0.0017405526089166912
2.7799999999999847, -0.0525368388749421, 0.00174057812535858
2.7899999999999845, -0.05253695733213622, 0.001740603489034695
2.7999999999999843, -0.05253707220321443, 0.0017406287104862071
2.809999999999984, -0.052537183517916614, 0.001740653797413852
2.819999999999984, -0.05253729131148455, 0.001740678754980767
2.8299999999999836, -0.05253739562415804, 0.0017407035860933318
2.8399999999999834, -0.0525374965006987, 0.0017407282916612583
2.849999999999983, -0.0525375939899405, 0.0017407528708381194
2.859999999999983, -0.052537688144365824, 0.0017407773212434515
2.869999999999983, -0.05253777901970622, 0.0017408016391675123
2.8799999999999826, -0.05253786667456674, 0.001740825819759727
2.8899999999999824, -0.05253795117007288, 0.001740849857201805
2.899999999999982, -0.052538032569539254, 0.0017408737448664606
2.909999999999982, -0.052538110938159036, 0.001740897475462629
2.9199999999999817, -0.05253818634271321, 0.0017409210411680252
2.9299999999999815, -0.05253825885129886, 0.001740944433749845
2.9399999999999813, -0.052538328533075544, 0.0017409676446743776
2.949999999999981, -0.05253839545802898, 0.0017409906652062503
2.959999999999981, -0.052538459696751236, 0.0017410134864979934
2.9699999999999807, -0.05253852132023661, 0.0017410360996705785
2.9799999999999804, -0.0525385803996925, 0.0017410584958855468
2.9899999999999802, -0.052538637006364436, 0.0017410806664093098
2.99999999999998, -0.052538691211374694, 0.001741102602670179
3.00999999999998, -0.05253874308557369, 0.0017411242963086444
3.0199999999999796, -0.052538792699403605, 0.001741145739221396
3.0299999999999794, -0.05253884012277345, 0.0017411669235995561
3.039999999999979, -0.052538885424945156, 0.0017411878419615607
3.049999999999979, -0.052538928674429934, 0.0017412084871811047
3.0599999999999787, -0.05253896993889439, 0.0017412288525105422
3.0699999999999785, -0.0525390092850759, 0.00174124893160011
3.0799999999999783, -0.05253904677870661, 0.0017412687185133166
3.089999999999978, -0.05253908248444569, 0.0017412882077388276
3.099999999999978, -0.052539116465819234, 0.001741307394199145
3.1099999999999777, -0.05253914878516741, 0.001741326273256373
3.1199999999999775, -0.05253917950359841, 0.001741344840715334
3.1299999999999772, -0.05253920868094877, 0.0017413630928242883
3.139999999999977, -0.0525392363757496, 0.0017413810262734896
3.149999999999977, -0.0525392626451985, 0.001741398638191798
3.1599999999999766, -0.05253928754513654, 0.0017414159261415533
3.1699999999999764, -0.05253931113003014, 0.0017414328881118998
3.179999999999976, -0.05253933345295751, 0.0017414495225107401
3.189999999999976, -0.052539354565599224, 0.0017414658281554832
3.1999999999999758, -0.05253937451823263, 0.0017414818042627378
3.2099999999999755, -0.05253939335972997, 0.001741497450437097
3.2199999999999753, -0.05253941113755971, 0.0017415127666591422
3.229999999999975, -0.052539427897790945, 0.0017415277532727884
3.239999999999975, -0.05253944368510066, 0.0017415424109720847
3.2499999999999747, -0.05253945854278349, 0.0017415567407875706
3.2599999999999745, -0.05253947251276384, 0.0017415707440722854
3.2699999999999743, -0.05253948563561017, 0.0017415844224875161
3.279999999999974, -0.052539497950551184, 0.0017415977779883644
3.289999999999974, -0.052539509495493755, 0.0017416108128092034
3.2999999999999736, -0.05253952030704245, 0.0017416235294490936
3.3099999999999734, -0.05253953042052044, 0.001741635930657215
3.319999999999973, -0.052539539869991624, 0.0017416480194183705
3.329999999999973, -0.05253954868828391, 0.001741659798938611
3.3399999999999728, -0.05253955690701338, 0.0017416712726310236
3.3499999999999726, -0.05253956455660935, 0.001741682444101724
3.3599999999999723, -0.052539571666340094, 0.0017416933171360866
3.369999999999972, -0.05253957826433914, 0.0017417038956852446
3.379999999999972, -0.052539584377632106, 0.0017417141838528842
3.3899999999999717, -0.0525395900321639, 0.0017417241858823606
3.3999999999999715, -0.05253959525282618, 0.0017417339061441513
3.4099999999999713, -0.05253960006348506, 0.001741743349123667
3.419999999999971, -0.05253960448700896, 0.0017417525194094337
3.429999999999971, -0.05253960854529642, 0.001741761421681656
3.4399999999999706, -0.05253961225930405, 0.0017417700607011745
3.4499999999999704, -0.05253961564907425, 0.0017417784412988194
3.45999999999997, -0.05253961873376292, 0.0017417865683651708
3.46999999999997, -0.05253962153166692, 0.0017417944468407255
3.47999999999997, -0.05253962406025129, 0.0017418020817064719
3.4899999999999696, -0.052539626336176266, 0.0017418094779748747
3.4999999999999694, -0.05253962837532389, 0.0017418166406812678
3.509999999999969, -0.05253963019282433, 0.0017418235748756512
3.519999999999969, -0.05253963180308181, 0.0017418302856148896
3.5299999999999687, -0.0525396332198001, 0.0017418367779553077
3.5399999999999685, -0.05253963445600757, 0.0017418430569456755
3.5499999999999683, -0.05253963552408183, 0.0017418491276205792
3.559999999999968, -0.052539636435773855, 0.0017418549949941681
3.569999999999968, -0.052539637202231614, 0.0017418606640542704
3.5799999999999677, -0.05253963783402317, 0.0017418661397568707
3.5899999999999674, -0.052539638341159316, 0.0017418714270209393
3.5999999999999672, -0.05253963873311561, 0.0017418765307236031
3.609999999999967, -0.05253963901885392, 0.0017418814556956507
3.619999999999967, -0.05253963920684339, 0.0017418862067173596
3.6299999999999666, -0.05253963930508087, 0.0017418907885146365
3.6399999999999664, -0.05253963932111078, 0.001741895205755461
3.649999999999966, -0.052539639262044434, 0.001741899463046621
3.659999999999966, -0.052539639134578785, 0.0017419035649307295
3.6699999999999657, -0.05253963894501463, 0.0017419075158835126
3.6799999999999655, -0.05253963869927428, 0.0017419113203113595
3.6899999999999653, -0.05253963840291863, 0.0017419149825491217
3.699999999999965, -0.05253963806116375, 0.0017419185068581514
3.709999999999965, -0.05253963767889688, 0.0017419218974245709
3.7199999999999647, -0.05253963726069195, 0.0017419251583577597
3.7299999999999645, -0.052539636810824485, 0.0017419282936890518
3.7399999999999642, -0.05253963633328611, 0.0017419313073706321
3.749999999999964, -0.052539635831798444, 0.0017419342032746218
3.759999999999964, -0.052539635309826554, 0.0017419369851923432
3.7699999999999636, -0.05253963477059189, 0.001741939656833757
3.7799999999999634, -0.05253963421708474, 0.0017419422218270583
3.789999999999963, -0.05253963365207622, 0.0017419446837184274
3.799999999999963, -0.05253963307812981, 0.0017419470459719229
3.8099999999999627, -0.05253963249761241, 0.0017419493119695104
3.8199999999999625, -0.052539631912704984, 0.0017419514850112183
3.8299999999999623, -0.052539631325412756, 0.001741953568315413
3.839999999999962, -0.052539630737575005, 0.0017419555650191852
3.849999999999962, -0.05253963015087442, 0.0017419574781788395
3.8599999999999617, -0.0525396295668461, 0.001741959310770482
3.8699999999999615, -0.05253962898688613, 0.0017419610656906966
3.8799999999999613, -0.05253962841225982, 0.001741962745757305
3.889999999999961, -0.05253962784410953, 0.001741964353710203
3.899999999999961, -0.0525396272834622, 0.0017419658922122672
3.9099999999999606, -0.05253962673123647, 0.0017419673638503267
3.9199999999999604, -0.05253962618824959, 0.001741968771136193
3.92999999999996, -0.052539625655223826, 0.0017419701165077442
3.93999999999996, -0.05253962513279275, 0.0017419714023300561
3.9499999999999598, -0.052539624621507075, 0.0017419726308965779
3.9599999999999596, -0.05253962412184033, 0.0017419738044303454
3.9699999999999593, -0.05253962363419414, 0.0017419749250852294
3.979999999999959, -0.052539623158903336, 0.0017419759949472118
3.989999999999959, -0.05253962269624075, 0.00174197701603569
3.9999999999999587, -0.05253962224642176, 0.0017419779903048006
4.009999999999959, -0.052539621809608646, 0.0017419789196447635
4.019999999999959, -0.05253962138591466, 0.0017419798058832385
4.0299999999999585, -0.052539620975407916, 0.0017419806507866955
4.039999999999958, -0.05253962057811502, 0.0017419814560617921
4.049999999999958, -0.05253962019402457, 0.0017419822233567558
4.059999999999958, -0.05253961982309037, 0.001741982954262771
4.069999999999958, -0.052539619465234555, 0.0017419836503153648
4.079999999999957, -0.05253961912035047, 0.0017419843129957914
4.089999999999957, -0.05253961878830537, 0.0017419849437324115
4.099999999999957, -0.052539618468943027, 0.0017419855439020663
4.109999999999957, -0.052539618162086105, 0.0017419861148314426
4.119999999999957, -0.052539617867538434, 0.0017419866577984273
4.129999999999956, -0.05253961758508713, 0.0017419871740334521
4.139999999999956, -0.05253961731450455, 0.0017419876647208228
4.149999999999956, -0.05253961705555017, 0.001741988131000035
4.159999999999956, -0.052539616807972304, 0.0017419885739670738
4.1699999999999555, -0.052539616571509705, 0.0017419889946756974
4.179999999999955, -0.052539616345893075, 0.0017419893941387004
4.189999999999955, -0.052539616130846456, 0.0017419897733291605
4.199999999999955, -0.05253961592608853, 0.0017419901331816635
4.209999999999955, -0.052539615731333804, 0.0017419904745935091
4.2199999999999545, -0.05253961554629373, 0.001741990798425894
4.229999999999954, -0.052539615370677716, 0.0017419911055050743
4.239999999999954, -0.05253961520419407, 0.0017419913966235047
4.249999999999954, -0.05253961504655088, 0.0017419916725409552
4.259999999999954, -0.05253961489745678, 0.0017419919339856052
4.269999999999953, -0.0525396147566217, 0.0017419921816551125
4.279999999999953, -0.0525396146237575, 0.00174199241621766
4.289999999999953, -0.05253961449857861, 0.0017419926383129784
4.299999999999953, -0.05253961438080251, 0.0017419928485533436
4.3099999999999525, -0.05253961427015029, 0.001741993047524552
4.319999999999952, -0.05253961416634703, 0.00174199323578687
4.329999999999952, -0.05253961406912223, 0.0017419934138759598
4.339999999999952, -0.052539613978210116, 0.0017419935823037825
4.349999999999952, -0.05253961389334999, 0.0017419937415594747
4.3599999999999515, -0.05253961381428648, 0.0017419938921102037
4.369999999999951, -0.05253961374076975, 0.0017419940344019984
4.379999999999951, -0.052539613672555725, 0.0017419941688605555
4.389999999999951, -0.05253961360940623, 0.001741994295892025
4.399999999999951, -0.05253961355108916, 0.0017419944158837705
4.40999999999995, -0.052539613497378554, 0.0017419945292051077
4.41999999999995, -0.05253961344805469, 0.0017419946362080211
4.42999999999995, -0.05253961340290416, 0.0017419947372278584
4.43999999999995, -0.05253961336171989, 0.0017419948325840024
4.4499999999999496, -0.05253961332430116, 0.0017419949225805226
4.459999999999949, -0.052539613290453625, 0.0017419950075068056
4.469999999999949, -0.05253961325998927, 0.0017419950876381646
4.479999999999949, -0.052539613232726406, 0.0017419951632364297
4.489999999999949, -0.052539613208489606, 0.0017419952345505165
4.4999999999999485, -0.05253961318710967, 0.0017419953018169777
4.509999999999948, -0.05253961316842352, 0.0017419953652605341
4.519999999999948, -0.05253961315227415, 0.0017419954250945874
4.529999999999948, -0.05253961313851054, 0.0017419954815217154
4.539999999999948, -0.05253961312698755, 0.0017419955347341492
4.549999999999947, -0.05253961311756581, 0.001741995584914233
4.559999999999947, -0.05253961311011161, 0.0017419956322348674
4.569999999999947, -0.05253961310449681, 0.0017419956768599358
4.579999999999947, -0.052539613100598695, 0.0017419957189447155
4.589999999999947, -0.05253961309829984, 0.0017419957586362732
4.599999999999946, -0.05253961309748802, 0.0017419957960738445
4.609999999999946, -0.05253961309805604, 0.0017419958313892
4.619999999999946, -0.05253961309990165, 0.001741995864706996
4.629999999999946, -0.05253961310292734, 0.0017419958961451122
4.6399999999999455, -0.05253961310704027, 0.0017419959258149753
4.649999999999945, -0.052539613112152106, 0.0017419959538218705
4.659999999999945, -0.052539613118178875, 0.001741995980265239
4.669999999999945, -0.052539613125040845, 0.0017419960052389644
4.679999999999945, -0.05253961313266237, 0.0017419960288316467
4.689999999999944, -0.05253961314097178, 0.0017419960511268653
4.699999999999944, -0.05253961314990122, 0.00174199607220343
4.709999999999944, -0.05253961315938653, 0.0017419960921356227
4.719999999999944, -0.0525396131693671, 0.0017419961109934271
4.729999999999944, -0.05253961317978576, 0.0017419961288427496
4.739999999999943, -0.052539613190588634, 0.0017419961457456304
4.749999999999943, -0.05253961320172502, 0.0017419961617604442
4.759999999999943, -0.05253961321314726, 0.0017419961769420938
4.769999999999943, -0.052539613224810634, 0.001741996191342193
4.7799999999999425, -0.052539613236673215, 0.0017419962050092424
4.789999999999942, -0.05253961324869577, 0.0017419962179887976
4.799999999999942, -0.05253961326084164, 0.0017419962303236276
4.809999999999942, -0.05253961327307663, 0.001741996242053868
4.819999999999942, -0.0525396132853689, 0.001741996253217166
4.8299999999999415, -0.05253961329768886, 0.0017419962638488184
4.839999999999941, -0.05253961331000905, 0.0017419962739819036
4.849999999999941, -0.05253961332230407, 0.0017419962836474061
4.859999999999941, -0.05253961333455047, 0.0017419962928743365
4.869999999999941, -0.05253961334672663, 0.0017419963016898445
4.87999999999994, -0.05253961335881272, 0.0017419963101193265
4.88999999999994, -0.05253961337079056, 0.0017419963181865277
4.89999999999994, -0.05253961338264356, 0.0017419963259136396
4.90999999999994, -0.05253961339435665, 0.0017419963333213924
4.9199999999999395, -0.05253961340591617, 0.001741996340429142
4.929999999999939, -0.0525396134173098, 0.0017419963472549527
4.939999999999939, -0.052539613428526505, 0.001741996353815677
4.949999999999939, -0.05253961343955645, 0.001741996360127029
4.959999999999939, -0.05253961345039094, 0.0017419963662036555
4.9699999999999385, -0.052539613461022316, 0.001741996372059202
4.979999999999938, -0.05253961347144395, 0.0017419963777063768
4.989999999999938, -0.05253961348165015, 0.00174199638315701
4.999999999999938, -0.05253961349163609, 0.0017419963884221104
5.009999999999938, -0.0525396135013978, 0.0017419963935119186
5.019999999999937, -0.052539613510932046, 0.0017419963984359567
5.029999999999937, -0.05253961352023635, 0.0017419964032030768
5.039999999999937, -0.052539613529308894, 0.0017419964078215049
5.049999999999937, -0.05253961353814848, 0.0017419964122988834
5.0599999999999365, -0.0525396135467545, 0.0017419964166423107
5.069999999999936, -0.05253961355512688, 0.0017419964208583787
5.079999999999936, -0.052539613563266044, 0.001741996424953208
5.089999999999936, -0.05253961357117288, 0.0017419964289324807
5.099999999999936, -0.0525396135788487, 0.0017419964328014713
5.1099999999999355, -0.05253961358629519, 0.0017419964365650764
5.119999999999935, -0.05253961359351441, 0.001741996440227842
5.129999999999935, -0.05253961360050874, 0.0017419964437939883
5.139999999999935, -0.052539613607280836, 0.0017419964472674349
5.149999999999935, -0.05253961361383364, 0.0017419964506518225
5.159999999999934, -0.05253961362017034, 0.0017419964539505343
5.169999999999934, -0.052539613626294314, 0.0017419964571667155
5.179999999999934, -0.052539613632209145, 0.0017419964603032918
5.189999999999934, -0.052539613637918585, 0.0017419964633629866
5.199999999999934, -0.05253961364342653, 0.0017419964663483371
5.209999999999933, -0.052539613648737014, 0.0017419964692617087
5.219999999999933, -0.05253961365385417, 0.0017419964721053095
5.229999999999933, -0.05253961365878223, 0.001741996474881203
5.239999999999933, -0.05253961366352549, 0.0017419964775913198
5.2499999999999325, -0.05253961366808833, 0.0017419964802374696
5.259999999999932, -0.05253961367247515, 0.0017419964828213504
5.269999999999932, -0.05253961367669041, 0.001741996485344559
5.279999999999932, -0.05253961368073858, 0.0017419964878085995
5.289999999999932, -0.05253961368462414, 0.0017419964902148912
5.299999999999931, -0.05253961368835157, 0.0017419964925647767
5.309999999999931, -0.05253961369192534, 0.0017419964948595286
5.319999999999931, -0.052539613695349915, 0.0017419964971003559
5.329999999999931, -0.05253961369862971, 0.0017419964992884103
5.339999999999931, -0.05253961370176912, 0.0017419965014247908
5.34999999999993, -0.05253961370477251, 0.0017419965035105494
5.35999999999993, -0.05253961370764417, 0.0017419965055466954
5.36999999999993, -0.052539613710388365, 0.0017419965075341996
5.37999999999993, -0.05253961371300928, 0.001741996509473998
5.3899999999999295, -0.05253961371551106, 0.001741996511366995
5.399999999999929, -0.05253961371789776, 0.0017419965132140672
5.409999999999929, -0.052539613720173385, 0.0017419965150160656
5.419999999999929, -0.05253961372234186, 0.0017419965167738188
5.429999999999929, -0.05253961372440702, 0.0017419965184881344
5.4399999999999284, -0.05253961372637264, 0.001741996520159802
5.449999999999928, -0.05253961372824241, 0.0017419965217895944
5.459999999999928, -0.052539613730019925, 0.0017419965233782695
5.469999999999928, -0.05253961373170872, 0.0017419965249265723
5.479999999999928, -0.05253961373331222, 0.0017419965264352348
5.489999999999927, -0.05253961373483378, 0.0017419965279049788
5.499999999999927, -0.05253961373627667, 0.001741996529336516
5.509999999999927, -0.052539613737644056, 0.0017419965307305485
5.519999999999927, -0.052539613738939034, 0.0017419965320877708
5.5299999999999265, -0.05253961374016461, 0.0017419965334088692
5.539999999999926, -0.052539613741323696, 0.0017419965346945232
5.549999999999926, -0.052539613742419125, 0.0017419965359454055
5.559999999999926, -0.052539613743453645, 0.0017419965371621826
5.569999999999926, -0.05253961374442991, 0.0017419965383455149
5.5799999999999255, -0.05253961374535051, 0.001741996539496057
5.589999999999925, -0.05253961374621793, 0.0017419965406144581
5.599999999999925, -0.05253961374703457, 0.0017419965417013621
5.609999999999925, -0.052539613747802784, 0.0017419965427574074
5.619999999999925, -0.05253961374852481, 0.0017419965437832268
5.629999999999924, -0.052539613749202824, 0.0017419965447794483
5.639999999999924, -0.05253961374983892, 0.0017419965457466946
5.649999999999924, -0.052539613750435116, 0.0017419965466855824
5.659999999999924, -0.05253961375099336, 0.0017419965475967236
5.6699999999999235, -0.05253961375151552, 0.0017419965484807242
5.679999999999923, -0.05253961375200342, 0.0017419965493381847
5.689999999999923, -0.052539613752458775, 0.0017419965501697002
5.699999999999923, -0.05253961375288326, 0.001741996550975859
5.709999999999923, -0.05253961375327847, 0.001741996551757244
5.7199999999999225, -0.05253961375364596, 0.001741996552514432
5.729999999999922, -0.05253961375398718, 0.001741996553247993
5.739999999999922, -0.052539613754303556, 0.0017419965539584908
5.749999999999922, -0.05253961375459645, 0.0017419965546464826
5.759999999999922, -0.05253961375486715, 0.0017419965553125186
5.769999999999921, -0.05253961375511689, 0.0017419965559571423
5.779999999999921, -0.052539613755346874, 0.00174199655658089
5.789999999999921, -0.05253961375555823, 0.0017419965571842909
5.799999999999921, -0.05253961375575205, 0.0017419965577678664
5.809999999999921, -0.05253961375592936, 0.001741996558332131
5.81999999999992, -0.052539613756091154, 0.0017419965588775911
5.82999999999992, -0.05253961375623837, 0.0017419965594047458
5.83999999999992, -0.05253961375637191, 0.0017419965599140862
5.84999999999992, -0.05253961375649263, 0.0017419965604060957
5.8599999999999195, -0.05253961375660135, 0.0017419965608812492
5.869999999999919, -0.052539613756698834, 0.001741996561340014
5.879999999999919, -0.05253961375678583, 0.001741996561782849
5.889999999999919, -0.05253961375686302, 0.001741996562210205
5.899999999999919, -0.052539613756931086, 0.0017419965626225247
5.909999999999918, -0.05253961375699065, 0.0017419965630202424
5.919999999999918, -0.05253961375704231, 0.001741996563403784
5.929999999999918, -0.052539613757086635, 0.0017419965637735667
5.939999999999918, -0.05253961375712416, 0.0017419965641300003
5.949999999999918, -0.05253961375715539, 0.0017419965644734855
5.959999999999917, -0.05253961375718081, 0.0017419965648044148
5.969999999999917, -0.05253961375720086, 0.0017419965651231724
5.979999999999917, -0.05253961375721598, 0.0017419965654301341
5.989999999999917, -0.05253961375722657, 0.0017419965657256677
5.9999999999999165, -0.05253961375723301, 0.0017419965660101322
6.009999999999916, -0.052539613757235655, 0.0017419965662838787
6.019999999999916, -0.052539613757234836, 0.0017419965665472503
6.029999999999916, -0.052539613757230874, 0.0017419965668005817
6.039999999999916, -0.05253961375722407, 0.0017419965670441998
6.0499999999999154, -0.05253961375721469, 0.0017419965672784232
6.059999999999915, -0.052539613757203014, 0.0017419965675035628
6.069999999999915, -0.05253961375718927, 0.0017419965677199216
6.079999999999915, -0.05253961375717369, 0.001741996567927795
6.089999999999915, -0.05253961375715649, 0.0017419965681274706
6.099999999999914, -0.052539613757137865, 0.0017419965683192283
6.109999999999914, -0.052539613757118, 0.0017419965685033408
6.119999999999914, -0.052539613757097064, 0.0017419965686800733
6.129999999999914, -0.05253961375707522, 0.0017419965688496837
6.1399999999999135, -0.05253961375705262, 0.0017419965690124231
6.149999999999913, -0.052539613757029396, 0.001741996569168535
6.159999999999913, -0.05253961375700567, 0.0017419965693182564
6.169999999999913, -0.05253961375698157, 0.001741996569461817
6.179999999999913, -0.05253961375695719, 0.0017419965695994407
6.1899999999999125, -0.05253961375693264, 0.001741996569731344
6.199999999999912, -0.05253961375690801, 0.001741996569857737
6.209999999999912, -0.052539613756883374, 0.001741996569978824
6.219999999999912, -0.05253961375685882, 0.0017419965700948025
6.229999999999912, -0.0525396137568344, 0.0017419965702058645
6.239999999999911, -0.05253961375681019, 0.0017419965703121955
6.249999999999911, -0.05253961375678624, 0.0017419965704139754
6.259999999999911, -0.052539613756762596, 0.0017419965705113784
6.269999999999911, -0.05253961375673931, 0.0017419965706045731
6.2799999999999105, -0.05253961375671642, 0.0017419965706937227
6.28999999999991, -0.052539613756693956, 0.001741996570778985
6.29999999999991, -0.05253961375667196, 0.0017419965708605127
6.30999999999991, -0.05253961375665045, 0.0017419965709384534
6.31999999999991, -0.05253961375662945, 0.0017419965710129496
6.3299999999999095, -0.05253961375660898, 0.001741996571084139
6.339999999999909, -0.05253961375658906, 0.0017419965711521546
6.349999999999909, -0.0525396137565697, 0.001741996571217125
6.359999999999909, -0.05253961375655091, 0.0017419965712791741
6.369999999999909, -0.052539613756532696, 0.0017419965713384217
6.379999999999908, -0.052539613756515065, 0.001741996571394983
6.389999999999908, -0.05253961375649802, 0.0017419965714489695
6.399999999999908, -0.05253961375648157, 0.0017419965715004884
6.409999999999908, -0.0525396137564657, 0.0017419965715496431
6.419999999999908, -0.05253961375645042, 0.0017419965715965331
6.429999999999907, -0.052539613756435725, 0.0017419965716412545
6.439999999999907, -0.052539613756421605, 0.0017419965716838999
6.449999999999907, -0.05253961375640805, 0.0017419965717245579
6.459999999999907, -0.052539613756395064, 0.0017419965717633142
6.4699999999999065, -0.05253961375638263, 0.0017419965718002512
6.479999999999906, -0.05253961375637074, 0.0017419965718354481
6.489999999999906, -0.05253961375635939, 0.0017419965718689812
6.499999999999906, -0.052539613756348566, 0.0017419965719009235
6.509999999999906, -0.05253961375633825, 0.0017419965719313454
6.519999999999905, -0.052539613756328436, 0.0017419965719603144
6.529999999999905, -0.05253961375631911, 0.0017419965719878954
6.539999999999905, -0.05253961375631026, 0.0017419965720141509
6.549999999999905, -0.05253961375630188, 0.0017419965720391407
6.559999999999905, -0.05253961375629395, 0.001741996572062922
6.569999999999904, -0.052539613756286456, 0.00174199657208555
6.579999999999904, -0.052539613756279385, 0.0017419965721070774
6.589999999999904, -0.052539613756272724, 0.001741996572127555
6.599999999999904, -0.05253961375626646, 0.0017419965721470311
6.6099999999999035, -0.052539613756260574, 0.0017419965721655523
6.619999999999903, -0.05253961375625506, 0.0017419965721831633
6.629999999999903, -0.052539613756249895, 0.0017419965721999066
6.639999999999903, -0.05253961375624508, 0.0017419965722158231
6.649999999999903, -0.05253961375624059, 0.0017419965722309519
6.659999999999902, -0.05253961375623642, 0.0017419965722453303
6.669999999999902, -0.05253961375623255, 0.0017419965722589943
6.679999999999902, -0.05253961375622897, 0.001741996572271978
6.689999999999902, -0.052539613756225664, 0.0017419965722843143
6.699999999999902, -0.05253961375622263, 0.0017419965722960343
6.709999999999901, -0.05253961375621985, 0.001741996572307168
6.719999999999901, -0.05253961375621731, 0.001741996572317744
6.729999999999901, -0.052539613756215, 0.0017419965723277893
6.739999999999901, -0.05253961375621291, 0.0017419965723373303
6.7499999999999005, -0.05253961375621103, 0.0017419965723463918
6.7599999999999, -0.05253961375620935, 0.0017419965723549976
6.7699999999999, -0.05253961375620786, 0.00174199657236317
6.7799999999999, -0.05253961375620655, 0.001741996572370931
6.7899999999999, -0.0525396137562054, 0.0017419965723783008
6.7999999999998995, -0.05253961375620442, 0.0017419965723852993
6.809999999999899, -0.052539613756203585, 0.001741996572391945
6.819999999999899, -0.05253961375620289, 0.001741996572398256
6.829999999999899, -0.05253961375620233, 0.001741996572404249
6.839999999999899, -0.05253961375620189, 0.0017419965724099406
6.849999999999898, -0.05253961375620157, 0.0017419965724153458
6.859999999999898, -0.052539613756201364, 0.0017419965724204795
6.869999999999898, -0.05253961375620126, 0.0017419965724253554
6.879999999999898, -0.05253961375620125, 0.0017419965724299869
6.8899999999998975, -0.05253961375620134, 0.0017419965724343866
6.899999999999897, -0.0525396137562015, 0.0017419965724385666
6.909999999999897, -0.052539613756201746, 0.0017419965724425382
6.919999999999897, -0.05253961375620206, 0.0017419965724463121
6.929999999999897, -0.05253961375620243, 0.001741996572449899
6.9399999999998965, -0.05253961375620287, 0.0017419965724533083
6.949999999999896, -0.05253961375620336, 0.0017419965724565494
6.959999999999896, -0.052539613756203904, 0.0017419965724596311
6.969999999999896, -0.052539613756204494, 0.001741996572462562
6.979999999999896, -0.052539613756205125, 0.0017419965724653496
6.989999999999895, -0.05253961375620579, 0.0017419965724680018
6.999999999999895, -0.05253961375620649, 0.0017419965724705256
7.009999999999895, -0.05253961375620722, 0.0017419965724729278
7.019999999999895, -0.05253961375620798, 0.0017419965724752148
7.0299999999998946, -0.052539613756208754, 0.0017419965724773927
7.039999999999894, -0.05253961375620955, 0.0017419965724794673
7.049999999999894, -0.05253961375621037, 0.001741996572481444
7.059999999999894, -0.052539613756211204, 0.0017419965724833279
7.069999999999894, -0.05253961375621204, 0.001741996572485124
7.0799999999998935, -0.0525396137562129, 0.001741996572486837
7.089999999999893, -0.05253961375621376, 0.0017419965724884711
7.099999999999893, -0.05253961375621462, 0.0017419965724900306
7.109999999999893, -0.052539613756215485, 0.0017419965724915195
7.119999999999893, -0.05253961375621635, 0.0017419965724929413
7.129999999999892, -0.05253961375621722, 0.0017419965724942996
7.139999999999892, -0.05253961375621808, 0.0017419965724955978
7.149999999999892, -0.05253961375621894, 0.001741996572496839
7.159999999999892, -0.052539613756219794, 0.001741996572498026
7.169999999999892, -0.05253961375622064, 0.0017419965724991618
7.179999999999891, -0.05253961375622148, 0.001741996572500249
7.189999999999891, -0.05253961375622231, 0.00174199657250129
7.199999999999891, -0.05253961375622313, 0.0017419965725022875
7.209999999999891, -0.052539613756223943, 0.0017419965725032434
7.2199999999998905, -0.05253961375622474, 0.00174199657250416
7.22999999999989, -0.052539613756225526, 0.001741996572505039
7.23999999999989, -0.052539613756226296, 0.0017419965725058828
7.24999999999989, -0.05253961375622705, 0.0017419965725066929
7.25999999999989, -0.052539613756227795, 0.001741996572507471
7.269999999999889, -0.05253961375622852, 0.0017419965725082186
7.279999999999889, -0.05253961375622924, 0.0017419965725089372
7.289999999999889, -0.05253961375622994, 0.0017419965725096285
7.299999999999889, -0.052539613756230626, 0.0017419965725102935
7.309999999999889, -0.0525396137562313, 0.0017419965725109334
7.319999999999888, -0.05253961375623195, 0.0017419965725115497
7.329999999999888, -0.05253961375623259, 0.0017419965725121432
7.339999999999888, -0.052539613756233214, 0.0017419965725127152
7.349999999999888, -0.052539613756233824, 0.0017419965725132664
7.3599999999998875, -0.052539613756234414, 0.001741996572513798
7.369999999999887, -0.05253961375623499, 0.001741996572514311
7.379999999999887, -0.05253961375623555, 0.0017419965725148057
7.389999999999887, -0.052539613756236093, 0.0017419965725152834
7.399999999999887, -0.05253961375623662, 0.0017419965725157449
7.4099999999998865, -0.052539613756237134, 0.0017419965725161905
7.419999999999886, -0.052539613756237634, 0.0017419965725166211
7.429999999999886, -0.05253961375623812, 0.0017419965725170375
7.439999999999886, -0.052539613756238585, 0.00174199657251744
7.449999999999886, -0.052539613756239036, 0.0017419965725178291
7.459999999999885, -0.05253961375623947, 0.0017419965725182058
7.469999999999885, -0.052539613756239896, 0.00174199657251857
7.479999999999885, -0.052539613756240305, 0.0017419965725189227
7.489999999999885, -0.0525396137562407, 0.0017419965725192642
7.4999999999998845, -0.05253961375624108, 0.0017419965725195947
7.509999999999884, -0.05253961375624145, 0.001741996572519915
7.519999999999884, -0.052539613756241804, 0.001741996572520225
7.529999999999884, -0.052539613756242144, 0.0017419965725205256
7.539999999999884, -0.05253961375624248, 0.0017419965725208168
7.5499999999998835, -0.052539613756242796, 0.0017419965725210989
7.559999999999883, -0.0525396137562431, 0.0017419965725213723
7.569999999999883, -0.0525396137562434, 0.0017419965725216375
7.579999999999883, -0.052539613756243685, 0.0017419965725218947
7.589999999999883, -0.052539613756243955, 0.001741996572522144
7.599999999999882, -0.05253961375624422, 0.0017419965725223858
7.609999999999882, -0.05253961375624447, 0.0017419965725226202
7.619999999999882, -0.05253961375624471, 0.0017419965725228475
7.629999999999882, -0.05253961375624494, 0.001741996572523068
7.6399999999998816, -0.05253961375624516, 0.0017419965725232818
7.649999999999881, -0.05253961375624538, 0.0017419965725234893
7.659999999999881, -0.05253961375624558, 0.0017419965725236906
7.669999999999881, -0.05253961375624577, 0.001741996572523886
7.679999999999881, -0.05253961375624596, 0.0017419965725240755
7.6899999999998805, -0.05253961375624614, 0.0017419965725242593
7.69999999999988, -0.052539613756246314, 0.0017419965725244376
7.70999999999988, -0.05253961375624648, 0.0017419965725246104
7.71999999999988, -0.05253961375624664, 0.001741996572524778
7.72999999999988, -0.052539613756246786, 0.0017419965725249406
7.739999999999879, -0.05253961375624693, 0.0017419965725250985
7.749999999999879, -0.05253961375624707, 0.0017419965725252516
7.759999999999879, -0.0525396137562472, 0.0017419965725254001
7.769999999999879, -0.05253961375624733, 0.0017419965725255441
7.779999999999879, -0.052539613756247446, 0.0017419965725256838
7.789999999999878, -0.05253961375624756, 0.0017419965725258193
7.799999999999878, -0.05253961375624766, 0.0017419965725259507
7.809999999999878, -0.052539613756247765, 0.001741996572526078
7.819999999999878, -0.05253961375624786, 0.0017419965725262016
7.8299999999998775, -0.05253961375624795, 0.0017419965725263213
7.839999999999877, -0.052539613756248035, 0.0017419965725264373
7.849999999999877, -0.05253961375624812, 0.0017419965725265498
7.859999999999877, -0.052539613756248195, 0.0017419965725266589
7.869999999999877, -0.05253961375624827, 0.0017419965725267645
7.879999999999876, -0.05253961375624834, 0.0017419965725268668
7.889999999999876, -0.0525396137562484, 0.001741996572526966
7.899999999999876, -0.052539613756248466, 0.001741996572527062
7.909999999999876, -0.05253961375624852, 0.001741996572527155
7.919999999999876, -0.05253961375624858, 0.0017419965725272452
7.929999999999875, -0.05253961375624863, 0.0017419965725273326
7.939999999999875, -0.05253961375624868, 0.0017419965725274172
7.949999999999875, -0.05253961375624873, 0.001741996572527499
7.959999999999875, -0.05253961375624877, 0.001741996572527578
7.9699999999998745, -0.05253961375624881, 0.0017419965725276546
7.979999999999874, -0.052539613756248854, 0.0017419965725277288
7.989999999999874, -0.05253961375624889, 0.0017419965725278006
7.999999999999874, -0.052539613756248923, 0.00174199657252787
8.009999999999874, -0.05253961375624896, 0.001741996572527937
8.019999999999873, -0.052539613756248986, 0.0017419965725280018
8.029999999999873, -0.052539613756249014, 0.0017419965725280644
8.039999999999873, -0.05253961375624904, 0.0017419965725281252
8.049999999999873, -0.05253961375624907, 0.0017419965725281837
8.059999999999873, -0.05253961375624909, 0.0017419965725282403
8.069999999999872, -0.05253961375624911, 0.0017419965725282952
8.079999999999872, -0.05253961375624913, 0.001741996572528348
8.089999999999872, -0.05253961375624915, 0.0017419965725283993
8.099999999999872, -0.05253961375624917, 0.0017419965725284487
8.109999999999872, -0.05253961375624919, 0.0017419965725284964
8.119999999999871, -0.0525396137562492, 0.0017419965725285424
8.129999999999871, -0.052539613756249215, 0.0017419965725285868
8.139999999999871, -0.05253961375624923, 0.0017419965725286298
8.14999999999987, -0.05253961375624924, 0.0017419965725286712
8.15999999999987, -0.05253961375624926, 0.001741996572528711
8.16999999999987, -0.052539613756249263, 0.0017419965725287494
8.17999999999987, -0.05253961375624927, 0.0017419965725287865
8.18999999999987, -0.05253961375624928, 0.0017419965725288223
8.19999999999987, -0.052539613756249284, 0.0017419965725288568
8.20999999999987, -0.05253961375624929, 0.0017419965725288902
8.21999999999987, -0.0525396137562493, 0.0017419965725289223
8.229999999999869, -0.052539613756249305, 0.001741996572528953
8.239999999999869, -0.05253961375624931, 0.0017419965725289828
8.249999999999869, -0.05253961375624932, 0.0017419965725290114
8.259999999999868, -0.052539613756249326, 0.001741996572529039
8.269999999999868, -0.05253961375624933, 0.0017419965725290656
8.279999999999868, -0.05253961375624933, 0.0017419965725290912
8.289999999999868, -0.05253961375624933, 0.001741996572529116
8.299999999999867, -0.05253961375624933, 0.0017419965725291395
8.309999999999867, -0.05253961375624933, 0.0017419965725291623
8.319999999999867, -0.05253961375624933, 0.0017419965725291844
8.329999999999867, -0.05253961375624933, 0.0017419965725292057
8.339999999999867, -0.05253961375624933, 0.001741996572529226
8.349999999999866, -0.05253961375624933, 0.0017419965725292456
8.359999999999866, -0.05253961375624933, 0.0017419965725292644
8.369999999999866, -0.05253961375624933, 0.0017419965725292824
8.379999999999866, -0.05253961375624933, 0.0017419965725292998
8.389999999999866, -0.05253961375624933, 0.0017419965725293165
8.399999999999865, -0.05253961375624933, 0.0017419965725293325
8.409999999999865, -0.05253961375624933, 0.001741996572529348
8.419999999999865, -0.05253961375624933, 0.0017419965725293627
8.429999999999865, -0.05253961375624933, 0.001741996572529377
8.439999999999864, -0.05253961375624933, 0.0017419965725293906
8.449999999999864, -0.05253961375624933, 0.0017419965725294037
8.459999999999864, -0.05253961375624933, 0.0017419965725294162
8.469999999999864, -0.05253961375624933, 0.0017419965725294284
8.479999999999864, -0.05253961375624933, 0.0017419965725294399
8.489999999999863, -0.05253961375624933, 0.001741996572529451
8.499999999999863, -0.05253961375624933, 0.0017419965725294616
8.509999999999863, -0.05253961375624933, 0.0017419965725294717
8.519999999999863, -0.05253961375624933, 0.0017419965725294815
8.529999999999863, -0.05253961375624933, 0.0017419965725294908
8.539999999999862, -0.05253961375624933, 0.0017419965725294997
8.549999999999862, -0.05253961375624933, 0.0017419965725295084
8.559999999999862, -0.05253961375624933, 0.0017419965725295166
8.569999999999862, -0.05253961375624933, 0.0017419965725295244
8.579999999999862, -0.05253961375624933, 0.001741996572529532
8.589999999999861, -0.05253961375624933, 0.0017419965725295392
8.599999999999861, -0.05253961375624933, 0.0017419965725295461
8.60999999999986, -0.05253961375624933, 0.0017419965725295528
8.61999999999986, -0.05253961375624933, 0.0017419965725295591
8.62999999999986, -0.05253961375624933, 0.0017419965725295652
8.63999999999986, -0.05253961375624933, 0.001741996572529571
8.64999999999986, -0.05253961375624933, 0.0017419965725295767
8.65999999999986, -0.05253961375624933, 0.001741996572529582
8.66999999999986, -0.05253961375624933, 0.0017419965725295869
8.67999999999986, -0.05253961375624933, 0.0017419965725295917
8.68999999999986, -0.05253961375624933, 0.0017419965725295964
8.699999999999859, -0.05253961375624933, 0.001741996572529601
8.709999999999859, -0.05253961375624933, 0.0017419965725296053
8.719999999999859, -0.05253961375624933, 0.0017419965725296094
8.729999999999858, -0.05253961375624933, 0.0017419965725296133
8.739999999999858, -0.05253961375624933, 0.001741996572529617
8.749999999999858, -0.05253961375624933, 0.0017419965725296207
8.759999999999858, -0.05253961375624933, 0.0017419965725296242
8.769999999999857, -0.05253961375624933, 0.0017419965725296274
8.779999999999857, -0.05253961375624933, 0.0017419965725296305
8.789999999999857, -0.05253961375624933, 0.0017419965725296335
8.799999999999857, -0.05253961375624933, 0.0017419965725296363
8.809999999999857, -0.05253961375624933, 0.0017419965725296391
8.819999999999856, -0.05253961375624933, 0.0017419965725296417
8.829999999999856, -0.05253961375624933, 0.0017419965725296443
8.839999999999856, -0.05253961375624933, 0.0017419965725296467
8.849999999999856, -0.05253961375624933, 0.0017419965725296491
8.859999999999856, -0.05253961375624933, 0.0017419965725296513
8.869999999999855, -0.05253961375624933, 0.0017419965725296532
8.879999999999855, -0.05253961375624933, 0.0017419965725296552
8.889999999999855, -0.05253961375624933, 0.0017419965725296571
8.899999999999855, -0.05253961375624933, 0.001741996572529659
8.909999999999854, -0.05253961375624933, 0.0017419965725296608
8.919999999999854, -0.05253961375624933, 0.0017419965725296626
8.929999999999854, -0.05253961375624933, 0.001741996572529664
8.939999999999854, -0.05253961375624933, 0.0017419965725296656
8.949999999999854, -0.05253961375624933, 0.0017419965725296671
8.959999999999853, -0.05253961375624933, 0.0017419965725296686
8.969999999999853, -0.05253961375624933, 0.00174199657252967
8.979999999999853, -0.05253961375624933, 0.0017419965725296712
8.989999999999853, -0.05253961375624933, 0.0017419965725296725
8.999999999999853, -0.05253961375624933, 0.0017419965725296738
9.009999999999852, -0.05253961375624933, 0.001741996572529675
9.019999999999852, -0.05253961375624933, 0.001741996572529676
9.029999999999852, -0.05253961375624933, 0.001741996572529677
9.039999999999852, -0.05253961375624933, 0.001741996572529678
9.049999999999851, -0.05253961375624933, 0.0017419965725296788
9.059999999999851, -0.05253961375624933, 0.0017419965725296797
9.069999999999851, -0.05253961375624933, 0.0017419965725296806
9.07999999999985, -0.05253961375624933, 0.0017419965725296814
9.08999999999985, -0.05253961375624933, 0.0017419965725296823
9.09999999999985, -0.05253961375624933, 0.001741996572529683
9.10999999999985, -0.05253961375624933, 0.0017419965725296836
9.11999999999985, -0.05253961375624933, 0.0017419965725296842
9.12999999999985, -0.05253961375624933, 0.001741996572529685
9.13999999999985, -0.05253961375624933, 0.0017419965725296855
9.14999999999985, -0.05253961375624933, 0.0017419965725296862
9.15999999999985, -0.05253961375624933, 0.0017419965725296869
9.169999999999849, -0.05253961375624933, 0.0017419965725296875
9.179999999999849, -0.05253961375624933, 0.0017419965725296882
9.189999999999849, -0.05253961375624933, 0.0017419965725296886
9.199999999999848, -0.05253961375624933, 0.001741996572529689
9.209999999999848, -0.05253961375624933, 0.0017419965725296895
9.219999999999848, -0.05253961375624933, 0.0017419965725296899
9.229999999999848, -0.05253961375624933, 0.0017419965725296903
9.239999999999847, -0.05253961375624933, 0.0017419965725296908
9.249999999999847, -0.05253961375624933, 0.0017419965725296912
9.259999999999847, -0.05253961375624933, 0.0017419965725296916
9.269999999999847, -0.05253961375624933, 0.001741996572529692
9.279999999999847, -0.05253961375624933, 0.0017419965725296925
9.289999999999846, -0.05253961375624933, 0.001741996572529693
9.299999999999846, -0.05253961375624933, 0.0017419965725296934
9.309999999999846, -0.05253961375624933, 0.0017419965725296936
9.319999999999846, -0.05253961375624933, 0.0017419965725296938
9.329999999999846, -0.05253961375624933, 0.001741996572529694
9.339999999999845, -0.05253961375624933, 0.0017419965725296942
9.349999999999845, -0.05253961375624933, 0.0017419965725296944
9.359999999999845, -0.05253961375624933, 0.0017419965725296947
9.369999999999845, -0.05253961375624933, 0.0017419965725296949
9.379999999999844, -0.05253961375624933, 0.001741996572529695
9.389999999999844, -0.05253961375624933, 0.0017419965725296953
9.399999999999844, -0.05253961375624933, 0.0017419965725296955
9.409999999999844, -0.05253961375624933, 0.0017419965725296957
9.419999999999844, -0.05253961375624933, 0.001741996572529696
9.429999999999843, -0.05253961375624933, 0.0017419965725296962
9.439999999999843, -0.05253961375624933, 0.0017419965725296964
9.449999999999843, -0.05253961375624933, 0.0017419965725296966
9.459999999999843, -0.05253961375624933, 0.0017419965725296968
9.469999999999843, -0.05253961375624933, 0.001741996572529697
9.479999999999842, -0.05253961375624933, 0.0017419965725296973
9.489999999999842, -0.05253961375624933, 0.0017419965725296975
9.499999999999842, -0.05253961375624933, 0.0017419965725296977
9.509999999999842, -0.05253961375624933, 0.001741996572529698
9.519999999999841, -0.05253961375624933, 0.0017419965725296981
9.529999999999841, -0.05253961375624933, 0.0017419965725296981
9.539999999999841, -0.05253961375624933, 0.0017419965725296981
9.54999999999984, -0.05253961375624933, 0.0017419965725296981
9.55999999999984, -0.05253961375624933, 0.0017419965725296981
9.56999999999984, -0.05253961375624933, 0.0017419965725296981
9.57999999999984, -0.05253961375624933, 0.0017419965725296981
9.58999999999984, -0.05253961375624933, 0.0017419965725296981
9.59999999999984, -0.05253961375624933, 0.0017419965725296981
9.60999999999984, -0.05253961375624933, 0.0017419965725296981
9.61999999999984, -0.05253961375624933, 0.0017419965725296981
9.62999999999984, -0.05253961375624933, 0.0017419965725296981
9.639999999999839, -0.05253961375624933, 0.0017419965725296981
9.649999999999839, -0.05253961375624933, 0.0017419965725296981
9.659999999999838, -0.05253961375624933, 0.0017419965725296981
9.669999999999838, -0.05253961375624933, 0.0017419965725296981
9.679999999999838, -0.05253961375624933, 0.0017419965725296981
9.689999999999838, -0.05253961375624933, 0.0017419965725296981
9.699999999999838, -0.05253961375624933, 0.0017419965725296981
9.709999999999837, -0.05253961375624933, 0.0017419965725296981
9.719999999999837, -0.05253961375624933, 0.0017419965725296981
9.729999999999837, -0.05253961375624933, 0.0017419965725296981
9.739999999999837, -0.05253961375624933, 0.0017419965725296981
9.749999999999837, -0.05253961375624933, 0.0017419965725296981
9.759999999999836, -0.05253961375624933, 0.0017419965725296981
9.769999999999836, -0.05253961375624933, 0.0017419965725296981
9.779999999999836, -0.05253961375624933, 0.0017419965725296981
9.789999999999836, -0.05253961375624933, 0.0017419965725296981
9.799999999999836, -0.05253961375624933, 0.0017419965725296981
9.809999999999835, -0.05253961375624933, 0.0017419965725296981
9.819999999999835, -0.05253961375624933, 0.0017419965725296981
9.829999999999835, -0.05253961375624933, 0.0017419965725296981
9.839999999999835, -0.05253961375624933, 0.0017419965725296981
9.849999999999834, -0.05253961375624933, 0.0017419965725296981
9.859999999999834, -0.05253961375624933, 0.0017419965725296981
9.869999999999834, -0.05253961375624933, 0.0017419965725296981
9.879999999999834, -0.05253961375624933, 0.0017419965725296981
9.889999999999834, -0.05253961375624933, 0.0017419965725296981
9.899999999999833, -0.05253961375624933, 0.0017419965725296981
9.909999999999833, -0.05253961375624933, 0.0017419965725296981
9.919999999999833, -0.05253961375624933, 0.0017419965725296981
9.929999999999833, -0.05253961375624933, 0.0017419965725296981
9.939999999999833, -0.05253961375624933, 0.0017419965725296981
9.949999999999832, -0.05253961375624933, 0.0017419965725296981
9.959999999999832, -0.05253961375624933, 0.0017419965725296981
9.969999999999832, -0.05253961375624933, 0.0017419965725296981
9.979999999999832, -0.05253961375624933, 0.0017419965725296981
9.989999999999831, -0.05253961375624933, 0.0017419965725296981
9.999999999999831, -0.05253961375624933, 0.0017419965725296981
