Time, state(0), state(1)
0, 10, 0
0.01, 9.9995095, -0.09809999999999999
0.02, 9.998038000000001, -0.19619999999999999
0.03, 9.9955855, -0.2943
0.04, 9.992152, -0.39239999999999997
0.05, 9.987737500000001, -0.49049999999999994
0.060000000000000005, 9.982342000000001, -0.5885999999999999
0.07, 9.975965500000001, -0.6866999999999999
0.08, 9.968608000000001, -0.7847999999999998
0.09, 9.9602695, -0.8828999999999998
0.09999999999999999, 9.95095, -0.9809999999999998
0.10999999999999999, 9.940649500000001, -1.0790999999999997
0.11999999999999998, 9.929368, -1.1771999999999998
0.12999999999999998, 9.9171055, -1.2752999999999999
0.13999999999999999, 9.903862, -1.3734
0.15, 9.889637500000001, -1.4715
0.16, 9.874432, -1.5696
0.17, 9.8582455, -1.6677000000000002
0.18000000000000002, 9.841078000000001, -1.7658000000000003
0.19000000000000003, 9.8229295, -1.8639000000000003
0.20000000000000004, 9.8038, -1.9620000000000004
0.21000000000000005, 9.783689500000001, -2.0601000000000003
0.22000000000000006, 9.762598, -2.1582000000000003
0.23000000000000007, 9.7405255, -2.2563000000000004
0.24000000000000007, 9.717472, -2.3544000000000005
0.25000000000000006, 9.6934375, -2.4525000000000006
0.26000000000000006, 9.668422, -2.5506000000000006
0.2700000000000001, 9.6424255, -2.6487000000000007
0.2800000000000001, 9.615448, -2.746800000000001
0.2900000000000001, 9.5874895, -2.844900000000001
0.3000000000000001, 9.55855, -2.943000000000001
0.3100000000000001, 9.528629500000001, -3.041100000000001
0.3200000000000001, 9.497728, -3.139200000000001
0.3300000000000001, 9.4658455, -3.237300000000001
0.34000000000000014, 9.432982, -3.3354000000000013
0.35000000000000014, 9.3991375, -3.4335000000000013
0.36000000000000015, 9.364312, -3.5316000000000014
0.37000000000000016, 9.3285055, -3.6297000000000015
0.38000000000000017, 9.291718, -3.7278000000000016
0.3900000000000002, 9.2539495, -3.8259000000000016
0.4000000000000002, 9.2152, -3.9240000000000017
0.4100000000000002, 9.1754695, -4.022100000000002
0.4200000000000002, 9.134758, -4.120200000000001
0.4300000000000002, 9.0930655, -4.218300000000001
0.4400000000000002, 9.050392, -4.316400000000001
0.45000000000000023, 9.0067375, -4.4145
0.46000000000000024, 8.962102, -4.5126
0.47000000000000025, 8.9164855, -4.6107
0.48000000000000026, 8.869888, -4.708799999999999
0.49000000000000027, 8.8223095, -4.806899999999999
0.5000000000000002, 8.77375, -4.9049999999999985
0.5100000000000002, 8.7242095, -5.003099999999998
0.5200000000000002, 8.673688, -5.101199999999998
0.5300000000000002, 8.6221855, -5.199299999999997
0.5400000000000003, 8.569702000000001, -5.297399999999997
0.5500000000000003, 8.5162375, -5.395499999999997
0.5600000000000003, 8.461792, -5.493599999999996
0.5700000000000003, 8.406365500000001, -5.591699999999996
0.5800000000000003, 8.349958, -5.6897999999999955
0.5900000000000003, 8.2925695, -5.787899999999995
0.6000000000000003, 8.234200000000001, -5.885999999999995
0.6100000000000003, 8.1748495, -5.984099999999994
0.6200000000000003, 8.114518, -6.082199999999994
0.6300000000000003, 8.0532055, -6.180299999999994
0.6400000000000003, 7.990912000000001, -6.278399999999993
0.6500000000000004, 7.9276375, -6.376499999999993
0.6600000000000004, 7.8633820000000005, -6.474599999999993
0.6700000000000004, 7.7981455, -6.572699999999992
0.6800000000000004, 7.731928000000001, -6.670799999999992
0.6900000000000004, 7.664729500000001, -6.7688999999999915
0.7000000000000004, 7.596550000000001, -6.866999999999991
0.7100000000000004, 7.527389500000001, -6.965099999999991
0.7200000000000004, 7.457248000000001, -7.06319999999999
0.7300000000000004, 7.386125500000001, -7.16129999999999
0.7400000000000004, 7.314022000000001, -7.25939999999999
0.7500000000000004, 7.240937500000001, -7.357499999999989
0.7600000000000005, 7.1668720000000015, -7.455599999999989
0.7700000000000005, 7.0918255000000014, -7.5536999999999885
0.7800000000000005, 7.015798000000002, -7.651799999999988
0.7900000000000005, 6.938789500000002, -7.749899999999988
0.8000000000000005, 6.860800000000002, -7.847999999999987
0.8100000000000005, 6.781829500000002, -7.946099999999987
0.8200000000000005, 6.7018780000000024, -8.044199999999988
0.8300000000000005, 6.620945500000002, -8.142299999999988
0.8400000000000005, 6.539032000000002, -8.240399999999989
0.8500000000000005, 6.456137500000002, -8.33849999999999
0.8600000000000005, 6.372262000000003, -8.43659999999999
0.8700000000000006, 6.287405500000003, -8.53469999999999
0.8800000000000006, 6.201568000000003, -8.63279999999999
0.8900000000000006, 6.114749500000003, -8.730899999999991
0.9000000000000006, 6.026950000000003, -8.828999999999992
0.9100000000000006, 5.938169500000003, -8.927099999999992
0.9200000000000006, 5.848408000000004, -9.025199999999993
0.9300000000000006, 5.757665500000003, -9.123299999999993
0.9400000000000006, 5.665942000000004, -9.221399999999994
0.9500000000000006, 5.573237500000004, -9.319499999999994
0.9600000000000006, 5.4795520000000035, -9.417599999999995
0.9700000000000006, 5.384885500000004, -9.515699999999995
0.9800000000000006, 5.289238000000004, -9.613799999999996
0.9900000000000007, 5.192609500000004, -9.711899999999996
1.0000000000000007, 5.095000000000004, -9.809999999999997
1.0100000000000007, 4.996409500000004, -9.908099999999997
1.0200000000000007, 4.896838000000004, -10.006199999999998
1.0300000000000007, 4.796285500000004, -10.104299999999999
1.0400000000000007, 4.694752000000004, -10.202399999999999
1.0500000000000007, 4.592237500000004, -10.3005
1.0600000000000007, 4.488742000000004, -10.3986
1.0700000000000007, 4.384265500000004, -10.4967
1.0800000000000007, 4.278808000000004, -10.594800000000001
1.0900000000000007, 4.172369500000004, -10.692900000000002
1.1000000000000008, 4.064950000000004, -10.791000000000002
1.1100000000000008, 3.956549500000004, -10.889100000000003
1.1200000000000008, 3.847168000000004, -10.987200000000003
1.1300000000000008, 3.736805500000004, -11.085300000000004
1.1400000000000008, 3.625462000000004, -11.183400000000004
1.1500000000000008, 3.513137500000004, -11.281500000000005
1.1600000000000008, 3.399832000000004, -11.379600000000005
1.1700000000000008, 3.285545500000004, -11.477700000000006
1.1800000000000008, 3.170278000000004, -11.575800000000006
1.1900000000000008, 3.054029500000004, -11.673900000000007
1.2000000000000008, 2.936800000000004, -11.772000000000007
1.2100000000000009, 2.818589500000004, -11.870100000000008
1.2200000000000009, 2.699398000000004, -11.968200000000008
1.2300000000000009, 2.5792255000000037, -12.066300000000009
1.2400000000000009, 2.4580720000000036, -12.16440000000001
1.2500000000000009, 2.3359375000000036, -12.26250000000001
1.260000000000001, 2.2128220000000036, -12.36060000000001
1.270000000000001, 2.0887255000000033, -12.458700000000011
1.280000000000001, 1.9636480000000032, -12.556800000000012
1.290000000000001, 1.837589500000003, -12.654900000000012
1.300000000000001, 1.710550000000003, -12.753000000000013
1.310000000000001, 1.5825295000000028, -12.851100000000013
1.320000000000001, 1.4535280000000026, -12.949200000000014
1.330000000000001, 1.3235455000000025, -13.047300000000014
1.340000000000001, 1.1925820000000023, -13.145400000000015
1.350000000000001, 1.0606375000000021, -13.243500000000015
1.360000000000001, 0.927712000000002, -13.341600000000016
1.370000000000001, 0.7938055000000018, -13.439700000000016
1.380000000000001, 0.6589180000000017, -13.537800000000017
1.390000000000001, 0.5230495000000015, -13.635900000000017
1.400000000000001, 0.3862000000000013, -13.734000000000018
1.410000000000001, 0.2483695000000012, -13.832100000000018
1.420000000000001, 0.10955800000000099, -13.930200000000019
1.430000000000001, -0.030234499999999165, 11.222640000000016
1.440000000000001, 0.081501400000001, 11.124540000000016
1.450000000000001, 0.19225630000000116, 11.026440000000015
1.460000000000001, 0.3020302000000013, 10.928340000000015
1.470000000000001, 0.41082310000000144, 10.830240000000014
1.480000000000001, 0.5186350000000016, 10.732140000000014
1.490000000000001, 0.6254659000000018, 10.634040000000013
1.500000000000001, 0.731315800000002, 10.535940000000013
1.5100000000000011, 0.8361847000000021, 10.437840000000012
1.5200000000000011, 0.9400726000000023, 10.339740000000011
1.5300000000000011, 1.0429795000000024, 10.241640000000011
1.5400000000000011, 1.1449054000000025, 10.14354000000001
1.5500000000000012, 1.2458503000000025, 10.04544000000001
1.5600000000000012, 1.3458142000000026, 9.94734000000001
1.5700000000000012, 1.4447971000000028, 9.849240000000009
1.5800000000000012, 1.542799000000003, 9.751140000000008
1.5900000000000012, 1.639819900000003, 9.653040000000008
1.6000000000000012, 1.7358598000000032, 9.554940000000007
1.6100000000000012, 1.8309187000000033, 9.456840000000007
1.6200000000000012, 1.9249966000000034, 9.358740000000006
1.6300000000000012, 2.0180935000000035, 9.260640000000006
1.6400000000000012, 2.1102094000000036, 9.162540000000007
1.6500000000000012, 2.2013443000000037, 9.064440000000008
1.6600000000000013, 2.291498200000004, 8.96634000000001
1.6700000000000013, 2.380671100000004, 8.86824000000001
1.6800000000000013, 2.468863000000004, 8.770140000000012
1.6900000000000013, 2.556073900000004, 8.672040000000013
1.7000000000000013, 2.642303800000004, 8.573940000000015
1.7100000000000013, 2.7275527000000044, 8.475840000000016
1.7200000000000013, 2.8118206000000043, 8.377740000000017
1.7300000000000013, 2.8951075000000044, 8.279640000000018
1.7400000000000013, 2.9774134000000045, 8.18154000000002
1.7500000000000013, 3.058738300000005, 8.08344000000002
1.7600000000000013, 3.139082200000005, 7.985340000000022
1.7700000000000014, 3.218445100000005, 7.887240000000023
1.7800000000000014, 3.2968270000000053, 7.789140000000025
1.7900000000000014, 3.3742279000000055, 7.691040000000026
1.8000000000000014, 3.450647800000006, 7.592940000000027
1.8100000000000014, 3.5260867000000062, 7.494840000000028
1.8200000000000014, 3.6005446000000063, 7.39674000000003
1.8300000000000014, 3.6740215000000065, 7.298640000000031
1.8400000000000014, 3.7465174000000068, 7.200540000000032
1.8500000000000014, 3.818032300000007, 7.102440000000033
1.8600000000000014, 3.8885662000000076, 7.004340000000035
1.8700000000000014, 3.9581191000000078, 6.906240000000036
1.8800000000000014, 4.0266910000000085, 6.808140000000037
1.8900000000000015, 4.094281900000009, 6.710040000000038
1.9000000000000015, 4.16089180000001, 6.61194000000004
1.9100000000000015, 4.22652070000001, 6.513840000000041
1.9200000000000015, 4.29116860000001, 6.415740000000042
1.9300000000000015, 4.354835500000011, 6.317640000000043
1.9400000000000015, 4.417521400000012, 6.219540000000045
1.9500000000000015, 4.479226300000012, 6.121440000000046
1.9600000000000015, 4.539950200000012, 6.023340000000047
1.9700000000000015, 4.599693100000013, 5.9252400000000485
1.9800000000000015, 4.658455000000013, 5.82714000000005
1.9900000000000015, 4.716235900000014, 5.729040000000051
2.0000000000000013, 4.773035800000015, 5.630940000000052
2.010000000000001, 4.828854700000015, 5.5328400000000535
2.020000000000001, 4.883692600000016, 5.434740000000055
2.0300000000000007, 4.937549500000016, 5.336640000000056
2.0400000000000005, 4.990425400000017, 5.238540000000057
2.0500000000000003, 5.042320300000018, 5.1404400000000585
2.06, 5.093234200000018, 5.04234000000006
2.07, 5.143167100000019, 4.944240000000061
2.0799999999999996, 5.1921190000000195, 4.846140000000062
2.0899999999999994, 5.2400899000000205, 4.7480400000000635
2.099999999999999, 5.287079800000021, 4.649940000000065
2.109999999999999, 5.3330887000000216, 4.551840000000066
2.1199999999999988, 5.3781166000000225, 4.453740000000067
2.1299999999999986, 5.422163500000023, 4.355640000000069
2.1399999999999983, 5.465229400000024, 4.25754000000007
2.149999999999998, 5.507314300000025, 4.159440000000071
2.159999999999998, 5.548418200000025, 4.061340000000072
2.1699999999999977, 5.588541100000026, 3.9632400000000736
2.1799999999999975, 5.627683000000027, 3.865140000000075
2.1899999999999973, 5.665843900000028, 3.767040000000076
2.199999999999997, 5.703023800000029, 3.6689400000000774
2.209999999999997, 5.739222700000029, 3.5708400000000786
2.2199999999999966, 5.77444060000003, 3.47274000000008
2.2299999999999964, 5.808677500000031, 3.374640000000081
2.239999999999996, 5.841933400000032, 3.2765400000000824
2.249999999999996, 5.874208300000033, 3.1784400000000836
2.259999999999996, 5.905502200000034, 3.080340000000085
2.2699999999999956, 5.935815100000035, 2.982240000000086
2.2799999999999954, 5.9651470000000355, 2.8841400000000874
2.289999999999995, 5.993497900000037, 2.7860400000000887
2.299999999999995, 6.020867800000038, 2.68794000000009
2.3099999999999947, 6.047256700000038, 2.589840000000091
2.3199999999999945, 6.0726646000000395, 2.4917400000000924
2.3299999999999943, 6.09709150000004, 2.3936400000000937
2.339999999999994, 6.120537400000042, 2.295540000000095
2.349999999999994, 6.143002300000043, 2.197440000000096
2.3599999999999937, 6.164486200000043, 2.0993400000000975
2.3699999999999934, 6.1849891000000445, 2.0012400000000987
2.3799999999999932, 6.204511000000045, 1.9031400000001
2.389999999999993, 6.223051900000047, 1.8050400000001012
2.399999999999993, 6.240611800000048, 1.7069400000001025
2.4099999999999926, 6.257190700000049, 1.6088400000001037
2.4199999999999924, 6.27278860000005, 1.510740000000105
2.429999999999992, 6.287405500000051, 1.4126400000001063
2.439999999999992, 6.301041400000052, 1.3145400000001075
2.4499999999999917, 6.313696300000053, 1.2164400000001088
2.4599999999999915, 6.325370200000054, 1.11834000000011
2.4699999999999913, 6.336063100000056, 1.0202400000001113
2.479999999999991, 6.345775000000057, 0.9221400000001125
2.489999999999991, 6.354505900000058, 0.8240400000001138
2.4999999999999907, 6.362255800000059, 0.725940000000115
2.5099999999999905, 6.36902470000006, 0.6278400000001163
2.5199999999999902, 6.374812600000062, 0.5297400000001176
2.52999999999999, 6.379619500000063, 0.4316400000001188
2.53999999999999, 6.383445400000064, 0.3335400000001201
2.5499999999999896, 6.3862903000000655, 0.23544000000012133
2.5599999999999894, 6.388154200000066, 0.1373400000001226
2.569999999999989, 6.389037100000068, 0.03924000000012384
2.579999999999989, 6.388939000000069, -0.0588599999998749
2.5899999999999888, 6.387859900000071, -0.15695999999987365
2.5999999999999885, 6.385799800000072, -0.2550599999998724
2.6099999999999883, 6.382758700000073, -0.35315999999987113
2.619999999999988, 6.3787366000000745, -0.4512599999998699
2.629999999999988, 6.373733500000076, -0.5493599999998686
2.6399999999999877, 6.367749400000077, -0.6474599999998674
2.6499999999999875, 6.360784300000079, -0.7455599999998661
2.6599999999999873, 6.35283820000008, -0.8436599999998649
2.669999999999987, 6.343911100000081, -0.9417599999998636
2.679999999999987, 6.334003000000083, -1.0398599999998623
2.6899999999999866, 6.323113900000084, -1.137959999999861
2.6999999999999864, 6.311243800000086, -1.2360599999998598
2.709999999999986, 6.298392700000087, -1.3341599999998586
2.719999999999986, 6.284560600000089, -1.4322599999998573
2.7299999999999858, 6.26974750000009, -1.530359999999856
2.7399999999999856, 6.253953400000092, -1.6284599999998548
2.7499999999999853, 6.237178300000093, -1.7265599999998535
2.759999999999985, 6.2194222000000945, -1.8246599999998523
2.769999999999985, 6.200685100000096, -1.922759999999851
2.7799999999999847, 6.180967000000098, -2.0208599999998498
2.7899999999999845, 6.1602679000000995, -2.1189599999998485
2.7999999999999843, 6.138587800000101, -2.2170599999998473
2.809999999999984, 6.115926700000102, -2.315159999999846
2.819999999999984, 6.092284600000104, -2.4132599999998448
2.8299999999999836, 6.0676615000001055, -2.5113599999998435
2.8399999999999834, 6.0420574000001075, -2.6094599999998422
2.849999999999983, 6.015472300000109, -2.707559999999841
2.859999999999983, 5.98790620000011, -2.8056599999998397
2.869999999999983, 5.959359100000112, -2.9037599999998385
2.8799999999999826, 5.929831000000114, -3.001859999999837
2.8899999999999824, 5.899321900000116, -3.099959999999836
2.899999999999982, 5.8678318000001175, -3.1980599999998347
2.909999999999982, 5.835360700000119, -3.2961599999998334
2.9199999999999817, 5.801908600000121, -3.394259999999832
2.9299999999999815, 5.767475500000122, -3.492359999999831
2.9399999999999813, 5.732061400000124, -3.5904599999998297
2.949999999999981, 5.695666300000126, -3.6885599999998284
2.959999999999981, 5.658290200000128, -3.786659999999827
2.9699999999999807, 5.61993310000013, -3.884759999999826
2.9799999999999804, 5.580595000000131, -3.9828599999998247
2.9899999999999802, 5.540275900000133, -4.080959999999823
2.99999999999998, 5.498975800000135, -4.179059999999822
3.00999999999998, 5.456694700000137, -4.277159999999821
3.0199999999999796, 5.413432600000139, -4.37525999999982
3.0299999999999794, 5.36918950000014, -4.473359999999818
3.039999999999979, 5.323965400000143, -4.571459999999817
3.049999999999979, 5.2777603000001445, -4.669559999999816
3.0599999999999787, 5.230574200000146, -4.767659999999815
3.0699999999999785, 5.182407100000148, -4.865759999999813
3.0799999999999783, 5.13325900000015, -4.963859999999812
3.089999999999978, 5.083129900000152, -5.061959999999811
3.099999999999978, 5.032019800000154, -5.16005999999981
3.1099999999999777, 4.979928700000156, -5.258159999999808
3.1199999999999775, 4.926856600000158, -5.356259999999807
3.1299999999999772, 4.87280350000016, -5.454359999999806
3.139999999999977, 4.817769400000162, -5.5524599999998046
3.149999999999977, 4.761754300000164, -5.650559999999803
3.1599999999999766, 4.704758200000166, -5.748659999999802
3.1699999999999764, 4.646781100000168, -5.846759999999801
3.179999999999976, 4.58782300000017, -5.9448599999997995
3.189999999999976, 4.527883900000172, -6.042959999999798
3.1999999999999758, 4.466963800000174, -6.141059999999797
3.2099999999999755, 4.405062700000176, -6.239159999999796
3.2199999999999753, 4.342180600000178, -6.3372599999997945
3.229999999999975, 4.27831750000018, -6.435359999999793
3.239999999999975, 4.213473400000183, -6.533459999999792
3.2499999999999747, 4.147648300000185, -6.631559999999791
3.2599999999999745, 4.080842200000187, -6.7296599999997895
3.2699999999999743, 4.013055100000189, -6.827759999999792
3.279999999999974, 3.944287000000191, -6.925859999999794
3.289999999999974, 3.874537900000193, -7.023959999999796
3.2999999999999736, 3.8038078000001954, -7.122059999999799
3.3099999999999734, 3.732096700000197, -7.220159999999801
3.319999999999973, 3.659404600000199, -7.318259999999803
3.329999999999973, 3.5857315000002012, -7.4163599999998056
3.3399999999999728, 3.511077400000203, -7.514459999999808
3.3499999999999726, 3.435442300000205, -7.61255999999981
3.3599999999999723, 3.3588262000002067, -7.710659999999812
3.369999999999972, 3.2812291000002087, -7.808759999999815
3.379999999999972, 3.2026510000002104, -7.906859999999817
3.3899999999999717, 3.123091900000212, -8.00495999999982
3.3999999999999715, 3.042551800000214, -8.103059999999822
3.4099999999999713, 2.961030700000216, -8.201159999999824
3.419999999999971, 2.8785286000002177, -8.299259999999826
3.429999999999971, 2.7950455000002195, -8.397359999999829
3.4399999999999706, 2.7105814000002213, -8.49545999999983
3.4499999999999704, 2.625136300000223, -8.593559999999833
3.45999999999997, 2.5387102000002244, -8.691659999999835
3.46999999999997, 2.451303100000226, -8.789759999999838
3.47999999999997, 2.362915000000228, -8.88785999999984
3.4899999999999696, 2.2735459000002294, -8.985959999999842
3.4999999999999694, 2.183195800000231, -9.084059999999845
3.509999999999969, 2.0918647000002326, -9.182159999999847
3.519999999999969, 1.9995526000002342, -9.28025999999985
3.5299999999999687, 1.9062595000002356, -9.378359999999851
3.5399999999999685, 1.8119854000002371, -9.476459999999854
3.5499999999999683, 1.7167303000002385, -9.574559999999856
3.559999999999968, 1.62049420000024, -9.672659999999858
3.569999999999968, 1.5232771000002414, -9.77075999999986
3.5799999999999677, 1.4250790000002427, -9.868859999999863
3.5899999999999674, 1.325899900000244, -9.966959999999865
3.5999999999999672, 1.2257398000002453, -10.065059999999868
3.609999999999967, 1.1245987000002466, -10.16315999999987
3.619999999999967, 1.0224766000002479, -10.261259999999872
3.6299999999999666, 0.9193735000002492, -10.359359999999874
3.6399999999999664, 0.8152894000002504, -10.457459999999877
3.649999999999966, 0.7102243000002516, -10.555559999999879
3.659999999999966, 0.6041782000002528, -10.653659999999881
3.6699999999999657, 0.497151100000254, -10.751759999999884
3.6799999999999655, 0.38914300000025515, -10.849859999999886
3.6899999999999653, 0.2801539000002563, -10.947959999999888
3.699999999999965, 0.17018380000025743, -11.04605999999989
3.709999999999965, 0.059232700000258515, -11.144159999999893
3.7199999999999647, -0.05269939999974042, 8.993807999999916
3.7299999999999645, 0.03674818000025873, 8.895707999999914
3.7399999999999642, 0.12521476000025786, 8.797607999999911
3.749999999999964, 0.21270034000025695, 8.69950799999991
3.759999999999964, 0.299204920000256, 8.601407999999907
3.7699999999999636, 0.38472850000025505, 8.503307999999905
3.7799999999999634, 0.4692710800002541, 8.405207999999902
3.789999999999963, 0.5528326600002531, 8.3071079999999
3.799999999999963, 0.6354132400002521, 8.209007999999898
3.8099999999999627, 0.7170128200002511, 8.110907999999895
3.8199999999999625, 0.79763140000025, 8.012807999999893
3.8299999999999623, 0.8772689800002489, 7.914707999999891
3.839999999999962, 0.9559255600002478, 7.8166079999998885
3.849999999999962, 1.0336011400002465, 7.718507999999886
3.8599999999999617, 1.1102957200002455, 7.620407999999884
3.8699999999999615, 1.1860093000002443, 7.522307999999882
3.8799999999999613, 1.260741880000243, 7.424207999999879
3.889999999999961, 1.3344934600002418, 7.326107999999877
3.899999999999961, 1.4072640400002405, 7.228007999999875
3.9099999999999606, 1.4790536200002393, 7.1299079999998725
3.9199999999999604, 1.549862200000238, 7.03180799999987
3.92999999999996, 1.6196897800002368, 6.933707999999868
3.93999999999996, 1.6885363600002354, 6.835607999999866
3.9499999999999598, 1.756401940000234, 6.737507999999863
3.9599999999999596, 1.8232865200002326, 6.639407999999861
3.9699999999999593, 1.8891901000002311, 6.541307999999859
3.979999999999959, 1.9541126800002298, 6.443207999999856
3.989999999999959, 2.0180542600002283, 6.345107999999854
3.9999999999999587, 2.081014840000227, 6.247007999999852
4.009999999999959, 2.1429944200002256, 6.1489079999998495
4.019999999999959, 2.203993000000224, 6.050807999999847
4.0299999999999585, 2.2640105800002224, 5.952707999999845
4.039999999999958, 2.323047160000221, 5.854607999999843
4.049999999999958, 2.381102740000219, 5.75650799999984
4.059999999999958, 2.4381773200002175, 5.658407999999838
4.069999999999958, 2.494270900000216, 5.560307999999836
4.079999999999957, 2.5493834800002144, 5.462207999999833
4.089999999999957, 2.6035150600002126, 5.364107999999831
4.099999999999957, 2.656665640000211, 5.266007999999829
4.109999999999957, 2.7088352200002093, 5.1679079999998265
4.119999999999957, 2.7600238000002077, 5.069807999999824
4.129999999999956, 2.810231380000206, 4.971707999999822
4.139999999999956, 2.859457960000204, 4.87360799999982
4.149999999999956, 2.9077035400002025, 4.775507999999817
4.159999999999956, 2.9549681200002005, 4.677407999999815
4.1699999999999555, 3.0012517000001986, 4.579307999999813
4.179999999999955, 3.046554280000197, 4.4812079999998105
4.189999999999955, 3.090875860000195, 4.383107999999808
4.199999999999955, 3.134216440000193, 4.285007999999806
4.209999999999955, 3.176576020000191, 4.186907999999804
4.2199999999999545, 3.2179546000001893, 4.088807999999801
4.229999999999954, 3.258352180000187, 3.990707999999799
4.239999999999954, 3.297768760000185, 3.8926079999997967
4.249999999999954, 3.336204340000183, 3.7945079999997944
4.259999999999954, 3.373658920000181, 3.696407999999792
4.269999999999953, 3.410132500000179, 3.59830799999979
4.279999999999953, 3.445625080000177, 3.5002079999997875
4.289999999999953, 3.480136660000175, 3.402107999999785
4.299999999999953, 3.5136672400001725, 3.304007999999783
4.3099999999999525, 3.5462168200001702, 3.2059079999997806
4.319999999999952, 3.577785400000168, 3.1078079999997783
4.329999999999952, 3.608372980000166, 3.009707999999776
4.339999999999952, 3.6379795600001636, 2.9116079999997737
4.349999999999952, 3.6666051400001614, 2.8135079999997714
4.3599999999999515, 3.694249720000159, 2.715407999999769
4.369999999999951, 3.7209133000001566, 2.617307999999767
4.379999999999951, 3.746595880000154, 2.5192079999997645
4.389999999999951, 3.771297460000152, 2.4211079999997622
4.399999999999951, 3.7950180400001496, 2.32300799999976
4.40999999999995, 3.817757620000147, 2.2249079999997576
4.41999999999995, 3.8395162000001446, 2.1268079999997553
4.42999999999995, 3.8602937800001422, 2.028707999999753
4.43999999999995, 3.88009036000014, 1.9306079999997507
4.4499999999999496, 3.8989059400001373, 1.8325079999997484
4.459999999999949, 3.916740520000135, 1.7344079999997462
4.469999999999949, 3.9335941000001324, 1.6363079999997439
4.479999999999949, 3.9494666800001297, 1.5382079999997416
4.489999999999949, 3.964358260000127, 1.4401079999997393
4.4999999999999485, 3.9782688400001245, 1.342007999999737
4.509999999999948, 3.991198420000122, 1.2439079999997347
4.519999999999948, 4.003147000000119, 1.1458079999997324
4.529999999999948, 4.014114580000117, 1.04770799999973
4.539999999999948, 4.0241011600001135, 0.9496079999997278
4.549999999999947, 4.033106740000111, 0.8515079999997255
4.559999999999947, 4.041131320000108, 0.7534079999997232
4.569999999999947, 4.048174900000105, 0.6553079999997209
4.579999999999947, 4.054237480000102, 0.5572079999997186
4.589999999999947, 4.0593190600000995, 0.4591079999997163
4.599999999999946, 4.063419640000097, 0.361007999999714
4.609999999999946, 4.066539220000094, 0.2629079999997117
4.619999999999946, 4.068677800000091, 0.1648079999997094
4.629999999999946, 4.069835380000089, 0.06670799999970711
4.6399999999999455, 4.070011960000086, -0.031392000000295184
4.649999999999945, 4.0692075400000824, -0.12949200000029748
4.659999999999945, 4.06742212000008, -0.22759200000029978
4.669999999999945, 4.064655700000077, -0.3256920000003021
4.679999999999945, 4.060908280000073, -0.42379200000030437
4.689999999999944, 4.0561798600000705, -0.5218920000003067
4.699999999999944, 4.050470440000067, -0.619992000000309
4.709999999999944, 4.043780020000064, -0.7180920000003113
4.719999999999944, 4.036108600000061, -0.8161920000003136
4.729999999999944, 4.0274561800000575, -0.9142920000003159
4.739999999999943, 4.017822760000055, -1.0123920000003181
4.749999999999943, 4.0072083400000515, -1.1104920000003204
4.759999999999943, 3.9956129200000485, -1.2085920000003227
4.769999999999943, 3.983036500000045, -1.306692000000325
4.7799999999999425, 3.969479080000042, -1.4047920000003273
4.789999999999942, 3.9549406600000387, -1.5028920000003296
4.799999999999942, 3.9394212400000352, -1.600992000000332
4.809999999999942, 3.922920820000032, -1.6990920000003342
4.819999999999942, 3.9054394000000285, -1.7971920000003365
4.8299999999999415, 3.8869769800000253, -1.8952920000003388
4.839999999999941, 3.867533560000022, -1.9933920000003411
4.849999999999941, 3.8471091400000184, -2.0914920000003434
4.859999999999941, 3.825703720000015, -2.1895920000003457
4.869999999999941, 3.8033173000000113, -2.287692000000348
4.87999999999994, 3.7799498800000078, -2.3857920000003503
4.88999999999994, 3.7556014600000043, -2.4838920000003526
4.89999999999994, 3.730272040000001, -2.581992000000355
4.90999999999994, 3.703961619999997, -2.680092000000357
4.9199999999999395, 3.6766701999999936, -2.7781920000003595
4.929999999999939, 3.64839777999999, -2.876292000000362
4.939999999999939, 3.6191443599999866, -2.974392000000364
4.949999999999939, 3.588909939999983, -3.0724920000003664
4.959999999999939, 3.557694519999979, -3.1705920000003687
4.9699999999999385, 3.5254980999999757, -3.268692000000371
4.979999999999938, 3.4923206799999718, -3.3667920000003733
4.989999999999938, 3.458162259999968, -3.4648920000003756
4.999999999999938, 3.4230228399999643, -3.562992000000378
5.009999999999938, 3.3869024199999607, -3.66109200000038
5.019999999999937, 3.3498009999999567, -3.7591920000003824
5.029999999999937, 3.311718579999953, -3.8572920000003847
5.039999999999937, 3.272655159999949, -3.955392000000387
5.049999999999937, 3.232610739999945, -4.053492000000389
5.0599999999999365, 3.191585319999941, -4.151592000000392
5.069999999999936, 3.1495788999999372, -4.249692000000394
5.079999999999936, 3.1065914799999335, -4.347792000000396
5.089999999999936, 3.0626230599999293, -4.4458920000003985
5.099999999999936, 3.0176736399999253, -4.543992000000401
5.1099999999999355, 2.9717432199999214, -4.642092000000403
5.119999999999935, 2.924831799999917, -4.740192000000405
5.129999999999935, 2.876939379999913, -4.838292000000408
5.139999999999935, 2.828065959999909, -4.93639200000041
5.149999999999935, 2.778211539999905, -5.034492000000412
5.159999999999934, 2.7273761199999007, -5.132592000000415
5.169999999999934, 2.6755596999998965, -5.230692000000417
5.179999999999934, 2.6227622799998924, -5.328792000000419
5.189999999999934, 2.5689838599998884, -5.4268920000004215
5.199999999999934, 2.514224439999884, -5.524992000000424
5.209999999999933, 2.45848401999988, -5.623092000000426
5.219999999999933, 2.4017625999998757, -5.721192000000428
5.229999999999933, 2.3440601799998713, -5.819292000000431
5.239999999999933, 2.285376759999867, -5.917392000000433
5.2499999999999325, 2.2257123399998626, -6.015492000000435
5.259999999999932, 2.1650669199998585, -6.113592000000438
5.269999999999932, 2.103440499999854, -6.21169200000044
5.279999999999932, 2.0408330799998495, -6.309792000000442
5.289999999999932, 1.977244659999845, -6.4078920000004445
5.299999999999931, 1.9126752399998406, -6.505992000000447
5.309999999999931, 1.847124819999836, -6.604092000000449
5.319999999999931, 1.7805933999998316, -6.702192000000451
5.329999999999931, 1.713080979999827, -6.800292000000454
5.339999999999931, 1.6445875599998225, -6.898392000000456
5.34999999999993, 1.575113139999818, -6.996492000000458
5.35999999999993, 1.5046577199998135, -7.0945920000004605
5.36999999999993, 1.4332212999998089, -7.192692000000463
5.37999999999993, 1.3608038799998041, -7.290792000000465
5.3899999999999295, 1.2874054599997995, -7.388892000000467
5.399999999999929, 1.2130260399997947, -7.48699200000047
5.409999999999929, 1.13766561999979, -7.585092000000472
5.419999999999929, 1.0613241999997853, -7.683192000000474
5.429999999999929, 0.9840017799997806, -7.781292000000477
5.4399999999999284, 0.9056983599997758, -7.879392000000479
5.449999999999928, 0.826413939999771, -7.977492000000481
5.459999999999928, 0.7461485199997662, -8.075592000000483
5.469999999999928, 0.6649020999997614, -8.173692000000486
5.479999999999928, 0.5826746799997565, -8.271792000000488
5.489999999999927, 0.49946625999975164, -8.36989200000049
5.499999999999927, 0.41527683999974674, -8.467992000000493
5.509999999999927, 0.3301064199997418, -8.566092000000495
5.519999999999927, 0.2439549999997368, -8.664192000000497
5.5299999999999265, 0.15682257999973181, -8.7622920000005
5.539999999999926, 0.06870915999972681, -8.860392000000502
5.549999999999926, -0.02038526000027821, 7.166793600000403
5.559999999999926, 0.05079217599972581, 7.068693600000401
5.569999999999926, 0.12098861199972981, 6.970593600000399
5.5799999999999255, 0.19020404799973378, 6.872493600000396
5.589999999999925, 0.25843848399973773, 6.774393600000394
5.599999999999925, 0.3256919199997417, 6.676293600000392
5.609999999999925, 0.39196435599974555, 6.5781936000003896
5.619999999999925, 0.4572557919997494, 6.480093600000387
5.629999999999924, 0.5215662279997533, 6.381993600000385
5.639999999999924, 0.5848956639997571, 6.283893600000383
5.649999999999924, 0.647244099999761, 6.18579360000038
5.659999999999924, 0.7086115359997648, 6.087693600000378
5.6699999999999235, 0.7689979719997686, 5.989593600000376
5.679999999999923, 0.8284034079997724, 5.8914936000003735
5.689999999999923, 0.8868278439997761, 5.793393600000371
5.699999999999923, 0.9442712799997798, 5.695293600000369
5.709999999999923, 1.0007337159997836, 5.597193600000367
5.7199999999999225, 1.0562151519997873, 5.499093600000364
5.729999999999922, 1.110715587999791, 5.400993600000362
5.739999999999922, 1.1642350239997945, 5.30289360000036
5.749999999999922, 1.2167734599997981, 5.204793600000357
5.759999999999922, 1.2683308959998016, 5.106693600000355
5.769999999999921, 1.3189073319998053, 5.008593600000353
5.779999999999921, 1.3685027679998087, 4.9104936000003505
5.789999999999921, 1.4171172039998123, 4.812393600000348
5.799999999999921, 1.4647506399998158, 4.714293600000346
5.809999999999921, 1.5114030759998192, 4.616193600000344
5.81999999999992, 1.5570745119998226, 4.518093600000341
5.82999999999992, 1.601764947999826, 4.419993600000339
5.83999999999992, 1.6454743839998294, 4.321893600000337
5.84999999999992, 1.6882028199998327, 4.223793600000334
5.8599999999999195, 1.729950255999836, 4.125693600000332
5.869999999999919, 1.7707166919998394, 4.02759360000033
5.879999999999919, 1.8105021279998428, 3.9294936000003275
5.889999999999919, 1.849306563999846, 3.8313936000003253
5.899999999999919, 1.8871299999998492, 3.733293600000323
5.909999999999918, 1.9239724359998525, 3.6351936000003207
5.919999999999918, 1.9598338719998556, 3.5370936000003184
5.929999999999918, 1.9947143079998588, 3.438993600000316
5.939999999999918, 2.028613743999862, 3.3408936000003138
5.949999999999918, 2.0615321799998654, 3.2427936000003115
5.959999999999917, 2.0934696159998687, 3.144693600000309
5.969999999999917, 2.1244260519998717, 3.046593600000307
5.979999999999917, 2.1544014879998747, 2.9484936000003046
5.989999999999917, 2.183395923999878, 2.8503936000003023
5.9999999999999165, 2.2114093599998808, 2.7522936000003
6.009999999999916, 2.2384417959998837, 2.6541936000002977
6.019999999999916, 2.2644932319998867, 2.5560936000002954
6.029999999999916, 2.28956366799989, 2.457993600000293
6.039999999999916, 2.3136531039998927, 2.359893600000291
6.0499999999999154, 2.3367615399998956, 2.2617936000002885
6.059999999999915, 2.3588889759998986, 2.163693600000286
6.069999999999915, 2.380035411999901, 2.065593600000284
6.079999999999915, 2.400200847999904, 1.9674936000002816
6.089999999999915, 2.419385283999907, 1.8693936000002793
6.099999999999914, 2.43758871999991, 1.771293600000277
6.109999999999914, 2.4548111559999124, 1.6731936000002747
6.119999999999914, 2.471052591999915, 1.5750936000002724
6.129999999999914, 2.486313027999918, 1.4769936000002701
6.1399999999999135, 2.5005924639999204, 1.3788936000002678
6.149999999999913, 2.513890899999923, 1.2807936000002655
6.159999999999913, 2.5262083359999257, 1.1826936000002632
6.169999999999913, 2.5375447719999285, 1.084593600000261
6.179999999999913, 2.547900207999931, 0.9864936000002587
6.1899999999999125, 2.5572746439999334, 0.8883936000002564
6.199999999999912, 2.565668079999936, 0.7902936000002541
6.209999999999912, 2.573080515999939, 0.6921936000002518
6.219999999999912, 2.579511951999941, 0.5940936000002495
6.229999999999912, 2.5849623879999437, 0.49599360000024717
6.239999999999911, 2.5894318239999463, 0.3978936000002449
6.249999999999911, 2.5929202599999486, 0.2997936000002426
6.259999999999911, 2.595427695999951, 0.20169360000024028
6.269999999999911, 2.5969541319999534, 0.10359360000023798
6.2799999999999105, 2.597499567999956, 0.005493600000235688
6.28999999999991, 2.597064003999958, -0.09260639999976661
6.29999999999991, 2.5956474399999605, -0.1907063999997689
6.30999999999991, 2.593249875999963, -0.2888063999997712
6.31999999999991, 2.589871311999965, -0.3869063999997735
6.3299999999999095, 2.585511747999967, -0.4850063999997758
6.339999999999909, 2.5801711839999695, -0.5831063999997781
6.349999999999909, 2.573849619999972, -0.6812063999997804
6.359999999999909, 2.566547055999974, -0.7793063999997827
6.369999999999909, 2.558263491999976, -0.877406399999785
6.379999999999908, 2.5489989279999783, -0.9755063999997873
6.389999999999908, 2.53875336399998, -1.0736063999997896
6.399999999999908, 2.527526799999982, -1.1717063999997919
6.409999999999908, 2.5153192359999843, -1.2698063999997942
6.419999999999908, 2.5021306719999865, -1.3679063999997965
6.429999999999907, 2.4879611079999884, -1.4660063999997988
6.439999999999907, 2.4728105439999903, -1.564106399999801
6.449999999999907, 2.4566789799999924, -1.6622063999998034
6.459999999999907, 2.4395664159999946, -1.7603063999998056
6.4699999999999065, 2.4214728519999964, -1.858406399999808
6.479999999999906, 2.4023982879999983, -1.9565063999998102
6.489999999999906, 2.3823427240000004, -2.0546063999998125
6.499999999999906, 2.361306160000002, -2.152706399999815
6.509999999999906, 2.339288596000004, -2.250806399999817
6.519999999999905, 2.3162900320000057, -2.3489063999998194
6.529999999999905, 2.2923104680000077, -2.4470063999998217
6.539999999999905, 2.2673499040000094, -2.545106399999824
6.549999999999905, 2.241408340000011, -2.6432063999998263
6.559999999999905, 2.214485776000013, -2.7413063999998286
6.569999999999904, 2.186582212000015, -2.839406399999831
6.579999999999904, 2.1576976480000165, -2.937506399999833
6.589999999999904, 2.127832084000018, -3.0356063999998355
6.599999999999904, 2.09698552000002, -3.133706399999838
6.6099999999999035, 2.0651579560000215, -3.23180639999984
6.619999999999903, 2.032349392000023, -3.3299063999998424
6.629999999999903, 1.9985598280000247, -3.4280063999998447
6.639999999999903, 1.9637892640000263, -3.526106399999847
6.649999999999903, 1.928037700000028, -3.6242063999998493
6.659999999999902, 1.8913051360000295, -3.7223063999998516
6.669999999999902, 1.853591572000031, -3.820406399999854
6.679999999999902, 1.8148970080000326, -3.918506399999856
6.689999999999902, 1.775221444000034, -4.0166063999998585
6.699999999999902, 1.7345648800000355, -4.114706399999861
6.709999999999901, 1.6929273160000369, -4.212806399999863
6.719999999999901, 1.6503087520000383, -4.310906399999865
6.729999999999901, 1.6067091880000397, -4.409006399999868
6.739999999999901, 1.5621286240000412, -4.50710639999987
6.7499999999999005, 1.5165670600000425, -4.605206399999872
6.7599999999999, 1.4700244960000437, -4.7033063999998745
6.7699999999999, 1.422500932000045, -4.801406399999877
6.7799999999999, 1.3739963680000462, -4.899506399999879
6.7899999999999, 1.3245108040000475, -4.997606399999881
6.7999999999998995, 1.2740442400000487, -5.095706399999884
6.809999999999899, 1.22259667600005, -5.193806399999886
6.819999999999899, 1.170168112000051, -5.291906399999888
6.829999999999899, 1.1167585480000524, -5.390006399999891
6.839999999999899, 1.0623679840000535, -5.488106399999893
6.849999999999898, 1.0069964200000545, -5.586206399999895
6.859999999999898, 0.9506438560000556, -5.6843063999998975
6.869999999999898, 0.8933102920000567, -5.7824063999999
6.879999999999898, 0.8349957280000577, -5.880506399999902
6.8899999999998975, 0.7757001640000587, -5.978606399999904
6.899999999999897, 0.7154236000000597, -6.076706399999907
6.909999999999897, 0.6541660360000606, -6.174806399999909
6.919999999999897, 0.5919274720000616, -6.272906399999911
6.929999999999897, 0.5287079080000625, -6.371006399999914
6.9399999999998965, 0.46450734400006344, -6.469106399999916
6.949999999999896, 0.3993257800000643, -6.567206399999918
6.959999999999896, 0.33316321600006515, -6.6653063999999205
6.969999999999896, 0.266019652000066, -6.763406399999923
6.979999999999896, 0.19789508800006683, -6.861506399999925
6.989999999999895, 0.12878952400006763, -6.959606399999927
6.999999999999895, 0.05870296000006839, -7.05770639999993
7.009999999999895, -0.012364603999930862, 5.724645119999948
7.019999999999895, 0.04439134720006866, 5.626545119999946
7.0299999999998946, 0.10016629840006815, 5.528445119999944
7.039999999999894, 0.15496024960006763, 5.4303451199999415
7.049999999999894, 0.20877320080006706, 5.332245119999939
7.059999999999894, 0.2616051520000665, 5.234145119999937
7.069999999999894, 0.3134561032000659, 5.136045119999935
7.0799999999998935, 0.36432605440006527, 5.037945119999932
7.089999999999893, 0.41421500560006463, 4.93984511999993
7.099999999999893, 0.463122956800064, 4.841745119999928
7.109999999999893, 0.5110499080000633, 4.743645119999925
7.119999999999893, 0.5579958592000627, 4.645545119999923
7.129999999999892, 0.603960810400062, 4.547445119999921
7.139999999999892, 0.6489447616000612, 4.4493451199999186
7.149999999999892, 0.6929477128000604, 4.351245119999916
7.159999999999892, 0.7359696640000596, 4.253145119999914
7.169999999999892, 0.7780106152000588, 4.155045119999912
7.179999999999891, 0.8190705664000579, 4.056945119999909
7.189999999999891, 0.8591495176000571, 3.958845119999907
7.199999999999891, 0.8982474688000562, 3.8607451199999048
7.209999999999891, 0.9363644200000554, 3.7626451199999025
7.2199999999998905, 0.9735003712000544, 3.6645451199999
7.22999999999989, 1.0096553224000535, 3.566445119999898
7.23999999999989, 1.0448292736000526, 3.4683451199998956
7.24999999999989, 1.0790222248000516, 3.3702451199998933
7.25999999999989, 1.1122341760000505, 3.272145119999891
7.269999999999889, 1.1444651272000494, 3.1740451199998887
7.279999999999889, 1.1757150784000483, 3.0759451199998864
7.289999999999889, 1.2059840296000472, 2.977845119999884
7.299999999999889, 1.235271980800046, 2.879745119999882
7.309999999999889, 1.263578932000045, 2.7816451199998795
7.319999999999888, 1.2909048832000438, 2.683545119999877
7.329999999999888, 1.3172498344000427, 2.585445119999875
7.339999999999888, 1.3426137856000415, 2.4873451199998726
7.349999999999888, 1.3669967368000402, 2.3892451199998703
7.3599999999998875, 1.390398688000039, 2.291145119999868
7.369999999999887, 1.4128196392000376, 2.1930451199998657
7.379999999999887, 1.4342595904000364, 2.0949451199998634
7.389999999999887, 1.454718541600035, 1.9968451199998611
7.399999999999887, 1.4741964928000337, 1.8987451199998588
7.4099999999998865, 1.4926934440000323, 1.8006451199998565
7.419999999999886, 1.510209395200031, 1.7025451199998543
7.429999999999886, 1.5267443464000297, 1.604445119999852
7.439999999999886, 1.5422982976000281, 1.5063451199998497
7.449999999999886, 1.5568712488000267, 1.4082451199998474
7.459999999999885, 1.5704632000000252, 1.310145119999845
7.469999999999885, 1.5830741512000237, 1.2120451199998428
7.479999999999885, 1.5947041024000221, 1.1139451199998405
7.489999999999885, 1.6053530536000207, 1.0158451199998382
7.4999999999998845, 1.615021004800019, 0.9177451199998359
7.509999999999884, 1.6237079560000174, 0.8196451199998336
7.519999999999884, 1.6314139072000158, 0.7215451199998313
7.529999999999884, 1.638138858400014, 0.623445119999829
7.539999999999884, 1.6438828096000124, 0.5253451199998267
7.5499999999998835, 1.6486457608000107, 0.4272451199998244
7.559999999999883, 1.652427712000009, 0.3291451199998221
7.569999999999883, 1.6552286632000073, 0.2310451199998198
7.579999999999883, 1.6570486144000056, 0.1329451199998175
7.589999999999883, 1.6578875656000038, 0.03484511999981521
7.599999999999882, 1.657745516800002, -0.06325488000018709
7.609999999999882, 1.6566224680000001, -0.16135488000018938
7.619999999999882, 1.6545184191999982, -0.2594548800001917
7.629999999999882, 1.6514333703999964, -0.357554880000194
7.6399999999998816, 1.6473673215999944, -0.45565488000019627
7.649999999999881, 1.6423202727999926, -0.5537548800001986
7.659999999999881, 1.6362922239999906, -0.6518548800002009
7.669999999999881, 1.6292831751999886, -0.7499548800002032
7.679999999999881, 1.6212931263999866, -0.8480548800002055
7.6899999999998805, 1.6123220775999845, -0.9461548800002078
7.69999999999988, 1.6023700287999825, -1.04425488000021
7.70999999999988, 1.5914369799999804, -1.1423548800002123
7.71999999999988, 1.5795229311999783, -1.2404548800002146
7.72999999999988, 1.5666278823999762, -1.338554880000217
7.739999999999879, 1.5527518335999742, -1.4366548800002192
7.749999999999879, 1.537894784799972, -1.5347548800002215
7.759999999999879, 1.5220567359999697, -1.6328548800002238
7.769999999999879, 1.5052376871999675, -1.7309548800002261
7.779999999999879, 1.4874376383999652, -1.8290548800002284
7.789999999999878, 1.468656589599963, -1.9271548800002307
7.799999999999878, 1.4488945407999607, -2.025254880000233
7.809999999999878, 1.4281514919999585, -2.1233548800002353
7.819999999999878, 1.4064274431999562, -2.2214548800002376
7.8299999999998775, 1.383722394399954, -2.31955488000024
7.839999999999877, 1.3600363455999516, -2.417654880000242
7.849999999999877, 1.335369296799949, -2.5157548800002445
7.859999999999877, 1.3097212479999467, -2.613854880000247
7.869999999999877, 1.2830921991999442, -2.711954880000249
7.879999999999876, 1.2554821503999418, -2.8100548800002514
7.889999999999876, 1.2268911015999393, -2.9081548800002537
7.899999999999876, 1.197319052799937, -3.006254880000256
7.909999999999876, 1.1667660039999344, -3.1043548800002583
7.919999999999876, 1.1352319551999317, -3.2024548800002606
7.929999999999875, 1.1027169063999291, -3.300554880000263
7.939999999999875, 1.0692208575999265, -3.398654880000265
7.949999999999875, 1.034743808799924, -3.4967548800002675
7.959999999999875, 0.9992857599999212, -3.5948548800002698
7.9699999999998745, 0.9628467111999185, -3.692954880000272
7.979999999999874, 0.9254266623999158, -3.7910548800002744
7.989999999999874, 0.887025613599913, -3.8891548800002766
7.999999999999874, 0.8476435647999103, -3.987254880000279
8.009999999999874, 0.8072805159999076, -4.085354880000281
8.019999999999873, 0.7659364671999048, -4.1834548800002835
8.029999999999873, 0.7236114183999021, -4.281554880000286
8.039999999999873, 0.6803053695998993, -4.379654880000288
8.049999999999873, 0.6360183207998964, -4.47775488000029
8.059999999999873, 0.5907502719998935, -4.575854880000293
8.069999999999872, 0.5445012231998906, -4.673954880000295
8.079999999999872, 0.49727117439988766, -4.772054880000297
8.089999999999872, 0.44906012559988473, -4.8701548800003
8.099999999999872, 0.3998680767998818, -4.968254880000302
8.109999999999872, 0.3496950279998788, -5.066354880000304
8.119999999999871, 0.29854097919987577, -5.1644548800003065
8.129999999999871, 0.24640593039987274, -5.262554880000309
8.139999999999871, 0.1932898815998697, -5.360654880000311
8.14999999999987, 0.13919283279986663, -5.458754880000313
8.15999999999987, 0.08411478399986354, -5.556854880000316
8.16999999999987, 0.028055735199860418, -5.654954880000318
8.17999999999987, -0.028984313600142725, 4.602443904000253
8.18999999999987, 0.01654962543985984, 4.504343904000251
8.19999999999987, 0.06110256447986239, 4.406243904000249
8.20999999999987, 0.1046745035198649, 4.3081439040002465
8.21999999999987, 0.1472654425598674, 4.210043904000244
8.229999999999869, 0.18887538159986988, 4.111943904000242
8.239999999999869, 0.22950432063987233, 4.01384390400024
8.249999999999869, 0.2691522596798748, 3.9157439040002373
8.259999999999868, 0.3078191987198772, 3.817643904000235
8.269999999999868, 0.34550513775987957, 3.7195439040002327
8.279999999999868, 0.38221007679988195, 3.6214439040002304
8.289999999999868, 0.41793401583988427, 3.523343904000228
8.299999999999867, 0.4526769548798866, 3.425243904000226
8.309999999999867, 0.48643889391988887, 3.3271439040002235
8.319999999999867, 0.5192198329598912, 3.2290439040002212
8.329999999999867, 0.5510197719998934, 3.130943904000219
8.339999999999867, 0.5818387110398956, 3.0328439040002166
8.349999999999866, 0.6116766500798978, 2.9347439040002143
8.359999999999866, 0.6405335891199, 2.836643904000212
8.369999999999866, 0.6684095281599022, 2.7385439040002097
8.379999999999866, 0.6953044671999044, 2.6404439040002075
8.389999999999866, 0.7212184062399065, 2.542343904000205
8.399999999999865, 0.7461513452799086, 2.444243904000203
8.409999999999865, 0.7701032843199106, 2.3461439040002006
8.419999999999865, 0.7930742233599126, 2.2480439040001983
8.429999999999865, 0.8150641623999146, 2.149943904000196
8.439999999999864, 0.8360731014399166, 2.0518439040001937
8.449999999999864, 0.8561010404799186, 1.9537439040001914
8.459999999999864, 0.8751479795199206, 1.855643904000189
8.469999999999864, 0.8932139185599226, 1.7575439040001868
8.479999999999864, 0.9102988575999245, 1.6594439040001845
8.489999999999863, 0.9264027966399263, 1.5613439040001822
8.499999999999863, 0.9415257356799281, 1.46324390400018
8.509999999999863, 0.95566767471993, 1.3651439040001776
8.519999999999863, 0.9688286137599318, 1.2670439040001753
8.529999999999863, 0.9810085527999336, 1.168943904000173
8.539999999999862, 0.9922074918399354, 1.0708439040001707
8.549999999999862, 1.0024254308799372, 0.9727439040001684
8.559999999999862, 1.011662369919939, 0.8746439040001661
8.569999999999862, 1.0199183089599406, 0.7765439040001638
8.579999999999862, 1.0271932479999424, 0.6784439040001615
8.589999999999861, 1.033487187039944, 0.5803439040001592
8.599999999999861, 1.0388001260799455, 0.48224390400015693
8.60999999999986, 1.0431320651199472, 0.38414390400015463
8.61999999999986, 1.0464830041599487, 0.28604390400015234
8.62999999999986, 1.0488529431999503, 0.18794390400015004
8.63999999999986, 1.0502418822399517, 0.08984390400014775
8.64999999999986, 1.0506498212799533, -0.008256095999854551
8.65999999999986, 1.0500767603199548, -0.10635609599985685
8.66999999999986, 1.0485226993599563, -0.20445609599985914
8.67999999999986, 1.0459876383999578, -0.30255609599986144
8.68999999999986, 1.042471577439959, -0.40065609599986374
8.699999999999859, 1.0379745164799605, -0.49875609599986603
8.709999999999859, 1.0324964555199618, -0.5968560959998683
8.719999999999859, 1.0260373945599632, -0.6949560959998706
8.729999999999858, 1.0185973335999645, -0.7930560959998729
8.739999999999858, 1.010176272639966, -0.8911560959998752
8.749999999999858, 1.0007742116799672, -0.9892560959998775
8.759999999999858, 0.9903911507199684, -1.0873560959998798
8.769999999999857, 0.9790270897599697, -1.185456095999882
8.779999999999857, 0.9666820287999709, -1.2835560959998844
8.789999999999857, 0.9533559678399721, -1.3816560959998867
8.799999999999857, 0.9390489068799733, -1.479756095999889
8.809999999999857, 0.9237608459199744, -1.5778560959998913
8.819999999999856, 0.9074917849599755, -1.6759560959998936
8.829999999999856, 0.8902417239999766, -1.7740560959998959
8.839999999999856, 0.8720106630399777, -1.8721560959998982
8.849999999999856, 0.8527986020799787, -1.9702560959999005
8.859999999999856, 0.8326055411199798, -2.0683560959999028
8.869999999999855, 0.8114314801599808, -2.166456095999905
8.879999999999855, 0.7892764191999818, -2.2645560959999074
8.889999999999855, 0.7661403582399828, -2.3626560959999097
8.899999999999855, 0.7420232972799837, -2.460756095999912
8.909999999999854, 0.7169252363199846, -2.5588560959999143
8.919999999999854, 0.6908461753599855, -2.6569560959999166
8.929999999999854, 0.6637861143999864, -2.755056095999919
8.939999999999854, 0.6357450534399872, -2.853156095999921
8.949999999999854, 0.6067229924799881, -2.9512560959999234
8.959999999999853, 0.5767199315199889, -3.0493560959999257
8.969999999999853, 0.5457358705599897, -3.147456095999928
8.979999999999853, 0.5137708095999904, -3.2455560959999303
8.989999999999853, 0.4808247486399912, -3.3436560959999326
8.999999999999853, 0.4468976876799919, -3.441756095999935
9.009999999999852, 0.41198962671999256, -3.5398560959999372
9.019999999999852, 0.37610056575999323, -3.6379560959999395
9.029999999999852, 0.3392305047999939, -3.736056095999942
9.039999999999852, 0.3013794438399945, -3.834156095999944
9.049999999999851, 0.2625473828799951, -3.9322560959999464
9.059999999999851, 0.22273432191999565, -4.030356095999949
9.069999999999851, 0.18194026095999621, -4.128456095999951
9.07999999999985, 0.14016519999999674, -4.226556095999953
9.08999999999985, 0.09740913903999725, -4.324656095999956
9.09999999999985, 0.05367207807999773, -4.422756095999958
9.10999999999985, 0.008954017119998187, -4.52085609599996
9.11999999999985, -0.036745043840001386, 3.6951648767999643
9.12999999999985, -0.00028389507200170944, 3.597064876799962
9.13999999999985, 0.035196253695997944, 3.4989648767999597
9.14999999999985, 0.06969540246399758, 3.4008648767999574
9.15999999999985, 0.10321355123199719, 3.302764876799955
9.169999999999849, 0.13575069999999678, 3.204664876799953
9.179999999999849, 0.16730684876799634, 3.1065648767999505
9.189999999999849, 0.1978819975359959, 3.0084648767999482
9.199999999999848, 0.2274761463039954, 2.910364876799946
9.209999999999848, 0.2560892950719949, 2.8122648767999436
9.219999999999848, 0.28372144383999437, 2.7141648767999413
9.229999999999848, 0.3103725926079938, 2.616064876799939
9.239999999999847, 0.33604274137599327, 2.5179648767999367
9.249999999999847, 0.36073189014399265, 2.4198648767999344
9.259999999999847, 0.384440038911992, 2.321764876799932
9.269999999999847, 0.4071671876799914, 2.22366487679993
9.279999999999847, 0.42891333644799073, 2.1255648767999276
9.289999999999846, 0.44967848521599, 2.0274648767999253
9.299999999999846, 0.4694626339839893, 1.929364876799923
9.309999999999846, 0.48826578275198856, 1.8312648767999207
9.319999999999846, 0.5060879315199878, 1.7331648767999184
9.329999999999846, 0.522929080287987, 1.635064876799916
9.339999999999845, 0.5387892290559863, 1.5369648767999138
9.349999999999845, 0.5536683778239855, 1.4388648767999115
9.359999999999845, 0.5675665265919846, 1.3407648767999092
9.369999999999845, 0.5804836753599837, 1.242664876799907
9.379999999999844, 0.5924198241279828, 1.1445648767999046
9.389999999999844, 0.6033749728959819, 1.0464648767999023
9.399999999999844, 0.6133491216639809, 0.9483648767999
9.409999999999844, 0.62234227043198, 0.8502648767998977
9.419999999999844, 0.630354419199979, 0.7521648767998954
9.429999999999843, 0.6373855679679781, 0.6540648767998931
9.439999999999843, 0.643435716735977, 0.5559648767998908
9.449999999999843, 0.6485048655039759, 0.4578648767998885
9.459999999999843, 0.6525930142719748, 0.3597648767998862
9.469999999999843, 0.6557001630399737, 0.2616648767998839
9.479999999999842, 0.6578263118079726, 0.16356487679988163
9.489999999999842, 0.6589714605759714, 0.06546487679987933
9.499999999999842, 0.6591356093439703, -0.03263512320012296
9.509999999999842, 0.6583187581119692, -0.13073512320012526
9.519999999999841, 0.6565209068799679, -0.22883512320012755
9.529999999999841, 0.6537420556479666, -0.32693512320012985
9.539999999999841, 0.6499822044159653, -0.42503512320013215
9.54999999999984, 0.645241353183964, -0.5231351232001344
9.55999999999984, 0.6395195019519627, -0.6212351232001367
9.56999999999984, 0.6328166507199614, -0.719335123200139
9.57999999999984, 0.6251327994879601, -0.8174351232001413
9.58999999999984, 0.6164679482559587, -0.9155351232001436
9.59999999999984, 0.6068220970239573, -1.013635123200146
9.60999999999984, 0.5961952457919558, -1.1117351232001482
9.61999999999984, 0.5845873945599543, -1.2098351232001505
9.62999999999984, 0.5719985433279529, -1.3079351232001528
9.639999999999839, 0.5584286920959514, -1.4060351232001551
9.649999999999839, 0.5438778408639499, -1.5041351232001574
9.659999999999838, 0.5283459896319483, -1.6022351232001597
9.669999999999838, 0.5118331383999468, -1.700335123200162
9.679999999999838, 0.49433928716794523, -1.7984351232001643
9.689999999999838, 0.47586443593594363, -1.8965351232001666
9.699999999999838, 0.456408584703942, -1.994635123200169
9.709999999999837, 0.43597173347194035, -2.092735123200171
9.719999999999837, 0.41455388223993866, -2.1908351232001735
9.729999999999837, 0.39215503100793697, -2.288935123200176
9.739999999999837, 0.36877517977593527, -2.387035123200178
9.749999999999837, 0.3444143285439335, -2.4851351232001804
9.759999999999836, 0.3190724773119317, -2.5832351232001827
9.769999999999836, 0.29274962607992994, -2.681335123200185
9.779999999999836, 0.26544577484792814, -2.7794351232001873
9.789999999999836, 0.2371609236159263, -2.8775351232001896
9.799999999999836, 0.20789507238392443, -2.975635123200192
9.809999999999835, 0.17764822115192255, -3.073735123200194
9.819999999999835, 0.14642036991992063, -3.1718351232001964
9.829999999999835, 0.1142115186879187, -3.2699351232001987
9.839999999999835, 0.08102166745591675, -3.368035123200201
9.849999999999834, 0.04685081622391478, -3.4661351232002033
9.859999999999834, 0.01169896499191278, -3.5642351232002056
9.869999999999834, -0.024433886240089235, 2.9298680985601635
9.879999999999834, 0.004374294745512437, 2.831768098560161
9.889999999999834, 0.03220147573111409, 2.733668098560159
9.899999999999833, 0.05904765671671572, 2.6355680985601566
9.909999999999833, 0.08491283770231732, 2.5374680985601543
9.919999999999833, 0.1097970186879189, 2.439368098560152
9.929999999999833, 0.13370019967352045, 2.3412680985601497
9.939999999999833, 0.15662238065912198, 2.2431680985601474
9.949999999999832, 0.1785635616447235, 2.145068098560145
9.959999999999832, 0.199523742630325, 2.046968098560143
9.969999999999832, 0.21950292361592647, 1.9488680985601405
9.979999999999832, 0.2385011046015279, 1.8507680985601382
9.989999999999831, 0.2565182855871293, 1.752668098560136
9.999999999999831, 0.2735544665727307, 1.6545680985601336
10.009999999999831, 0.2896096475583321, 1.5564680985601314
10.01999999999983, 0.30468382854393344, 1.458368098560129
10.02999999999983, 0.31877700952953475, 1.3602680985601268
10.03999999999983, 0.33188919051513605, 1.2621680985601245
10.04999999999983, 0.34402037150073733, 1.1640680985601222
10.05999999999983, 0.3551705524863386, 1.0659680985601199
10.06999999999983, 0.3653397334719398, 0.9678680985601176
10.07999999999983, 0.374527914457541, 0.8697680985601153
10.08999999999983, 0.3827350954431422, 0.771668098560113
10.09999999999983, 0.3899612764287434, 0.6735680985601107
10.109999999999829, 0.3962064574143445, 0.5754680985601084
10.119999999999829, 0.4014706383999456, 0.4773680985601061
10.129999999999828, 0.4057538193855467, 0.3792680985601038
10.139999999999828, 0.4090560003711478, 0.2811680985601015
10.149999999999828, 0.41137718135674883, 0.1830680985600992
10.159999999999828, 0.41271736234234985, 0.0849680985600969
10.169999999999828, 0.41307654332795085, -0.013131901439905391
10.179999999999827, 0.41245472431355185, -0.11123190143990769
10.189999999999827, 0.41085190529915283, -0.20933190143990998
10.199999999999827, 0.40826808628475375, -0.3074319014399123
10.209999999999827, 0.40470326727035466, -0.4055319014399146
10.219999999999827, 0.40015744825595556, -0.5036319014399169
10.229999999999826, 0.39463062924155645, -0.6017319014399192
10.239999999999826, 0.3881228102271573, -0.6998319014399215
10.249999999999826, 0.3806339912127581, -0.7979319014399238
10.259999999999826, 0.3721641721983589, -0.8960319014399261
10.269999999999825, 0.3627133531839597, -0.9941319014399284
10.279999999999825, 0.35228153416956043, -1.0922319014399307
10.289999999999825, 0.34086871515516115, -1.190331901439933
10.299999999999825, 0.32847489614076186, -1.2884319014399352
10.309999999999825, 0.31510007712636257, -1.3865319014399375
10.319999999999824, 0.3007442581119632, -1.4846319014399398
10.329999999999824, 0.28540743909756383, -1.5827319014399421
10.339999999999824, 0.26908962008316445, -1.6808319014399444
10.349999999999824, 0.25179080106876506, -1.7789319014399467
10.359999999999824, 0.23351098205436563, -1.877031901439949
10.369999999999823, 0.2142501630399662, -1.9751319014399513
10.379999999999823, 0.19400834402556671, -2.0732319014399536
10.389999999999823, 0.1727855250111672, -2.171331901439956
10.399999999999823, 0.15058170599676768, -2.269431901439958
10.409999999999823, 0.12739688698236815, -2.3675319014399605
10.419999999999822, 0.10323106796796858, -2.465631901439963
10.429999999999822, 0.078084248953569, -2.563731901439965
10.439999999999822, 0.05195642993916938, -2.6618319014399674
10.449999999999822, 0.024847610924769746, -2.7599319014399697
10.459999999999821, -0.003242208089629918, 2.2864255211519833
10.469999999999821, 0.019131547121889952, 2.188325521151981
10.479999999999821, 0.0405243023334098, 2.0902255211519787
10.48999999999982, 0.06093605754492962, 1.9921255211519764
10.49999999999982, 0.08036681275644941, 1.894025521151974
10.50999999999982, 0.09881656796796918, 1.7959255211519718
10.51999999999982, 0.11628532317948893, 1.6978255211519695
10.52999999999982, 0.13277307839100866, 1.5997255211519672
10.53999999999982, 0.14827983360252836, 1.501625521151965
10.54999999999982, 0.16280558881404805, 1.4035255211519626
10.55999999999982, 0.1763503440255677, 1.3054255211519603
10.569999999999819, 0.18891409923708735, 1.207325521151958
10.579999999999819, 0.20049685444860696, 1.1092255211519557
10.589999999999819, 0.21109860966012656, 1.0111255211519534
10.599999999999818, 0.22071936487164612, 0.9130255211519511
10.609999999999818, 0.22935912008316567, 0.8149255211519488
10.619999999999818, 0.23701787529468518, 0.7168255211519465
10.629999999999818, 0.24369563050620469, 0.6187255211519442
10.639999999999818, 0.24939238571772415, 0.5206255211519419
10.649999999999817, 0.2541081409292436, 0.42252552115193964
10.659999999999817, 0.25784289614076306, 0.32442552115193735
10.669999999999817, 0.26059665135228244, 0.22632552115193505
10.679999999999817, 0.2623694065638018, 0.12822552115193275
10.689999999999817, 0.2631611617753212, 0.030125521151930457
10.699999999999816, 0.2629719169868405, -0.06797447884807184
10.709999999999816, 0.26180167219835987, -0.16607447884807414
10.719999999999816, 0.25965042740987915, -0.26417447884807643
10.729999999999816, 0.2565181826213984, -0.36227447884807873
10.739999999999815, 0.2524049378329177, -0.460374478848081
10.749999999999815, 0.2473106930444369, -0.5584744788480833
10.759999999999815, 0.2412354482559561, -0.6565744788480856
10.769999999999815, 0.23417920346747528, -0.7546744788480879
10.779999999999815, 0.22614195867899445, -0.8527744788480902
10.789999999999814, 0.21712371389051358, -0.9508744788480925
10.799999999999814, 0.2071244691020327, -1.0489744788480948
10.809999999999814, 0.19614422431355177, -1.147074478848097
10.819999999999814, 0.18418297952507084, -1.2451744788480994
10.829999999999814, 0.17124073473658988, -1.3432744788481017
10.839999999999813, 0.1573174899481089, -1.441374478848104
10.849999999999813, 0.1424132451596279, -1.5394744788481063
10.859999999999813, 0.12652800037114686, -1.6375744788481086
10.869999999999813, 0.10966175558266582, -1.7356744788481109
10.879999999999812, 0.09181451079418475, -1.8337744788481132
10.889999999999812, 0.07298626600570365, -1.9318744788481155
10.899999999999812, 0.053177021217222536, -2.0299744788481178
10.909999999999812, 0.032386776428741396, -2.12807447884812
10.919999999999812, 0.010615531640260231, -2.2261744788481224
10.929999999999811, -0.01213671314822095, 1.8594195830785054
10.939999999999811, 0.00596698268256414, 1.7613195830785031
10.949999999999811, 0.023089678513349206, 1.6632195830785008
10.95999999999981, 0.03923137434413425, 1.5651195830784985
10.96999999999981, 0.05439207017491927, 1.4670195830784962
10.97999999999981, 0.06857176600570426, 1.368919583078494
10.98999999999981, 0.08177046183648924, 1.2708195830784916
10.99999999999981, 0.0939881576672742, 1.1727195830784893
11.00999999999981, 0.10522485349805913, 1.074619583078487
11.01999999999981, 0.11548054932884404, 0.9765195830784847
11.02999999999981, 0.12475524515962892, 0.8784195830784824
11.039999999999809, 0.13304894099041378, 0.7803195830784802
11.049999999999809, 0.14036163682119862, 0.6822195830784779
11.059999999999809, 0.14669333265198342, 0.5841195830784756
11.069999999999808, 0.1520440284827682, 0.48601958307847326
11.079999999999808, 0.156413724313553, 0.38791958307847096
11.089999999999808, 0.15980242014433774, 0.28981958307846867
11.099999999999808, 0.16221011597512247, 0.19171958307846637
11.109999999999808, 0.16363681180590717, 0.09361958307846407
11.119999999999807, 0.16408250763669185, -0.004480416921538222
11.129999999999807, 0.1635472034674765, -0.10258041692154052
11.139999999999807, 0.16203089929826114, -0.20068041692154281
11.149999999999807, 0.15953359512904575, -0.2987804169215451
11.159999999999807, 0.15605529095983034, -0.3968804169215474
11.169999999999806, 0.1515959867906149, -0.4949804169215497
11.179999999999806, 0.14615568262139944, -0.593080416921552
11.189999999999806, 0.13973437845218395, -0.6911804169215543
11.199999999999806, 0.13233207428296845, -0.7892804169215566
11.209999999999805, 0.12394877011375291, -0.8873804169215589
11.219999999999805, 0.11458446594453736, -0.9854804169215612
11.229999999999805, 0.10423916177532179, -1.0835804169215635
11.239999999999805, 0.0929128576061062, -1.1816804169215658
11.249999999999805, 0.08060555343689058, -1.279780416921568
11.259999999999804, 0.06731724926767493, -1.3778804169215704
11.269999999999804, 0.05304794509845927, -1.4759804169215727
11.279999999999804, 0.03779764092924358, -1.574080416921575
11.289999999999804, 0.021566336760027865, -1.6721804169215773
11.299999999999804, 0.004354032590812129, -1.7702804169215796
11.309999999999803, -0.01383927157840363, 1.4947043335372712
11.319999999999803, 0.0006172717569691167, 1.3966043335372689
11.329999999999803, 0.01409281509234184, 1.2985043335372666
11.339999999999803, 0.026587358427714543, 1.2004043335372643
11.349999999999802, 0.038100901763087225, 1.102304333537262
11.359999999999802, 0.048633445098459877, 1.0042043335372597
11.369999999999802, 0.058184988433832505, 0.9061043335372574
11.379999999999802, 0.06675553176920511, 0.8080043335372551
11.389999999999802, 0.07434507510457769, 0.7099043335372528
11.399999999999801, 0.08095361843995025, 0.6118043335372505
11.409999999999801, 0.0865811617753228, 0.5137043335372482
11.419999999999801, 0.0912277051106953, 0.4156043335372459
11.4299999999998, 0.09489324844606781, 0.3175043335372436
11.4399999999998, 0.09757779178144028, 0.21940433353724131
11.4499999999998, 0.09928133511681274, 0.12130433353723902
11.4599999999998, 0.10000387845218517, 0.02320433353723672
11.4699999999998, 0.09974542178755758, -0.07489566646276558
11.4799999999998, 0.09850596512292996, -0.17299566646276787
11.4899999999998, 0.09628550845830232, -0.27109566646277017
11.4999999999998, 0.09308405179367465, -0.36919566646277246
11.509999999999799, 0.08890159512904697, -0.46729566646277476
11.519999999999799, 0.08373813846441926, -0.5653956664627771
11.529999999999799, 0.07759368179979152, -0.6634956664627794
11.539999999999798, 0.07046822513516376, -0.7615956664627817
11.549999999999798, 0.06236176847053598, -0.859695666462784
11.559999999999798, 0.05327431180590818, -0.9577956664627862
11.569999999999798, 0.04320585514128035, -1.0558956664627885
11.579999999999798, 0.0321563984766525, -1.1539956664627908
11.589999999999797, 0.020125941812024626, -1.2520956664627931
11.599999999999797, 0.0071144851473967305, -1.3501956664627954
11.609999999999797, -0.006877971517231187, 1.1586365331702382
11.619999999999797, 0.004217893814471229, 1.0605365331702359
11.629999999999797, 0.014332759146173622, 0.9624365331702336
11.639999999999796, 0.023466624477875994, 0.8643365331702313
11.649999999999796, 0.03161948980957834, 0.766236533170229
11.659999999999796, 0.03879135514128067, 0.6681365331702267
11.669999999999796, 0.04498222047298297, 0.5700365331702244
11.679999999999795, 0.050192085804685246, 0.4719365331702221
11.689999999999795, 0.0544209511363875, 0.3738365331702198
11.699999999999795, 0.05766881646808973, 0.2757365331702175
11.709999999999795, 0.059935681799791946, 0.17763653317021522
11.719999999999795, 0.061221547131494136, 0.07953653317021292
11.729999999999794, 0.0615264124631963, -0.018563466829789377
11.739999999999794, 0.06085027779489845, -0.11666346682979167
11.749999999999794, 0.05919314312660057, -0.21476346682979397
11.759999999999794, 0.056555008458302664, -0.31286346682979627
11.769999999999794, 0.05293587379000474, -0.41096346682979856
11.779999999999793, 0.048335739121706786, -0.5090634668298009
11.789999999999793, 0.04275460445340881, -0.6071634668298032
11.799999999999793, 0.036192469785110815, -0.7052634668298055
11.809999999999793, 0.028649335116812797, -0.8033634668298077
11.819999999999792, 0.020125200448514756, -0.90146346682981
11.829999999999792, 0.010620065780216691, -0.9995634668298123
11.839999999999792, 0.00013393111191860492, -1.0976634668298146
11.849999999999792, -0.011333203556379505, 0.9566107734638507
11.859999999999792, -0.002257595821740963, 0.8585107734638484
11.869999999999791, 0.0058370119128975575, 0.7604107734638461
11.879999999999791, 0.012950619647536054, 0.6623107734638438
11.889999999999791, 0.01908322738217453, 0.5642107734638415
11.89999999999979, 0.02423483511681298, 0.4661107734638392
11.90999999999979, 0.028405442851451405, 0.3680107734638369
11.91999999999979, 0.03159505058608981, 0.26991077346383463
11.92999999999979, 0.03380365832072819, 0.17181077346383233
11.93999999999979, 0.03503126605536655, 0.07371077346383004
11.94999999999979, 0.03527787379000489, -0.02438922653617226
11.95999999999979, 0.034543481524643205, -0.12248922653617456
11.96999999999979, 0.0328280892592815, -0.22058922653617685
11.979999999999789, 0.030131696993919765, -0.31868922653617915
11.989999999999789, 0.02645430472855801, -0.41678922653618145
11.999999999999789, 0.021795912463196232, -0.5148892265361837
12.009999999999788, 0.01615652019783443, -0.612989226536186
12.019999999999788, 0.009536127932472604, -0.7110892265361883
12.029999999999788, 0.001934735667110758, -0.8091892265361906
12.039999999999788, -0.006647656598251111, 0.7258313812289572
12.049999999999788, 0.00012015721403849707, 0.6277313812289549
12.059999999999787, 0.005906971026328082, 0.5296313812289526
12.069999999999787, 0.010712784838617644, 0.4315313812289503
12.079999999999787, 0.014537598650907183, 0.333431381228948
12.089999999999787, 0.0173814124631967, 0.2353313812289457
12.099999999999786, 0.019244226275486193, 0.1372313812289434
12.109999999999786, 0.020126040087775663, 0.03913138122894111
12.119999999999786, 0.02002685390006511, -0.05896861877106119
12.129999999999786, 0.018946667712354533, -0.15706861877106348
12.139999999999786, 0.016885481524643933, -0.2551686187710658
12.149999999999785, 0.013843295336933311, -0.3532686187710681
12.159999999999785, 0.009820109149222666, -0.4513686187710704
12.169999999999785, 0.004815922961511998, -0.5494686187710727
12.179999999999785, -0.0011692632261986928, 0.51805489501686
12.189999999999785, 0.0035207857239699424, 0.4199548950168577
12.199999999999784, 0.007229834674138555, 0.3218548950168554
12.209999999999784, 0.009957883624307145, 0.22375489501685308
12.219999999999784, 0.011704932574475711, 0.1256548950168508
12.229999999999784, 0.012470981524644256, 0.02755489501684849
12.239999999999783, 0.012256030474812777, -0.0705451049831538
12.249999999999783, 0.011060079424981275, -0.1686451049831561
12.259999999999783, 0.008883128375149749, -0.2667451049831584
12.269999999999783, 0.005725177325318201, -0.3648451049831607
12.279999999999783, 0.0015862262754866296, -0.462945104983163
12.289999999999782, -0.003533724774344965, 0.4488360839865351
12.299999999999782, 0.0004641360655204211, 0.3507360839865328
12.309999999999782, 0.0034809969053857842, 0.2526360839865305
12.319999999999782, 0.005516857745251125, 0.15453608398652818
12.329999999999782, 0.006571718585116442, 0.05643608398652589
12.339999999999781, 0.006645579424981737, -0.04166391601347641
12.349999999999781, 0.005738440264847008, -0.1397639160134787
12.359999999999781, 0.0038503011047122566, -0.237863916013481
12.36999999999978, 0.0009811619445774826, -0.3359639160134833
12.37999999999978, -0.0028689772155573146, 0.3472511328107828
12.38999999999978, 0.00011303411255054931, 0.2491511328107805
12.39999999999978, 0.00211404544065839, 0.1510511328107782
12.40999999999978, 0.003134056768766208, 0.0529511328107759
12.41999999999978, 0.003173068096874003, -0.045148867189226394
12.42999999999978, 0.002231079424981775, -0.1432488671892287
12.43999999999978, 0.0003080907530895239, -0.241348867189231
12.449999999999779, -0.0025958979188027503, 0.2715590937513923
12.459999999999779, -0.00037080698128879154, 0.17345909375139001
12.469999999999779, 0.0008732839562251445, 0.07535909375138772
12.479999999999778, 0.0011363748937390575, -0.02274090624861458
12.489999999999778, 0.0004184658312529476, -0.12084090624861688
12.499999999999778, -0.0012804432312331852, 0.17515272499889534
12.509999999999778, -1.941598124419598E-05, 0.07705272499889304
12.519999999999778, 0.0002606112687447703, -0.021047275001109256
12.529999999999777, -0.0004403614812662863, 0.0953178200008864
12.539999999999777, 2.231671874261353E-05, -0.002782179999115897
12.549999999999777, -0.0004960050812485095, 0.08070574399928887
12.559999999999777, -0.00017944764125558493, -0.017394256000713426
12.569999999999776, -0.0008438902012626833, -0.11549425600071572
12.579999999999776, -0.0024893327612698045, -0.21359425600071802
12.589999999999776, -0.005115775321276949, -0.3116942560007203
12.599999999999776, -0.008723217881284117, -0.4097942560007226
12.609999999999776, -0.013311660441291307, -0.5078942560007249
12.619999999999775, -0.01888110300129852, -0.6059942560007272
12.629999999999775, -0.025431545561305755, -0.7040942560007295
12.639999999999775, -0.032962988121313014, -0.8021942560007318
12.649999999999775, -0.0414754306813203, -0.9002942560007341
12.659999999999775, -0.0509688732413276, -0.9983942560007364
12.669999999999774, -0.06144331580133493, -1.0964942560007387
12.679999999999774, -0.07289875836134228, -1.194594256000741
12.689999999999774, -0.08533520092134966, -1.2926942560007433
12.699999999999774, -0.09875264348135707, -1.3907942560007456
12.709999999999773, -0.11315108604136448, -1.4888942560007479
12.719999999999773, -0.12853052860137193, -1.5869942560007502
12.729999999999773, -0.1448909711613794, -1.6850942560007525
12.739999999999773, -0.1622324137213869, -1.7831942560007548
12.749999999999773, -0.1805548562813944, -1.881294256000757
12.759999999999772, -0.19985829884140194, -1.9793942560007594
12.769999999999772, -0.2201427414014095, -2.0774942560007617
12.779999999999772, -0.24140818396141708, -2.175594256000764
12.789999999999772, -0.2636546265214247, -2.2736942560007662
12.799999999999772, -0.2868820690814323, -2.3717942560007685
12.809999999999771, -0.31109051164143997, -2.469894256000771
12.819999999999771, -0.33627995420144763, -2.567994256000773
12.829999999999771, -0.3624503967614553, -2.6660942560007754
12.83999999999977, -0.38960183932146303, -2.7641942560007777
12.84999999999977, -0.41773428188147077, -2.86229425600078
12.85999999999977, -0.4468477244414785, -2.9603942560007823
12.86999999999977, -0.4769421670014863, -3.0584942560007846
12.87999999999977, -0.5080176095614941, -3.156594256000787
12.88999999999977, -0.540074052121502, -3.254694256000789
12.89999999999977, -0.5731114946815098, -3.3527942560007915
12.90999999999977, -0.6071299372415176, -3.450894256000794
12.919999999999769, -0.6421293798015255, -3.548994256000796
12.929999999999769, -0.6781098223615334, -3.6470942560007984
12.939999999999769, -0.7150712649215414, -3.7451942560008007
12.949999999999768, -0.7530137074815494, -3.843294256000803
12.959999999999768, -0.7919371500415574, -3.9413942560008053
12.969999999999768, -0.8318415926015654, -4.039494256000808
12.979999999999768, -0.8727270351615735, -4.13759425600081
12.989999999999768, -0.9145934777215815, -4.235694256000812
12.999999999999767, -0.9574409202815896, -4.3337942560008145
13.009999999999767, -1.0012693628415976, -4.431894256000817
13.019999999999767, -1.0460788054016057, -4.529994256000819
13.029999999999767, -1.0918692479616139, -4.628094256000821
13.039999999999766, -1.138640690521622, -4.726194256000824
13.049999999999766, -1.1863931330816302, -4.824294256000826
13.059999999999766, -1.2351265756416383, -4.922394256000814
13.069999999999766, -1.2848410182016463, -5.020494256000802
13.079999999999766, -1.3355364607616542, -5.11859425600079
13.089999999999765, -1.387212903321662, -5.216694256000778
13.099999999999765, -1.4398703458816697, -5.314794256000766
13.109999999999765, -1.4935087884416773, -5.4128942560007545
13.119999999999765, -1.5481282310016848, -5.5109942560007426
13.129999999999765, -1.6037286735616922, -5.609094256000731
13.139999999999764, -1.6603101161216995, -5.707194256000719
13.149999999999764, -1.7178725586817067, -5.805294256000707
13.159999999999764, -1.7764160012417138, -5.903394256000695
13.169999999999764, -1.8359404438017208, -6.001494256000683
13.179999999999763, -1.8964458863617275, -6.099594256000671
13.189999999999763, -1.957932328921734, -6.197694256000659
13.199999999999763, -2.0203997714817405, -6.295794256000647
13.209999999999763, -2.083848214041747, -6.393894256000635
13.219999999999763, -2.1482776566017536, -6.491994256000623
13.229999999999762, -2.21368809916176, -6.5900942560006115
13.239999999999762, -2.280079541721766, -6.6881942560006
13.249999999999762, -2.3474519842817716, -6.786294256000588
13.259999999999762, -2.4158054268417772, -6.884394256000576
13.269999999999762, -2.4851398694017828, -6.982494256000564
13.279999999999761, -2.555455311961788, -7.080594256000552
13.289999999999761, -2.6267517545217935, -7.17869425600054
13.299999999999761, -2.699029197081799, -7.276794256000528
13.30999999999976, -2.772287639641804, -7.374894256000516
13.31999999999976, -2.846527082201809, -7.472994256000504
13.32999999999976, -2.921747524761814, -7.571094256000492
13.33999999999976, -2.9979489673218187, -7.66919425600048
13.34999999999976, -3.0751314098818234, -7.7672942560004685
13.35999999999976, -3.153294852441828, -7.865394256000457
13.36999999999976, -3.2324392950018326, -7.963494256000445
13.37999999999976, -3.312564737561837, -8.061594256000433
13.389999999999759, -3.3936711801218413, -8.15969425600042
13.399999999999759, -3.4757586226818455, -8.257794256000409
13.409999999999759, -3.5588270652418497, -8.355894256000397
13.419999999999758, -3.6428765078018537, -8.453994256000385
13.429999999999758, -3.7279069503618576, -8.552094256000373
13.439999999999758, -3.8139183929218614, -8.650194256000361
13.449999999999758, -3.900910835481865, -8.74829425600035
13.459999999999757, -3.9888842780418687, -8.846394256000337
13.469999999999757, -4.077838720601872, -8.944494256000326
13.479999999999757, -4.167774163161876, -9.042594256000314
13.489999999999757, -4.2586906057218785, -9.140694256000302
13.499999999999757, -4.350588048281882, -9.23879425600029
13.509999999999756, -4.443466490841884, -9.336894256000278
13.519999999999756, -4.537325933401887, -9.434994256000266
13.529999999999756, -4.63216637596189, -9.533094256000254
13.539999999999756, -4.727987818521893, -9.631194256000242
13.549999999999756, -4.824790261081895, -9.72929425600023
13.559999999999755, -4.9225737036418975, -9.827394256000218
13.569999999999755, -5.0213381462018996, -9.925494256000206
13.579999999999755, -5.121083588761902, -10.023594256000194
13.589999999999755, -5.221810031321904, -10.121694256000183
13.599999999999755, -5.323517473881906, -10.21979425600017
13.609999999999754, -5.426205916441908, -10.317894256000159
13.619999999999754, -5.52987535900191, -10.415994256000147
13.629999999999754, -5.634525801561911, -10.514094256000135
13.639999999999754, -5.740157244121912, -10.612194256000123
13.649999999999753, -5.846769686681913, -10.710294256000111
13.659999999999753, -5.954363129241914, -10.8083942560001
13.669999999999753, -6.062937571801915, -10.906494256000087
13.679999999999753, -6.172493014361915, -11.004594256000075
13.689999999999753, -6.283029456921916, -11.102694256000063
13.699999999999752, -6.394546899481917, -11.200794256000052
13.709999999999752, -6.507045342041917, -11.29889425600004
13.719999999999752, -6.620524784601917, -11.396994256000028
13.729999999999752, -6.734985227161918, -11.495094256000016
13.739999999999752, -6.850426669721918, -11.593194256000004
13.749999999999751, -6.966849112281918, -11.691294255999992
13.759999999999751, -7.0842525548419175, -11.78939425599998
13.76999999999975, -7.2026369974019175, -11.887494255999968
13.77999999999975, -7.322002439961917, -11.985594255999956
13.78999999999975, -7.442348882521917, -12.083694255999944
13.79999999999975, -7.563676325081916, -12.181794255999932
13.80999999999975, -7.685984767641916, -12.27989425599992
13.81999999999975, -7.809274210201915, -12.377994255999909
13.82999999999975, -7.933544652761914, -12.476094255999897
13.83999999999975, -8.058796095321913, -12.574194255999885
13.84999999999975, -8.185028537881912, -12.672294255999873
13.859999999999749, -8.312241980441911, -12.770394255999861
13.869999999999749, -8.440436423001909, -12.868494255999849
13.879999999999749, -8.569611865561907, -12.966594255999837
13.889999999999748, -8.699768308121905, -13.064694255999825
13.899999999999748, -8.830905750681904, -13.162794255999813
13.909999999999748, -8.963024193241901, -13.260894255999801
13.919999999999748, -9.096123635801899, -13.35899425599979
13.929999999999747, -9.230204078361897, -13.457094255999777
13.939999999999747, -9.365265520921895, -13.555194255999766
13.949999999999747, -9.501307963481892, -13.653294255999754
13.959999999999747, -9.638331406041889, -13.751394255999742
13.969999999999747, -9.776335848601887, -13.84949425599973
13.979999999999746, -9.915321291161884, -13.947594255999718
13.989999999999746, -10.055287733721881, -14.045694255999706
13.999999999999746, -10.196235176281878, -14.143794255999694
14.009999999999746, -10.338163618841875, -14.241894255999682
14.019999999999746, -10.481073061401872, -14.33999425599967
14.029999999999745, -10.624963503961869, -14.438094255999658
14.039999999999745, -10.769834946521865, -14.536194255999646
14.049999999999745, -10.915687389081862, -14.634294255999635
14.059999999999745, -11.062520831641859, -14.732394255999623
14.069999999999744, -11.210335274201855, -14.83049425599961
14.079999999999744, -11.35913071676185, -14.928594255999599
14.089999999999744, -11.508907159321847, -15.026694255999587
14.099999999999744, -11.659664601881843, -15.124794255999575
14.109999999999744, -11.811403044441839, -15.222894255999563
14.119999999999743, -11.964122487001834, -15.320994255999551
14.129999999999743, -12.117822929561829, -15.41909425599954
14.139999999999743, -12.272504372121825, -15.517194255999527
14.149999999999743, -12.42816681468182, -15.615294255999515
14.159999999999743, -12.584810257241815, -15.713394255999503
14.169999999999742, -12.742434699801809, -15.811494255999492
14.179999999999742, -12.901040142361804, -15.90959425599948
14.189999999999742, -13.060626584921799, -16.007694255999468
14.199999999999742, -13.221194027481793, -16.105794255999456
14.209999999999742, -13.382742470041787, -16.203894255999444
14.219999999999741, -13.545271912601782, -16.301994255999432
14.229999999999741, -13.708782355161777, -16.40009425599942
14.23999999999974, -13.87327379772177, -16.498194255999408
14.24999999999974, -14.038746240281764, -16.596294255999396
14.25999999999974, -14.205199682841759, -16.694394255999384
14.26999999999974, -14.372634125401753, -16.792494255999372
14.27999999999974, -14.541049567961746, -16.89059425599936
14.28999999999974, -14.71044601052174, -16.98869425599935
14.29999999999974, -14.880823453081733, -17.086794255999337
14.30999999999974, -15.052181895641727, -17.184894255999325
14.31999999999974, -15.22452133820172, -17.282994255999313
14.329999999999739, -15.397841780761713, -17.3810942559993
14.339999999999739, -15.572143223321707, -17.47919425599929
14.349999999999739, -15.7474256658817, -17.577294255999277
14.359999999999738, -15.923689108441692, -17.675394255999265
14.369999999999738, -16.100933551001685, -17.773494255999253
14.379999999999738, -16.279158993561676, -17.87159425599924
14.389999999999738, -16.458365436121667, -17.96969425599923
14.399999999999737, -16.638552878681658, -18.067794255999218
14.409999999999737, -16.81972132124165, -18.165894255999206
14.419999999999737, -17.001870763801644, -18.263994255999194
14.429999999999737, -17.185001206361637, -18.36209425599918
14.439999999999737, -17.36911264892163, -18.46019425599917
14.449999999999736, -17.55420509148162, -18.558294255999158
14.459999999999736, -17.74027853404161, -18.656394255999146
14.469999999999736, -17.9273329766016, -18.754494255999134
14.479999999999736, -18.11536841916159, -18.852594255999122
14.489999999999736, -18.304384861721584, -18.95069425599911
14.499999999999735, -18.494382304281576, -19.0487942559991
14.509999999999735, -18.685360746841567, -19.146894255999086
14.519999999999735, -18.87732018940156, -19.244994255999075
14.529999999999735, -19.07026063196155, -19.343094255999063
14.539999999999734, -19.26418207452154, -19.44119425599905
14.549999999999734, -19.45908451708153, -19.53929425599904
14.559999999999734, -19.654967959641517, -19.637394255999027
14.569999999999734, -19.85183240220151, -19.735494255999015
14.579999999999734, -20.0496778447615, -19.833594255999003
14.589999999999733, -20.24850428732149, -19.93169425599899
14.599999999999733, -20.448311729881482, -20.02979425599898
14.609999999999733, -20.64910017244147, -20.127894255998967
14.619999999999733, -20.85086961500146, -20.225994255998955
14.629999999999733, -21.05362005756145, -20.324094255998943
14.639999999999732, -21.257351500121437, -20.42219425599893
14.649999999999732, -21.462063942681425, -20.52029425599892
14.659999999999732, -21.667757385241416, -20.618394255998908
14.669999999999732, -21.874431827801406, -20.716494255998896
14.679999999999731, -22.082087270361395, -20.814594255998884
14.689999999999731, -22.290723712921384, -20.912694255998872
14.699999999999731, -22.500341155481372, -21.01079425599886
14.70999999999973, -22.71093959804136, -21.108894255998848
14.71999999999973, -22.922519040601347, -21.206994255998836
14.72999999999973, -23.135079483161334, -21.305094255998824
14.73999999999973, -23.348620925721324, -21.403194255998812
14.74999999999973, -23.563143368281313, -21.5012942559988
14.75999999999973, -23.778646810841302, -21.59939425599879
14.76999999999973, -23.99513125340129, -21.697494255998777
14.77999999999973, -24.212596695961278, -21.795594255998765
14.78999999999973, -24.431043138521265, -21.893694255998753
14.799999999999729, -24.65047058108125, -21.99179425599874
14.809999999999729, -24.870879023641237, -22.08989425599873
14.819999999999729, -25.092268466201226, -22.187994255998717
14.829999999999728, -25.314638908761214, -22.286094255998705
14.839999999999728, -25.537990351321202, -22.384194255998693
14.849999999999728, -25.76232279388119, -22.48229425599868
14.859999999999728, -25.987636236441176, -22.58039425599867
14.869999999999727, -26.213930679001162, -22.678494255998658
14.879999999999727, -26.441206121561148, -22.776594255998646
14.889999999999727, -26.669462564121133, -22.874694255998634
14.899999999999727, -26.898700006681118, -22.972794255998622
14.909999999999727, -27.128918449241105, -23.07089425599861
14.919999999999726, -27.360117891801092, -23.168994255998598
14.929999999999726, -27.59229833436108, -23.267094255998586
14.939999999999726, -27.825459776921065, -23.365194255998574
14.949999999999726, -28.05960221948105, -23.463294255998562
14.959999999999726, -28.294725662041035, -23.56139425599855
14.969999999999725, -28.53083010460102, -23.65949425599854
14.979999999999725, -28.767915547161003, -23.757594255998526
14.989999999999725, -29.00598198972099, -23.855694255998515
14.999999999999725, -29.245029432280976, -23.953794255998503
